trade_type,category_level,fiscal_year,category_code,category,unit,value_million_usd
exports,hs2_sections,2008-09,52,"HS52 — Cotton, Not Carded Or Combed",million USD,3288.7207500000086
exports,hs2_sections,2008-09,63,HS63 — Blankets and Traveling Rugs,million USD,2546.663385999999
exports,hs2_sections,2008-09,61,"HS61 — Gents Overcoats, Car-Coats, Caps, Cloaks and Anoraks etc.",million USD,2074.9712010000007
exports,hs2_sections,2008-09,10,HS10 — Wheat and Meslin,million USD,1784.6634330000002
exports,hs2_sections,2008-09,27,"HS27 — Mineral Tars, Including Reconstituted Tars",million USD,982.9764700000006
exports,hs2_sections,2008-09,62,"HS62 — Men's or Boys' Overcoats, Cloaks etc. Not Knitted etc",million USD,964.702139
exports,hs2_sections,2008-09,25,"HS25 — Salt, Pure Sodium Chloride, Sea Water",million USD,660.3163690000003
exports,hs2_sections,2008-09,41,HS41 — Raw Hides and Skins of Bovine or Equine Animals,million USD,482.66507599999983
exports,hs2_sections,2008-09,42,"HS42 — Saddlery, Harness, Traces and Leads etc.",million USD,416.3130950000001
exports,hs2_sections,2008-09,55,HS55 — Waste of Manmade Fibers Including Noils etc.,million USD,397.25031100000007
exports,hs2_sections,2008-09,95,"HS95 — Toys NES, Reduced Size, Puzzles of all Kinds",million USD,303.9844149999998
exports,hs2_sections,2008-09,39,"HS39 — Polymers of Ethylene, in Primary Forms",million USD,299.22882899999956
exports,hs2_sections,2008-09,90,HS90 — Optical Fibers and Bundles etc.,million USD,267.95037800000006
exports,hs2_sections,2008-09,58,HS58 — Woven Terry Fabrics and Tufted Textile Fabric NES,million USD,230.30139200000025
exports,hs2_sections,2008-09,03,"HS03 — Fish, Fresh or Chilled (Not Fish Fillets & other Fish Meat)",million USD,180.25307600000002
exports,hs2_sections,2008-09,57,"HS57 — Carpets and other Textile Floor Coverings, Knotted",million USD,169.96899199999996
exports,hs2_sections,2008-09,08,HS08 — Other Nuts NES Fresh or Dried Whether Shelled or Peeled,million USD,161.4120790000001
exports,hs2_sections,2008-09,84,HS84 — Central Heat Boilers NES and Its Parts,million USD,158.6603349999997
exports,hs2_sections,2008-09,17,HS17 — Cane or Beet Sugar and Sucrose in Solid Form,million USD,157.29817899999998
exports,hs2_sections,2008-09,22,"HS22 — Waters, Natural etc. Not Sweetened, Ice and Snow",million USD,143.74684000000002
exports,hs2_sections,2008-09,94,"HS94 — Seats and Parts Except Barber, Dental etc.",million USD,129.771107
exports,hs2_sections,2008-09,15,HS15 — Wool Grease Fatty Substances Derived there from,million USD,127.46542699999998
exports,hs2_sections,2008-09,12,HS12 — Other Oil Seeds and Oleaginous Fruits NES,million USD,91.35495199999998
exports,hs2_sections,2008-09,30,HS30 — Glands and other Organs for Organo-Therapeutic Uses,million USD,90.438313
exports,hs2_sections,2008-09,02,"HS02 — Meat of Bovine Animals, Fresh or Chilled",million USD,90.18900499999995
exports,hs2_sections,2008-09,64,"HS64 — Waterproof Footwear, Rubber or Plastics, Bond Sole",million USD,90.00710799999993
exports,hs2_sections,2008-09,85,HS85 — Electric Motors and Generators,million USD,85.28587800000011
exports,hs2_sections,2008-09,26,HS26 — Iron Ores and Concentrates,million USD,83.67511500000009
exports,hs2_sections,2008-09,73,"HS73 — Sheet Piling of Iron or Steel, Welded Angles etc.",million USD,74.86334000000005
exports,hs2_sections,2008-09,60,HS60 — Pile Fabrics and Terry Fabrics Knitted or Crocheted,million USD,68.966944
exports,hs2_sections,2008-09,93,"HS93 — Bombs, Grenades, Cartridges and Parts",million USD,62.08732399999998
exports,hs2_sections,2008-09,16,HS16 — Sausages and Similar Products of Meat and Blood,million USD,61.07310999999998
exports,hs2_sections,2008-09,68,"HS68 — Setts, Curbstone and Flagstones, of Natural Stone",million USD,53.765153000000055
exports,hs2_sections,2008-09,59,HS59 — Gum Covered Fabric; Tracing Cloth; Paint Canvas,million USD,53.423448
exports,hs2_sections,2008-09,54,HS54 — Woven Fabric of Synthetic Filament Yarn,million USD,53.41912600000003
exports,hs2_sections,2008-09,07,"HS07 — Potatoes, Fresh or Chilled",million USD,49.426328999999996
exports,hs2_sections,2008-09,40,"HS40 — Natural Rubber, Balata, Chicle etc, Primary Form etc.",million USD,46.32649500000005
exports,hs2_sections,2008-09,29,HS29 — Halogenated Derivatives of Hydrocarbons,million USD,43.63324899999999
exports,hs2_sections,2008-09,48,"HS48 — Newsprint, in Rolls or Sheets",million USD,40.167825000000065
exports,hs2_sections,2008-09,50,HS50 — Silkworm Cocoons Suitable for Reeling,million USD,40.01777700000001
exports,hs2_sections,2008-09,04,"HS04 — Milk and Cream, Not Concentrated or Sweetened",million USD,38.211658999999976
exports,hs2_sections,2008-09,70,HS70 — Cullet and other Waste and Scrap of Glass,million USD,37.34286700000004
exports,hs2_sections,2008-09,87,HS87 — Tractors Other Than Work Trucks used for Short Distance,million USD,37.31725900000003
exports,hs2_sections,2008-09,13,"HS13 — Lac; Natural Gums, Resins, Gum-Resins and Balsams",million USD,36.69566099999997
exports,hs2_sections,2008-09,20,"HS20 — Vegetable, Fruit, Nuts Etc, Prep Or Pres By Vinegar Etc",million USD,36.016319
exports,hs2_sections,2008-09,82,"HS82 — Hand tools NES Like Blow, Torches, Anvils etc.",million USD,36.00240799999996
exports,hs2_sections,2008-09,74,"HS74 — Copper Mattes; Cement Copper, Precipitated Copper",million USD,33.06508199999999
exports,hs2_sections,2008-09,19,HS19 — Malt Extracts; Food Prep. of Flour etc. Under 50% Cocoa etc.,million USD,30.774688999999974
exports,hs2_sections,2008-09,72,"HS72 — Pig Iron and Spiegeleisen in Pigs, Blocks or Primary Form",million USD,30.63965600000001
exports,hs2_sections,2008-09,76,"HS76 — Aluminum, Unwrought",million USD,28.346949000000023
exports,hs2_sections,2008-09,11,HS11 — Wheat or Meslin Flour,million USD,27.974262000000017
exports,hs2_sections,2008-09,71,HS71 — Natural or Cultured Pearls Not Strung or Set,million USD,27.643988999999987
exports,hs2_sections,2008-09,36,HS36 — Propellant Powders,million USD,26.53141199999999
exports,hs2_sections,2008-09,34,"HS34 — Soap, Organic Surf-Act Products used for Soap",million USD,25.821115
exports,hs2_sections,2008-09,51,HS51 — Woven Fabrics of Carded Wool or Fine Animal Hair,million USD,22.96639699999999
exports,hs2_sections,2008-09,32,HS32 — Tanning Extracts of Vegetable Origin,million USD,21.937519000000012
exports,hs2_sections,2008-09,56,HS56 — Textile Wadding and Articles; Text Fiber Not Over 5 mm,million USD,21.761817000000015
exports,hs2_sections,2008-09,09,HS09 — Tea Whether or not Flavored,million USD,21.36352800000001
exports,hs2_sections,2008-09,81,"HS81 — Beryllium, Chromium, Germanium, Vanadium, Gallium etc.",million USD,21.253899
exports,hs2_sections,2008-09,28,"HS28 — Fluorine, Chlorine, Bromine and Iodine",million USD,19.484818999999995
exports,hs2_sections,2008-09,44,"HS44 — Fuel Wood, In Logs etc. Wood in Chips etc.",million USD,16.655744999999985
exports,hs2_sections,2008-09,69,"HS69 — Bricks, Blocks, Tiles and Ceramic Goods of Siliceous Earth",million USD,15.096432000000013
exports,hs2_sections,2008-09,05,"HS05 — Guts, Bladders, Stomachs of Animals (Not Fish) Fre/Ch/Fro",million USD,14.463287999999999
exports,hs2_sections,2008-09,33,HS33 — Odoriferous Mixtures as Raw Materials for Industry,million USD,13.912526000000012
exports,hs2_sections,2008-09,53,"HS53 — Flax, Raw or Processed but Not Spun, Flax Tow and Waste",million USD,12.594881999999997
exports,hs2_sections,2008-09,38,"HS38 — Artificial Graphite, Colloidal Graphite and Preparations",million USD,12.057895000000002
exports,hs2_sections,2008-09,96,"HS96 — Brooms, Brushes, Mops and Feather Dusters etc.",million USD,11.66261700000001
exports,hs2_sections,2008-09,23,"HS23 — Flour, Meal etc. of Meat etc, Not For Human",million USD,11.363187
exports,hs2_sections,2008-09,24,HS24 — Tobacco and Tobacco Refuse,million USD,9.563275999999997
exports,hs2_sections,2008-09,47,HS47 — Pulps of Fibrous Cellulosic Material NES,million USD,8.912099999999999
exports,hs2_sections,2008-09,35,"HS35 — Casein, Caseinates and other Casein Derivatives",million USD,7.349353000000002
exports,hs2_sections,2008-09,89,HS89 — Vessels for Transport of Persons or Goods,million USD,7.057020000000001
exports,hs2_sections,2008-09,21,"HS21 — Extracts etc of Coffee, Tea or Mate",million USD,6.424018999999999
exports,hs2_sections,2008-09,78,HS78 — Lead Pipes and Tubes Including Fittings Thereof,million USD,6.225301
exports,hs2_sections,2008-09,92,"HS92 — Pianos, Harpsichords and other Keyboard String Instruments",million USD,5.130972000000008
exports,hs2_sections,2008-09,99,HS99 — Fertilizers Excluding Animal or Vegetable Fertilizer,million USD,5.051898000000002
exports,hs2_sections,2008-09,49,"HS49 — Printed Books, Brochures and Similar Printed Matter",million USD,4.733578000000001
exports,hs2_sections,2008-09,01,"HS01 — Live Horses, Asses, Mules and Hinnies",million USD,4.218058999999998
exports,hs2_sections,2008-09,88,"HS88 — Aircraft, Powered, Spacecraft and Launch Vehicles",million USD,4.18332
exports,hs2_sections,2008-09,18,HS18 — Chocolate and other Food Products Containing Cocoa,million USD,3.488357
exports,hs2_sections,2008-09,14,HS14 — Vegetable Products NES,million USD,2.449413999999999
exports,hs2_sections,2008-09,75,"HS75 — Nickel Tubes, Pipes and Tube or Pipe Fittings",million USD,2.449153
exports,hs2_sections,2008-09,06,"HS06 — Other Live Plants and their Roots NES, Cuttings and Slips,",million USD,1.9322359999999996
exports,hs2_sections,2008-09,97,"HS97 — Paintings, Drawing etc By Hand",million USD,1.5563009999999997
exports,hs2_sections,2008-09,83,"HS83 — Bells, Gongs and the Like, Picture and Frames",million USD,1.5267879999999998
exports,hs2_sections,2008-09,79,HS79 — Articles of Zinc NES,million USD,1.3232089999999999
exports,hs2_sections,2008-09,65,HS65 — Felt Hats and Other Felt Headgear,million USD,1.1738210000000002
exports,hs2_sections,2008-09,91,"HS91 — Watch Movements, Complete and Assembled",million USD,1.045342
exports,hs2_sections,2008-09,80,"HS80 — Tin, Unwrought",million USD,0.966506
exports,hs2_sections,2008-09,43,HS43 — Raw Furskins NES,million USD,0.9288129999999999
exports,hs2_sections,2008-09,46,HS46 — Plaits etc and Products of Plaiting Materials,million USD,0.7484519999999998
exports,hs2_sections,2008-09,31,HS31 — Animal and Vegetable Fertilizer Not Chem. Treated,million USD,0.661443
exports,hs2_sections,2008-09,67,"HS67 — Artificial Flowers, Foliage and Fruit Parts thereof",million USD,0.2973660000000001
exports,hs2_sections,2008-09,66,"HS66 — Umbrellas, Sun Umbrellas and Other Umbrellas",million USD,0.252245
exports,hs2_sections,2008-09,86,HS86 — Other Rail Locomotives,million USD,0.192818
exports,hs2_sections,2008-09,45,HS45 — Agglomerated Cork and Articles Thereof,million USD,0.14662
exports,hs2_sections,2008-09,37,"HS37 — Photo Plates and Film Flat, Sensitized, Unexposed",million USD,0.133011
exports,hs2_sections,2009-10,52,"HS52 — Cotton, Not Carded Or Combed",million USD,3463.850678000012
exports,hs2_sections,2009-10,63,HS63 — Blankets and Traveling Rugs,million USD,2743.9485280000004
exports,hs2_sections,2009-10,10,HS10 — Wheat and Meslin,million USD,2172.6059890000015
exports,hs2_sections,2009-10,61,"HS61 — Gents Overcoats, Car-Coats, Caps, Cloaks and Anoraks etc.",million USD,2138.9421780000016
exports,hs2_sections,2009-10,27,"HS27 — Mineral Tars, Including Reconstituted Tars",million USD,1192.0970780000002
exports,hs2_sections,2009-10,62,"HS62 — Men's or Boys' Overcoats, Cloaks etc. Not Knitted etc",million USD,931.2105589999994
exports,hs2_sections,2009-10,25,"HS25 — Salt, Pure Sodium Chloride, Sea Water",million USD,582.2662920000001
exports,hs2_sections,2009-10,41,HS41 — Raw Hides and Skins of Bovine or Equine Animals,million USD,478.8569039999999
exports,hs2_sections,2009-10,55,HS55 — Waste of Manmade Fibers Including Noils etc.,million USD,395.42660500000017
exports,hs2_sections,2009-10,42,"HS42 — Saddlery, Harness, Traces and Leads etc.",million USD,367.61446799999993
exports,hs2_sections,2009-10,39,"HS39 — Polymers of Ethylene, in Primary Forms",million USD,358.4227669999998
exports,hs2_sections,2009-10,95,"HS95 — Toys NES, Reduced Size, Puzzles of all Kinds",million USD,317.06492600000007
exports,hs2_sections,2009-10,90,HS90 — Optical Fibers and Bundles etc.,million USD,267.2419770000001
exports,hs2_sections,2009-10,58,HS58 — Woven Terry Fabrics and Tufted Textile Fabric NES,million USD,232.38256600000022
exports,hs2_sections,2009-10,08,HS08 — Other Nuts NES Fresh or Dried Whether Shelled or Peeled,million USD,228.57386500000018
exports,hs2_sections,2009-10,72,"HS72 — Pig Iron and Spiegeleisen in Pigs, Blocks or Primary Form",million USD,216.93822299999985
exports,hs2_sections,2009-10,03,"HS03 — Fish, Fresh or Chilled (Not Fish Fillets & other Fish Meat)",million USD,160.5452630000003
exports,hs2_sections,2009-10,57,"HS57 — Carpets and other Textile Floor Coverings, Knotted",million USD,155.66666000000012
exports,hs2_sections,2009-10,26,HS26 — Iron Ores and Concentrates,million USD,153.88395799999995
exports,hs2_sections,2009-10,94,"HS94 — Seats and Parts Except Barber, Dental etc.",million USD,140.57337900000005
exports,hs2_sections,2009-10,84,HS84 — Central Heat Boilers NES and Its Parts,million USD,140.3595729999996
exports,hs2_sections,2009-10,02,"HS02 — Meat of Bovine Animals, Fresh or Chilled",million USD,120.7027839999999
exports,hs2_sections,2009-10,22,"HS22 — Waters, Natural etc. Not Sweetened, Ice and Snow",million USD,119.62424899999993
exports,hs2_sections,2009-10,71,HS71 — Natural or Cultured Pearls Not Strung or Set,million USD,111.71402300000001
exports,hs2_sections,2009-10,73,"HS73 — Sheet Piling of Iron or Steel, Welded Angles etc.",million USD,110.64094600000014
exports,hs2_sections,2009-10,15,HS15 — Wool Grease Fatty Substances Derived there from,million USD,104.05356399999995
exports,hs2_sections,2009-10,30,HS30 — Glands and other Organs for Organo-Therapeutic Uses,million USD,99.35664800000002
exports,hs2_sections,2009-10,29,HS29 — Halogenated Derivatives of Hydrocarbons,million USD,98.57240600000007
exports,hs2_sections,2009-10,17,HS17 — Cane or Beet Sugar and Sucrose in Solid Form,million USD,93.11230200000004
exports,hs2_sections,2009-10,07,"HS07 — Potatoes, Fresh or Chilled",million USD,92.434763
exports,hs2_sections,2009-10,64,"HS64 — Waterproof Footwear, Rubber or Plastics, Bond Sole",million USD,81.62578200000002
exports,hs2_sections,2009-10,38,"HS38 — Artificial Graphite, Colloidal Graphite and Preparations",million USD,78.08680800000012
exports,hs2_sections,2009-10,68,"HS68 — Setts, Curbstone and Flagstones, of Natural Stone",million USD,77.097535
exports,hs2_sections,2009-10,12,HS12 — Other Oil Seeds and Oleaginous Fruits NES,million USD,72.86923999999992
exports,hs2_sections,2009-10,60,HS60 — Pile Fabrics and Terry Fabrics Knitted or Crocheted,million USD,68.63168100000001
exports,hs2_sections,2009-10,20,"HS20 — Vegetable, Fruit, Nuts Etc, Prep Or Pres By Vinegar Etc",million USD,66.29972799999999
exports,hs2_sections,2009-10,74,"HS74 — Copper Mattes; Cement Copper, Precipitated Copper",million USD,64.01491899999999
exports,hs2_sections,2009-10,16,HS16 — Sausages and Similar Products of Meat and Blood,million USD,63.43665300000003
exports,hs2_sections,2009-10,59,HS59 — Gum Covered Fabric; Tracing Cloth; Paint Canvas,million USD,61.06107600000001
exports,hs2_sections,2009-10,54,HS54 — Woven Fabric of Synthetic Filament Yarn,million USD,52.59024100000001
exports,hs2_sections,2009-10,85,HS85 — Electric Motors and Generators,million USD,49.025029000000025
exports,hs2_sections,2009-10,28,"HS28 — Fluorine, Chlorine, Bromine and Iodine",million USD,48.717664999999954
exports,hs2_sections,2009-10,40,"HS40 — Natural Rubber, Balata, Chicle etc, Primary Form etc.",million USD,47.219276000000036
exports,hs2_sections,2009-10,48,"HS48 — Newsprint, in Rolls or Sheets",million USD,45.870905999999984
exports,hs2_sections,2009-10,11,HS11 — Wheat or Meslin Flour,million USD,45.438848000000014
exports,hs2_sections,2009-10,50,HS50 — Silkworm Cocoons Suitable for Reeling,million USD,42.60848600000002
exports,hs2_sections,2009-10,82,"HS82 — Hand tools NES Like Blow, Torches, Anvils etc.",million USD,42.452289000000015
exports,hs2_sections,2009-10,87,HS87 — Tractors Other Than Work Trucks used for Short Distance,million USD,39.72523600000001
exports,hs2_sections,2009-10,76,"HS76 — Aluminum, Unwrought",million USD,38.88809300000002
exports,hs2_sections,2009-10,13,"HS13 — Lac; Natural Gums, Resins, Gum-Resins and Balsams",million USD,31.093108000000004
exports,hs2_sections,2009-10,19,HS19 — Malt Extracts; Food Prep. of Flour etc. Under 50% Cocoa etc.,million USD,30.585125999999985
exports,hs2_sections,2009-10,09,HS09 — Tea Whether or not Flavored,million USD,29.115156999999986
exports,hs2_sections,2009-10,32,HS32 — Tanning Extracts of Vegetable Origin,million USD,28.529602999999994
exports,hs2_sections,2009-10,36,HS36 — Propellant Powders,million USD,26.088718000000004
exports,hs2_sections,2009-10,04,"HS04 — Milk and Cream, Not Concentrated or Sweetened",million USD,25.813582000000004
exports,hs2_sections,2009-10,23,"HS23 — Flour, Meal etc. of Meat etc, Not For Human",million USD,22.896901000000017
exports,hs2_sections,2009-10,34,"HS34 — Soap, Organic Surf-Act Products used for Soap",million USD,22.780627
exports,hs2_sections,2009-10,93,"HS93 — Bombs, Grenades, Cartridges and Parts",million USD,22.182718000000012
exports,hs2_sections,2009-10,70,HS70 — Cullet and other Waste and Scrap of Glass,million USD,20.371525999999992
exports,hs2_sections,2009-10,56,HS56 — Textile Wadding and Articles; Text Fiber Not Over 5 mm,million USD,20.16714999999999
exports,hs2_sections,2009-10,33,HS33 — Odoriferous Mixtures as Raw Materials for Industry,million USD,19.862609000000006
exports,hs2_sections,2009-10,44,"HS44 — Fuel Wood, In Logs etc. Wood in Chips etc.",million USD,19.537707999999995
exports,hs2_sections,2009-10,05,"HS05 — Guts, Bladders, Stomachs of Animals (Not Fish) Fre/Ch/Fro",million USD,18.706127999999993
exports,hs2_sections,2009-10,51,HS51 — Woven Fabrics of Carded Wool or Fine Animal Hair,million USD,17.856062
exports,hs2_sections,2009-10,78,HS78 — Lead Pipes and Tubes Including Fittings Thereof,million USD,16.776032999999998
exports,hs2_sections,2009-10,81,"HS81 — Beryllium, Chromium, Germanium, Vanadium, Gallium etc.",million USD,15.804516000000005
exports,hs2_sections,2009-10,24,HS24 — Tobacco and Tobacco Refuse,million USD,15.326890999999996
exports,hs2_sections,2009-10,69,"HS69 — Bricks, Blocks, Tiles and Ceramic Goods of Siliceous Earth",million USD,14.562365
exports,hs2_sections,2009-10,96,"HS96 — Brooms, Brushes, Mops and Feather Dusters etc.",million USD,14.372635000000002
exports,hs2_sections,2009-10,53,"HS53 — Flax, Raw or Processed but Not Spun, Flax Tow and Waste",million USD,13.014687
exports,hs2_sections,2009-10,88,"HS88 — Aircraft, Powered, Spacecraft and Launch Vehicles",million USD,10.160379
exports,hs2_sections,2009-10,92,"HS92 — Pianos, Harpsichords and other Keyboard String Instruments",million USD,9.51658300000001
exports,hs2_sections,2009-10,01,"HS01 — Live Horses, Asses, Mules and Hinnies",million USD,9.141366999999994
exports,hs2_sections,2009-10,35,"HS35 — Casein, Caseinates and other Casein Derivatives",million USD,8.971213
exports,hs2_sections,2009-10,21,"HS21 — Extracts etc of Coffee, Tea or Mate",million USD,8.539738
exports,hs2_sections,2009-10,89,HS89 — Vessels for Transport of Persons or Goods,million USD,5.826102
exports,hs2_sections,2009-10,14,HS14 — Vegetable Products NES,million USD,5.501615999999998
exports,hs2_sections,2009-10,49,"HS49 — Printed Books, Brochures and Similar Printed Matter",million USD,4.967052
exports,hs2_sections,2009-10,47,HS47 — Pulps of Fibrous Cellulosic Material NES,million USD,4.082051999999999
exports,hs2_sections,2009-10,83,"HS83 — Bells, Gongs and the Like, Picture and Frames",million USD,3.3925
exports,hs2_sections,2009-10,99,HS99 — Fertilizers Excluding Animal or Vegetable Fertilizer,million USD,2.869326999999999
exports,hs2_sections,2009-10,97,"HS97 — Paintings, Drawing etc By Hand",million USD,2.2091089999999998
exports,hs2_sections,2009-10,06,"HS06 — Other Live Plants and their Roots NES, Cuttings and Slips,",million USD,1.8513450000000005
exports,hs2_sections,2009-10,86,HS86 — Other Rail Locomotives,million USD,1.0607649999999997
exports,hs2_sections,2009-10,75,"HS75 — Nickel Tubes, Pipes and Tube or Pipe Fittings",million USD,1.060603
exports,hs2_sections,2009-10,65,HS65 — Felt Hats and Other Felt Headgear,million USD,0.9128440000000001
exports,hs2_sections,2009-10,46,HS46 — Plaits etc and Products of Plaiting Materials,million USD,0.808777
exports,hs2_sections,2009-10,91,"HS91 — Watch Movements, Complete and Assembled",million USD,0.7635439999999996
exports,hs2_sections,2009-10,43,HS43 — Raw Furskins NES,million USD,0.544781
exports,hs2_sections,2009-10,18,HS18 — Chocolate and other Food Products Containing Cocoa,million USD,0.42694499999999996
exports,hs2_sections,2009-10,79,HS79 — Articles of Zinc NES,million USD,0.335955
exports,hs2_sections,2009-10,37,"HS37 — Photo Plates and Film Flat, Sensitized, Unexposed",million USD,0.323128
exports,hs2_sections,2009-10,66,"HS66 — Umbrellas, Sun Umbrellas and Other Umbrellas",million USD,0.28682199999999997
exports,hs2_sections,2009-10,31,HS31 — Animal and Vegetable Fertilizer Not Chem. Treated,million USD,0.17964799999999997
exports,hs2_sections,2009-10,80,"HS80 — Tin, Unwrought",million USD,0.17004599999999997
exports,hs2_sections,2009-10,67,"HS67 — Artificial Flowers, Foliage and Fruit Parts thereof",million USD,0.16425800000000002
exports,hs2_sections,2009-10,45,HS45 — Agglomerated Cork and Articles Thereof,million USD,0.13317500000000002
exports,hs2_sections,2010-11,52,"HS52 — Cotton, Not Carded Or Combed",million USD,4758.5359650000155
exports,hs2_sections,2010-11,63,HS63 — Blankets and Traveling Rugs,million USD,3231.986919999998
exports,hs2_sections,2010-11,61,"HS61 — Gents Overcoats, Car-Coats, Caps, Cloaks and Anoraks etc.",million USD,2736.254032000003
exports,hs2_sections,2010-11,10,HS10 — Wheat and Meslin,million USD,2657.974335000002
exports,hs2_sections,2010-11,27,"HS27 — Mineral Tars, Including Reconstituted Tars",million USD,1706.6885129999996
exports,hs2_sections,2010-11,62,"HS62 — Men's or Boys' Overcoats, Cloaks etc. Not Knitted etc",million USD,1075.5916560000005
exports,hs2_sections,2010-11,55,HS55 — Waste of Manmade Fibers Including Noils etc.,million USD,599.1377929999994
exports,hs2_sections,2010-11,25,"HS25 — Salt, Pure Sodium Chloride, Sea Water",million USD,586.0045349999995
exports,hs2_sections,2010-11,42,"HS42 — Saddlery, Harness, Traces and Leads etc.",million USD,566.6812849999994
exports,hs2_sections,2010-11,41,HS41 — Raw Hides and Skins of Bovine or Equine Animals,million USD,548.5753059999998
exports,hs2_sections,2010-11,39,"HS39 — Polymers of Ethylene, in Primary Forms",million USD,494.2867170000005
exports,hs2_sections,2010-11,95,"HS95 — Toys NES, Reduced Size, Puzzles of all Kinds",million USD,343.8212729999996
exports,hs2_sections,2010-11,90,HS90 — Optical Fibers and Bundles etc.,million USD,300.90601399999986
exports,hs2_sections,2010-11,58,HS58 — Woven Terry Fabrics and Tufted Textile Fabric NES,million USD,295.30806899999965
exports,hs2_sections,2010-11,72,"HS72 — Pig Iron and Spiegeleisen in Pigs, Blocks or Primary Form",million USD,273.2318370000001
exports,hs2_sections,2010-11,08,HS08 — Other Nuts NES Fresh or Dried Whether Shelled or Peeled,million USD,269.8033190000002
exports,hs2_sections,2010-11,22,"HS22 — Waters, Natural etc. Not Sweetened, Ice and Snow",million USD,222.96661699999996
exports,hs2_sections,2010-11,03,"HS03 — Fish, Fresh or Chilled (Not Fish Fillets & other Fish Meat)",million USD,209.14103600000016
exports,hs2_sections,2010-11,84,HS84 — Central Heat Boilers NES and Its Parts,million USD,198.07898000000014
exports,hs2_sections,2010-11,02,"HS02 — Meat of Bovine Animals, Fresh or Chilled",million USD,192.6516800000002
exports,hs2_sections,2010-11,71,HS71 — Natural or Cultured Pearls Not Strung or Set,million USD,165.6049469999999
exports,hs2_sections,2010-11,57,"HS57 — Carpets and other Textile Floor Coverings, Knotted",million USD,153.16912400000015
exports,hs2_sections,2010-11,07,"HS07 — Potatoes, Fresh or Chilled",million USD,151.6926780000001
exports,hs2_sections,2010-11,73,"HS73 — Sheet Piling of Iron or Steel, Welded Angles etc.",million USD,139.94002400000022
exports,hs2_sections,2010-11,26,HS26 — Iron Ores and Concentrates,million USD,135.83574899999985
exports,hs2_sections,2010-11,94,"HS94 — Seats and Parts Except Barber, Dental etc.",million USD,129.08541099999997
exports,hs2_sections,2010-11,15,HS15 — Wool Grease Fatty Substances Derived there from,million USD,122.45797000000003
exports,hs2_sections,2010-11,30,HS30 — Glands and other Organs for Organo-Therapeutic Uses,million USD,107.34000399999987
exports,hs2_sections,2010-11,60,HS60 — Pile Fabrics and Terry Fabrics Knitted or Crocheted,million USD,105.12403800000003
exports,hs2_sections,2010-11,38,"HS38 — Artificial Graphite, Colloidal Graphite and Preparations",million USD,101.09083100000004
exports,hs2_sections,2010-11,64,"HS64 — Waterproof Footwear, Rubber or Plastics, Bond Sole",million USD,92.32926999999998
exports,hs2_sections,2010-11,20,"HS20 — Vegetable, Fruit, Nuts Etc, Prep Or Pres By Vinegar Etc",million USD,90.34454699999999
exports,hs2_sections,2010-11,16,HS16 — Sausages and Similar Products of Meat and Blood,million USD,89.59569599999999
exports,hs2_sections,2010-11,68,"HS68 — Setts, Curbstone and Flagstones, of Natural Stone",million USD,88.15242299999989
exports,hs2_sections,2010-11,74,"HS74 — Copper Mattes; Cement Copper, Precipitated Copper",million USD,86.63616
exports,hs2_sections,2010-11,85,HS85 — Electric Motors and Generators,million USD,82.569004
exports,hs2_sections,2010-11,48,"HS48 — Newsprint, in Rolls or Sheets",million USD,73.01574200000002
exports,hs2_sections,2010-11,54,HS54 — Woven Fabric of Synthetic Filament Yarn,million USD,72.42209099999997
exports,hs2_sections,2010-11,11,HS11 — Wheat or Meslin Flour,million USD,71.36596400000005
exports,hs2_sections,2010-11,29,HS29 — Halogenated Derivatives of Hydrocarbons,million USD,67.269075
exports,hs2_sections,2010-11,59,HS59 — Gum Covered Fabric; Tracing Cloth; Paint Canvas,million USD,63.164693
exports,hs2_sections,2010-11,17,HS17 — Cane or Beet Sugar and Sucrose in Solid Form,million USD,62.954247000000024
exports,hs2_sections,2010-11,12,HS12 — Other Oil Seeds and Oleaginous Fruits NES,million USD,59.066686000000026
exports,hs2_sections,2010-11,87,HS87 — Tractors Other Than Work Trucks used for Short Distance,million USD,55.91199600000006
exports,hs2_sections,2010-11,82,"HS82 — Hand tools NES Like Blow, Torches, Anvils etc.",million USD,55.55577699999998
exports,hs2_sections,2010-11,40,"HS40 — Natural Rubber, Balata, Chicle etc, Primary Form etc.",million USD,52.114332999999995
exports,hs2_sections,2010-11,50,HS50 — Silkworm Cocoons Suitable for Reeling,million USD,51.16950900000004
exports,hs2_sections,2010-11,76,"HS76 — Aluminum, Unwrought",million USD,50.270921999999985
exports,hs2_sections,2010-11,13,"HS13 — Lac; Natural Gums, Resins, Gum-Resins and Balsams",million USD,48.586743999999946
exports,hs2_sections,2010-11,19,HS19 — Malt Extracts; Food Prep. of Flour etc. Under 50% Cocoa etc.,million USD,47.18368999999994
exports,hs2_sections,2010-11,44,"HS44 — Fuel Wood, In Logs etc. Wood in Chips etc.",million USD,40.52526200000005
exports,hs2_sections,2010-11,23,"HS23 — Flour, Meal etc. of Meat etc, Not For Human",million USD,39.340213999999996
exports,hs2_sections,2010-11,32,HS32 — Tanning Extracts of Vegetable Origin,million USD,35.851825000000005
exports,hs2_sections,2010-11,28,"HS28 — Fluorine, Chlorine, Bromine and Iodine",million USD,35.585136
exports,hs2_sections,2010-11,05,"HS05 — Guts, Bladders, Stomachs of Animals (Not Fish) Fre/Ch/Fro",million USD,33.92658400000003
exports,hs2_sections,2010-11,51,HS51 — Woven Fabrics of Carded Wool or Fine Animal Hair,million USD,31.924054999999974
exports,hs2_sections,2010-11,09,HS09 — Tea Whether or not Flavored,million USD,31.77460399999999
exports,hs2_sections,2010-11,56,HS56 — Textile Wadding and Articles; Text Fiber Not Over 5 mm,million USD,31.724299999999992
exports,hs2_sections,2010-11,24,HS24 — Tobacco and Tobacco Refuse,million USD,30.79661
exports,hs2_sections,2010-11,36,HS36 — Propellant Powders,million USD,27.927175000000023
exports,hs2_sections,2010-11,53,"HS53 — Flax, Raw or Processed but Not Spun, Flax Tow and Waste",million USD,23.044999
exports,hs2_sections,2010-11,04,"HS04 — Milk and Cream, Not Concentrated or Sweetened",million USD,22.884447
exports,hs2_sections,2010-11,33,HS33 — Odoriferous Mixtures as Raw Materials for Industry,million USD,22.485586
exports,hs2_sections,2010-11,34,"HS34 — Soap, Organic Surf-Act Products used for Soap",million USD,19.736558999999986
exports,hs2_sections,2010-11,01,"HS01 — Live Horses, Asses, Mules and Hinnies",million USD,18.811831000000005
exports,hs2_sections,2010-11,69,"HS69 — Bricks, Blocks, Tiles and Ceramic Goods of Siliceous Earth",million USD,18.36822899999999
exports,hs2_sections,2010-11,70,HS70 — Cullet and other Waste and Scrap of Glass,million USD,17.810932999999988
exports,hs2_sections,2010-11,96,"HS96 — Brooms, Brushes, Mops and Feather Dusters etc.",million USD,17.038428999999983
exports,hs2_sections,2010-11,93,"HS93 — Bombs, Grenades, Cartridges and Parts",million USD,16.485719000000003
exports,hs2_sections,2010-11,81,"HS81 — Beryllium, Chromium, Germanium, Vanadium, Gallium etc.",million USD,15.524946999999996
exports,hs2_sections,2010-11,78,HS78 — Lead Pipes and Tubes Including Fittings Thereof,million USD,13.661755999999997
exports,hs2_sections,2010-11,92,"HS92 — Pianos, Harpsichords and other Keyboard String Instruments",million USD,10.007691
exports,hs2_sections,2010-11,35,"HS35 — Casein, Caseinates and other Casein Derivatives",million USD,9.866959999999997
exports,hs2_sections,2010-11,89,HS89 — Vessels for Transport of Persons or Goods,million USD,9.143867000000002
exports,hs2_sections,2010-11,21,"HS21 — Extracts etc of Coffee, Tea or Mate",million USD,7.357094999999995
exports,hs2_sections,2010-11,14,HS14 — Vegetable Products NES,million USD,7.319135
exports,hs2_sections,2010-11,49,"HS49 — Printed Books, Brochures and Similar Printed Matter",million USD,6.695425999999993
exports,hs2_sections,2010-11,88,"HS88 — Aircraft, Powered, Spacecraft and Launch Vehicles",million USD,6.644296000000001
exports,hs2_sections,2010-11,99,HS99 — Fertilizers Excluding Animal or Vegetable Fertilizer,million USD,4.512387000000002
exports,hs2_sections,2010-11,83,"HS83 — Bells, Gongs and the Like, Picture and Frames",million USD,3.9905019999999998
exports,hs2_sections,2010-11,97,"HS97 — Paintings, Drawing etc By Hand",million USD,3.640213000000001
exports,hs2_sections,2010-11,47,HS47 — Pulps of Fibrous Cellulosic Material NES,million USD,2.499415
exports,hs2_sections,2010-11,06,"HS06 — Other Live Plants and their Roots NES, Cuttings and Slips,",million USD,2.4272519999999993
exports,hs2_sections,2010-11,80,"HS80 — Tin, Unwrought",million USD,2.149381
exports,hs2_sections,2010-11,46,HS46 — Plaits etc and Products of Plaiting Materials,million USD,1.9803440000000003
exports,hs2_sections,2010-11,91,"HS91 — Watch Movements, Complete and Assembled",million USD,1.1268090000000004
exports,hs2_sections,2010-11,43,HS43 — Raw Furskins NES,million USD,1.124992
exports,hs2_sections,2010-11,67,"HS67 — Artificial Flowers, Foliage and Fruit Parts thereof",million USD,0.772104
exports,hs2_sections,2010-11,86,HS86 — Other Rail Locomotives,million USD,0.7306369999999999
exports,hs2_sections,2010-11,79,HS79 — Articles of Zinc NES,million USD,0.635905
exports,hs2_sections,2010-11,65,HS65 — Felt Hats and Other Felt Headgear,million USD,0.5213790000000001
exports,hs2_sections,2010-11,18,HS18 — Chocolate and other Food Products Containing Cocoa,million USD,0.36795200000000006
exports,hs2_sections,2010-11,66,"HS66 — Umbrellas, Sun Umbrellas and Other Umbrellas",million USD,0.307628
exports,hs2_sections,2010-11,75,"HS75 — Nickel Tubes, Pipes and Tube or Pipe Fittings",million USD,0.19239
exports,hs2_sections,2010-11,37,"HS37 — Photo Plates and Film Flat, Sensitized, Unexposed",million USD,0.136929
exports,hs2_sections,2010-11,31,HS31 — Animal and Vegetable Fertilizer Not Chem. Treated,million USD,0.13692200000000002
exports,hs2_sections,2010-11,45,HS45 — Agglomerated Cork and Articles Thereof,million USD,0.038724
exports,hs2_sections,2011-12,52,"HS52 — Cotton, Not Carded Or Combed",million USD,4946.902004999987
exports,hs2_sections,2011-12,63,HS63 — Blankets and Traveling Rugs,million USD,3283.8700570000015
exports,hs2_sections,2011-12,61,"HS61 — Gents Overcoats, Car-Coats, Caps, Cloaks and Anoraks etc.",million USD,2339.556407000002
exports,hs2_sections,2011-12,10,HS10 — Wheat and Meslin,million USD,2245.454394999997
exports,hs2_sections,2011-12,62,"HS62 — Men's or Boys' Overcoats, Cloaks etc. Not Knitted etc",million USD,1402.1386210000012
exports,hs2_sections,2011-12,27,"HS27 — Mineral Tars, Including Reconstituted Tars",million USD,1059.5199389999996
exports,hs2_sections,2011-12,25,"HS25 — Salt, Pure Sodium Chloride, Sea Water",million USD,645.5397250000009
exports,hs2_sections,2011-12,55,HS55 — Waste of Manmade Fibers Including Noils etc.,million USD,635.4690750000011
exports,hs2_sections,2011-12,42,"HS42 — Saddlery, Harness, Traces and Leads etc.",million USD,634.7929050000012
exports,hs2_sections,2011-12,39,"HS39 — Polymers of Ethylene, in Primary Forms",million USD,540.6298409999997
exports,hs2_sections,2011-12,41,HS41 — Raw Hides and Skins of Bovine or Equine Animals,million USD,507.5346239999993
exports,hs2_sections,2011-12,95,"HS95 — Toys NES, Reduced Size, Puzzles of all Kinds",million USD,366.0300350000001
exports,hs2_sections,2011-12,22,"HS22 — Waters, Natural etc. Not Sweetened, Ice and Snow",million USD,362.75924399999974
exports,hs2_sections,2011-12,90,HS90 — Optical Fibers and Bundles etc.,million USD,314.6503209999999
exports,hs2_sections,2011-12,72,"HS72 — Pig Iron and Spiegeleisen in Pigs, Blocks or Primary Form",million USD,267.19689400000027
exports,hs2_sections,2011-12,08,HS08 — Other Nuts NES Fresh or Dried Whether Shelled or Peeled,million USD,240.7916310000004
exports,hs2_sections,2011-12,73,"HS73 — Sheet Piling of Iron or Steel, Welded Angles etc.",million USD,224.70669600000002
exports,hs2_sections,2011-12,03,"HS03 — Fish, Fresh or Chilled (Not Fish Fillets & other Fish Meat)",million USD,221.90270600000002
exports,hs2_sections,2011-12,02,"HS02 — Meat of Bovine Animals, Fresh or Chilled",million USD,221.48683099999997
exports,hs2_sections,2011-12,71,HS71 — Natural or Cultured Pearls Not Strung or Set,million USD,217.711044
exports,hs2_sections,2011-12,58,HS58 — Woven Terry Fabrics and Tufted Textile Fabric NES,million USD,206.97020700000016
exports,hs2_sections,2011-12,84,HS84 — Central Heat Boilers NES and Its Parts,million USD,191.33522599999986
exports,hs2_sections,2011-12,13,"HS13 — Lac; Natural Gums, Resins, Gum-Resins and Balsams",million USD,162.29032199999995
exports,hs2_sections,2011-12,15,HS15 — Wool Grease Fatty Substances Derived there from,million USD,154.46356399999988
exports,hs2_sections,2011-12,57,"HS57 — Carpets and other Textile Floor Coverings, Knotted",million USD,153.0000239999999
exports,hs2_sections,2011-12,30,HS30 — Glands and other Organs for Organo-Therapeutic Uses,million USD,129.41512199999997
exports,hs2_sections,2011-12,16,HS16 — Sausages and Similar Products of Meat and Blood,million USD,120.59828500000005
exports,hs2_sections,2011-12,26,HS26 — Iron Ores and Concentrates,million USD,112.28194800000001
exports,hs2_sections,2011-12,94,"HS94 — Seats and Parts Except Barber, Dental etc.",million USD,102.679739
exports,hs2_sections,2011-12,74,"HS74 — Copper Mattes; Cement Copper, Precipitated Copper",million USD,101.83339199999992
exports,hs2_sections,2011-12,64,"HS64 — Waterproof Footwear, Rubber or Plastics, Bond Sole",million USD,96.9665769999999
exports,hs2_sections,2011-12,29,HS29 — Halogenated Derivatives of Hydrocarbons,million USD,94.4285840000001
exports,hs2_sections,2011-12,40,"HS40 — Natural Rubber, Balata, Chicle etc, Primary Form etc.",million USD,89.31493200000018
exports,hs2_sections,2011-12,17,HS17 — Cane or Beet Sugar and Sucrose in Solid Form,million USD,88.76819100000009
exports,hs2_sections,2011-12,07,"HS07 — Potatoes, Fresh or Chilled",million USD,87.45383300000002
exports,hs2_sections,2011-12,20,"HS20 — Vegetable, Fruit, Nuts Etc, Prep Or Pres By Vinegar Etc",million USD,72.88179100000008
exports,hs2_sections,2011-12,38,"HS38 — Artificial Graphite, Colloidal Graphite and Preparations",million USD,70.16698699999993
exports,hs2_sections,2011-12,87,HS87 — Tractors Other Than Work Trucks used for Short Distance,million USD,67.39695199999987
exports,hs2_sections,2011-12,85,HS85 — Electric Motors and Generators,million USD,66.84174999999996
exports,hs2_sections,2011-12,48,"HS48 — Newsprint, in Rolls or Sheets",million USD,65.14018700000005
exports,hs2_sections,2011-12,60,HS60 — Pile Fabrics and Terry Fabrics Knitted or Crocheted,million USD,61.84990299999998
exports,hs2_sections,2011-12,76,"HS76 — Aluminum, Unwrought",million USD,60.333504
exports,hs2_sections,2011-12,12,HS12 — Other Oil Seeds and Oleaginous Fruits NES,million USD,59.89052299999997
exports,hs2_sections,2011-12,82,"HS82 — Hand tools NES Like Blow, Torches, Anvils etc.",million USD,59.21316899999997
exports,hs2_sections,2011-12,11,HS11 — Wheat or Meslin Flour,million USD,59.036643000000005
exports,hs2_sections,2011-12,05,"HS05 — Guts, Bladders, Stomachs of Animals (Not Fish) Fre/Ch/Fro",million USD,58.02732899999999
exports,hs2_sections,2011-12,54,HS54 — Woven Fabric of Synthetic Filament Yarn,million USD,56.55773399999998
exports,hs2_sections,2011-12,19,HS19 — Malt Extracts; Food Prep. of Flour etc. Under 50% Cocoa etc.,million USD,53.466013999999916
exports,hs2_sections,2011-12,68,"HS68 — Setts, Curbstone and Flagstones, of Natural Stone",million USD,49.74563900000003
exports,hs2_sections,2011-12,09,HS09 — Tea Whether or not Flavored,million USD,45.524202000000045
exports,hs2_sections,2011-12,44,"HS44 — Fuel Wood, In Logs etc. Wood in Chips etc.",million USD,38.95814199999997
exports,hs2_sections,2011-12,59,HS59 — Gum Covered Fabric; Tracing Cloth; Paint Canvas,million USD,38.244170999999994
exports,hs2_sections,2011-12,50,HS50 — Silkworm Cocoons Suitable for Reeling,million USD,38.21315599999999
exports,hs2_sections,2011-12,28,"HS28 — Fluorine, Chlorine, Bromine and Iodine",million USD,36.36809000000002
exports,hs2_sections,2011-12,32,HS32 — Tanning Extracts of Vegetable Origin,million USD,34.952308
exports,hs2_sections,2011-12,23,"HS23 — Flour, Meal etc. of Meat etc, Not For Human",million USD,31.672935000000027
exports,hs2_sections,2011-12,24,HS24 — Tobacco and Tobacco Refuse,million USD,28.315685999999985
exports,hs2_sections,2011-12,36,HS36 — Propellant Powders,million USD,25.575502999999983
exports,hs2_sections,2011-12,33,HS33 — Odoriferous Mixtures as Raw Materials for Industry,million USD,22.227367999999988
exports,hs2_sections,2011-12,53,"HS53 — Flax, Raw or Processed but Not Spun, Flax Tow and Waste",million USD,22.016173
exports,hs2_sections,2011-12,34,"HS34 — Soap, Organic Surf-Act Products used for Soap",million USD,21.411973999999994
exports,hs2_sections,2011-12,69,"HS69 — Bricks, Blocks, Tiles and Ceramic Goods of Siliceous Earth",million USD,20.743573999999995
exports,hs2_sections,2011-12,56,HS56 — Textile Wadding and Articles; Text Fiber Not Over 5 mm,million USD,19.959395000000004
exports,hs2_sections,2011-12,04,"HS04 — Milk and Cream, Not Concentrated or Sweetened",million USD,19.472459999999998
exports,hs2_sections,2011-12,93,"HS93 — Bombs, Grenades, Cartridges and Parts",million USD,17.057097999999996
exports,hs2_sections,2011-12,96,"HS96 — Brooms, Brushes, Mops and Feather Dusters etc.",million USD,17.046582000000004
exports,hs2_sections,2011-12,21,"HS21 — Extracts etc of Coffee, Tea or Mate",million USD,15.969259000000006
exports,hs2_sections,2011-12,51,HS51 — Woven Fabrics of Carded Wool or Fine Animal Hair,million USD,15.779850999999997
exports,hs2_sections,2011-12,78,HS78 — Lead Pipes and Tubes Including Fittings Thereof,million USD,15.223451999999996
exports,hs2_sections,2011-12,70,HS70 — Cullet and other Waste and Scrap of Glass,million USD,13.622890000000014
exports,hs2_sections,2011-12,81,"HS81 — Beryllium, Chromium, Germanium, Vanadium, Gallium etc.",million USD,11.458843999999996
exports,hs2_sections,2011-12,35,"HS35 — Casein, Caseinates and other Casein Derivatives",million USD,10.504859000000005
exports,hs2_sections,2011-12,01,"HS01 — Live Horses, Asses, Mules and Hinnies",million USD,9.889158
exports,hs2_sections,2011-12,88,"HS88 — Aircraft, Powered, Spacecraft and Launch Vehicles",million USD,7.989908
exports,hs2_sections,2011-12,89,HS89 — Vessels for Transport of Persons or Goods,million USD,6.062066999999999
exports,hs2_sections,2011-12,14,HS14 — Vegetable Products NES,million USD,5.961936999999999
exports,hs2_sections,2011-12,99,HS99 — Fertilizers Excluding Animal or Vegetable Fertilizer,million USD,5.7023909999999995
exports,hs2_sections,2011-12,92,"HS92 — Pianos, Harpsichords and other Keyboard String Instruments",million USD,5.674832000000002
exports,hs2_sections,2011-12,49,"HS49 — Printed Books, Brochures and Similar Printed Matter",million USD,5.175464999999999
exports,hs2_sections,2011-12,37,"HS37 — Photo Plates and Film Flat, Sensitized, Unexposed",million USD,3.331227
exports,hs2_sections,2011-12,83,"HS83 — Bells, Gongs and the Like, Picture and Frames",million USD,2.259507999999999
exports,hs2_sections,2011-12,06,"HS06 — Other Live Plants and their Roots NES, Cuttings and Slips,",million USD,1.9667680000000003
exports,hs2_sections,2011-12,46,HS46 — Plaits etc and Products of Plaiting Materials,million USD,1.8543250000000002
exports,hs2_sections,2011-12,79,HS79 — Articles of Zinc NES,million USD,1.1504210000000004
exports,hs2_sections,2011-12,91,"HS91 — Watch Movements, Complete and Assembled",million USD,0.7488600000000001
exports,hs2_sections,2011-12,65,HS65 — Felt Hats and Other Felt Headgear,million USD,0.7124219999999999
exports,hs2_sections,2011-12,97,"HS97 — Paintings, Drawing etc By Hand",million USD,0.5260120000000004
exports,hs2_sections,2011-12,47,HS47 — Pulps of Fibrous Cellulosic Material NES,million USD,0.49562500000000004
exports,hs2_sections,2011-12,86,HS86 — Other Rail Locomotives,million USD,0.442884
exports,hs2_sections,2011-12,80,"HS80 — Tin, Unwrought",million USD,0.43538600000000005
exports,hs2_sections,2011-12,43,HS43 — Raw Furskins NES,million USD,0.416355
exports,hs2_sections,2011-12,18,HS18 — Chocolate and other Food Products Containing Cocoa,million USD,0.364378
exports,hs2_sections,2011-12,66,"HS66 — Umbrellas, Sun Umbrellas and Other Umbrellas",million USD,0.298804
exports,hs2_sections,2011-12,75,"HS75 — Nickel Tubes, Pipes and Tube or Pipe Fittings",million USD,0.14577700000000002
exports,hs2_sections,2011-12,31,HS31 — Animal and Vegetable Fertilizer Not Chem. Treated,million USD,0.134002
exports,hs2_sections,2011-12,67,"HS67 — Artificial Flowers, Foliage and Fruit Parts thereof",million USD,0.069142
exports,hs2_sections,2011-12,45,HS45 — Agglomerated Cork and Articles Thereof,million USD,0.026985000000000002
exports,hs2_sections,2012-13,52,"HS52 — Cotton, Not Carded Or Combed",million USD,5017.407378999997
exports,hs2_sections,2012-13,63,HS63 — Blankets and Traveling Rugs,million USD,3307.829445999991
exports,hs2_sections,2012-13,61,"HS61 — Gents Overcoats, Car-Coats, Caps, Cloaks and Anoraks etc.",million USD,2062.5910179999964
exports,hs2_sections,2012-13,10,HS10 — Wheat and Meslin,million USD,2057.208915000001
exports,hs2_sections,2012-13,62,"HS62 — Men's or Boys' Overcoats, Cloaks etc. Not Knitted etc",million USD,1641.827773000001
exports,hs2_sections,2012-13,25,"HS25 — Salt, Pure Sodium Chloride, Sea Water",million USD,703.0148540000001
exports,hs2_sections,2012-13,27,"HS27 — Mineral Tars, Including Reconstituted Tars",million USD,676.7745889999999
exports,hs2_sections,2012-13,42,"HS42 — Saddlery, Harness, Traces and Leads etc.",million USD,630.576073999999
exports,hs2_sections,2012-13,17,HS17 — Cane or Beet Sugar and Sucrose in Solid Form,million USD,558.2595440000003
exports,hs2_sections,2012-13,41,HS41 — Raw Hides and Skins of Bovine or Equine Animals,million USD,536.043899000001
exports,hs2_sections,2012-13,39,"HS39 — Polymers of Ethylene, in Primary Forms",million USD,434.0007119999994
exports,hs2_sections,2012-13,55,HS55 — Waste of Manmade Fibers Including Noils etc.,million USD,431.61987399999924
exports,hs2_sections,2012-13,22,"HS22 — Waters, Natural etc. Not Sweetened, Ice and Snow",million USD,402.982521
exports,hs2_sections,2012-13,95,"HS95 — Toys NES, Reduced Size, Puzzles of all Kinds",million USD,352.808898
exports,hs2_sections,2012-13,90,HS90 — Optical Fibers and Bundles etc.,million USD,328.32844300000045
exports,hs2_sections,2012-13,08,HS08 — Other Nuts NES Fresh or Dried Whether Shelled or Peeled,million USD,274.296908
exports,hs2_sections,2012-13,03,"HS03 — Fish, Fresh or Chilled (Not Fish Fillets & other Fish Meat)",million USD,272.072131
exports,hs2_sections,2012-13,71,HS71 — Natural or Cultured Pearls Not Strung or Set,million USD,260.09844999999984
exports,hs2_sections,2012-13,02,"HS02 — Meat of Bovine Animals, Fresh or Chilled",million USD,240.52260599999974
exports,hs2_sections,2012-13,73,"HS73 — Sheet Piling of Iron or Steel, Welded Angles etc.",million USD,178.43363600000004
exports,hs2_sections,2012-13,72,"HS72 — Pig Iron and Spiegeleisen in Pigs, Blocks or Primary Form",million USD,167.4130350000001
exports,hs2_sections,2012-13,58,HS58 — Woven Terry Fabrics and Tufted Textile Fabric NES,million USD,161.89520999999982
exports,hs2_sections,2012-13,30,HS30 — Glands and other Organs for Organo-Therapeutic Uses,million USD,154.1511449999997
exports,hs2_sections,2012-13,13,"HS13 — Lac; Natural Gums, Resins, Gum-Resins and Balsams",million USD,148.28599699999992
exports,hs2_sections,2012-13,84,HS84 — Central Heat Boilers NES and Its Parts,million USD,143.0867730000003
exports,hs2_sections,2012-13,74,"HS74 — Copper Mattes; Cement Copper, Precipitated Copper",million USD,141.71106099999992
exports,hs2_sections,2012-13,15,HS15 — Wool Grease Fatty Substances Derived there from,million USD,133.18528
exports,hs2_sections,2012-13,57,"HS57 — Carpets and other Textile Floor Coverings, Knotted",million USD,131.24513600000006
exports,hs2_sections,2012-13,26,HS26 — Iron Ores and Concentrates,million USD,112.00153400000006
exports,hs2_sections,2012-13,12,HS12 — Other Oil Seeds and Oleaginous Fruits NES,million USD,100.981329
exports,hs2_sections,2012-13,94,"HS94 — Seats and Parts Except Barber, Dental etc.",million USD,99.1677
exports,hs2_sections,2012-13,85,HS85 — Electric Motors and Generators,million USD,97.36634300000003
exports,hs2_sections,2012-13,64,"HS64 — Waterproof Footwear, Rubber or Plastics, Bond Sole",million USD,96.40855600000013
exports,hs2_sections,2012-13,07,"HS07 — Potatoes, Fresh or Chilled",million USD,95.20076099999999
exports,hs2_sections,2012-13,40,"HS40 — Natural Rubber, Balata, Chicle etc, Primary Form etc.",million USD,85.23262300000003
exports,hs2_sections,2012-13,20,"HS20 — Vegetable, Fruit, Nuts Etc, Prep Or Pres By Vinegar Etc",million USD,75.03156200000004
exports,hs2_sections,2012-13,19,HS19 — Malt Extracts; Food Prep. of Flour etc. Under 50% Cocoa etc.,million USD,74.01389600000002
exports,hs2_sections,2012-13,16,HS16 — Sausages and Similar Products of Meat and Blood,million USD,68.92271599999998
exports,hs2_sections,2012-13,48,"HS48 — Newsprint, in Rolls or Sheets",million USD,67.90070999999992
exports,hs2_sections,2012-13,87,HS87 — Tractors Other Than Work Trucks used for Short Distance,million USD,64.78483400000005
exports,hs2_sections,2012-13,11,HS11 — Wheat or Meslin Flour,million USD,64.009125
exports,hs2_sections,2012-13,82,"HS82 — Hand tools NES Like Blow, Torches, Anvils etc.",million USD,61.67773500000005
exports,hs2_sections,2012-13,09,HS09 — Tea Whether or not Flavored,million USD,55.311704
exports,hs2_sections,2012-13,76,"HS76 — Aluminum, Unwrought",million USD,51.49802399999998
exports,hs2_sections,2012-13,60,HS60 — Pile Fabrics and Terry Fabrics Knitted or Crocheted,million USD,48.085568999999964
exports,hs2_sections,2012-13,38,"HS38 — Artificial Graphite, Colloidal Graphite and Preparations",million USD,47.860726000000014
exports,hs2_sections,2012-13,05,"HS05 — Guts, Bladders, Stomachs of Animals (Not Fish) Fre/Ch/Fro",million USD,46.20080600000003
exports,hs2_sections,2012-13,59,HS59 — Gum Covered Fabric; Tracing Cloth; Paint Canvas,million USD,44.76544699999999
exports,hs2_sections,2012-13,32,HS32 — Tanning Extracts of Vegetable Origin,million USD,44.16645999999999
exports,hs2_sections,2012-13,68,"HS68 — Setts, Curbstone and Flagstones, of Natural Stone",million USD,43.959101999999966
exports,hs2_sections,2012-13,23,"HS23 — Flour, Meal etc. of Meat etc, Not For Human",million USD,42.88323
exports,hs2_sections,2012-13,04,"HS04 — Milk and Cream, Not Concentrated or Sweetened",million USD,38.88690399999998
exports,hs2_sections,2012-13,44,"HS44 — Fuel Wood, In Logs etc. Wood in Chips etc.",million USD,38.19120600000001
exports,hs2_sections,2012-13,54,HS54 — Woven Fabric of Synthetic Filament Yarn,million USD,37.98232100000001
exports,hs2_sections,2012-13,50,HS50 — Silkworm Cocoons Suitable for Reeling,million USD,37.746269000000005
exports,hs2_sections,2012-13,29,HS29 — Halogenated Derivatives of Hydrocarbons,million USD,36.85262799999999
exports,hs2_sections,2012-13,28,"HS28 — Fluorine, Chlorine, Bromine and Iodine",million USD,33.093588000000004
exports,hs2_sections,2012-13,36,HS36 — Propellant Powders,million USD,29.992865999999996
exports,hs2_sections,2012-13,24,HS24 — Tobacco and Tobacco Refuse,million USD,28.99012199999999
exports,hs2_sections,2012-13,33,HS33 — Odoriferous Mixtures as Raw Materials for Industry,million USD,27.820121000000004
exports,hs2_sections,2012-13,34,"HS34 — Soap, Organic Surf-Act Products used for Soap",million USD,27.18073400000002
exports,hs2_sections,2012-13,69,"HS69 — Bricks, Blocks, Tiles and Ceramic Goods of Siliceous Earth",million USD,23.854160000000014
exports,hs2_sections,2012-13,21,"HS21 — Extracts etc of Coffee, Tea or Mate",million USD,21.012848000000005
exports,hs2_sections,2012-13,01,"HS01 — Live Horses, Asses, Mules and Hinnies",million USD,17.79894200000001
exports,hs2_sections,2012-13,51,HS51 — Woven Fabrics of Carded Wool or Fine Animal Hair,million USD,16.95078400000001
exports,hs2_sections,2012-13,53,"HS53 — Flax, Raw or Processed but Not Spun, Flax Tow and Waste",million USD,15.182047000000003
exports,hs2_sections,2012-13,93,"HS93 — Bombs, Grenades, Cartridges and Parts",million USD,13.783473000000004
exports,hs2_sections,2012-13,96,"HS96 — Brooms, Brushes, Mops and Feather Dusters etc.",million USD,13.518502
exports,hs2_sections,2012-13,70,HS70 — Cullet and other Waste and Scrap of Glass,million USD,12.394021000000004
exports,hs2_sections,2012-13,81,"HS81 — Beryllium, Chromium, Germanium, Vanadium, Gallium etc.",million USD,11.967875999999999
exports,hs2_sections,2012-13,78,HS78 — Lead Pipes and Tubes Including Fittings Thereof,million USD,9.991697000000002
exports,hs2_sections,2012-13,35,"HS35 — Casein, Caseinates and other Casein Derivatives",million USD,9.521538000000001
exports,hs2_sections,2012-13,89,HS89 — Vessels for Transport of Persons or Goods,million USD,8.368804999999998
exports,hs2_sections,2012-13,56,HS56 — Textile Wadding and Articles; Text Fiber Not Over 5 mm,million USD,8.167364000000001
exports,hs2_sections,2012-13,14,HS14 — Vegetable Products NES,million USD,7.8336
exports,hs2_sections,2012-13,49,"HS49 — Printed Books, Brochures and Similar Printed Matter",million USD,5.376781999999999
exports,hs2_sections,2012-13,88,"HS88 — Aircraft, Powered, Spacecraft and Launch Vehicles",million USD,4.856503000000001
exports,hs2_sections,2012-13,92,"HS92 — Pianos, Harpsichords and other Keyboard String Instruments",million USD,3.657678000000001
exports,hs2_sections,2012-13,83,"HS83 — Bells, Gongs and the Like, Picture and Frames",million USD,2.216112
exports,hs2_sections,2012-13,46,HS46 — Plaits etc and Products of Plaiting Materials,million USD,2.061918
exports,hs2_sections,2012-13,43,HS43 — Raw Furskins NES,million USD,1.6167870000000002
exports,hs2_sections,2012-13,06,"HS06 — Other Live Plants and their Roots NES, Cuttings and Slips,",million USD,1.5764349999999996
exports,hs2_sections,2012-13,99,HS99 — Fertilizers Excluding Animal or Vegetable Fertilizer,million USD,1.4985670000000009
exports,hs2_sections,2012-13,80,"HS80 — Tin, Unwrought",million USD,1.454415
exports,hs2_sections,2012-13,97,"HS97 — Paintings, Drawing etc By Hand",million USD,1.1499159999999997
exports,hs2_sections,2012-13,47,HS47 — Pulps of Fibrous Cellulosic Material NES,million USD,1.062004
exports,hs2_sections,2012-13,37,"HS37 — Photo Plates and Film Flat, Sensitized, Unexposed",million USD,0.932543
exports,hs2_sections,2012-13,18,HS18 — Chocolate and other Food Products Containing Cocoa,million USD,0.747953
exports,hs2_sections,2012-13,31,HS31 — Animal and Vegetable Fertilizer Not Chem. Treated,million USD,0.479532
exports,hs2_sections,2012-13,79,HS79 — Articles of Zinc NES,million USD,0.42963399999999996
exports,hs2_sections,2012-13,91,"HS91 — Watch Movements, Complete and Assembled",million USD,0.40686799999999995
exports,hs2_sections,2012-13,65,HS65 — Felt Hats and Other Felt Headgear,million USD,0.40215999999999996
exports,hs2_sections,2012-13,66,"HS66 — Umbrellas, Sun Umbrellas and Other Umbrellas",million USD,0.39995099999999995
exports,hs2_sections,2012-13,67,"HS67 — Artificial Flowers, Foliage and Fruit Parts thereof",million USD,0.30739099999999997
exports,hs2_sections,2012-13,75,"HS75 — Nickel Tubes, Pipes and Tube or Pipe Fittings",million USD,0.12234
exports,hs2_sections,2012-13,86,HS86 — Other Rail Locomotives,million USD,0.09850099999999999
exports,hs2_sections,2012-13,45,HS45 — Agglomerated Cork and Articles Thereof,million USD,0.072234
exports,hs2_sections,2013-14,52,"HS52 — Cotton, Not Carded Or Combed",million USD,5122.744248000003
exports,hs2_sections,2013-14,63,HS63 — Blankets and Traveling Rugs,million USD,3662.0846669999964
exports,hs2_sections,2013-14,61,"HS61 — Gents Overcoats, Car-Coats, Caps, Cloaks and Anoraks etc.",million USD,2253.1590079999996
exports,hs2_sections,2013-14,10,HS10 — Wheat and Meslin,million USD,2170.6386539999985
exports,hs2_sections,2013-14,62,"HS62 — Men's or Boys' Overcoats, Cloaks etc. Not Knitted etc",million USD,1824.9593270000023
exports,hs2_sections,2013-14,25,"HS25 — Salt, Pure Sodium Chloride, Sea Water",million USD,688.7616759999999
exports,hs2_sections,2013-14,41,HS41 — Raw Hides and Skins of Bovine or Equine Animals,million USD,593.9814380000004
exports,hs2_sections,2013-14,27,"HS27 — Coal, Briquettes and Ovoid etc. Manufactures of Coal",million USD,513.714066
exports,hs2_sections,2013-14,27,"HS27 — Mineral Tars, Including Reconstituted Tars",million USD,438.5676810000001
exports,hs2_sections,2013-14,17,HS17 — Cane or Beet Sugar and Sucrose in Solid Form,million USD,415.9269720000001
exports,hs2_sections,2013-14,39,"HS39 — Polymers of Ethylene, in Primary Forms",million USD,404.69373500000006
exports,hs2_sections,2013-14,42,"HS42 — Travel Goods, Handbags, Wallets, Jewelry Cases etc.",million USD,349.19483099999985
exports,hs2_sections,2013-14,42,"HS42 — Saddlery, Harness, Traces and Leads etc.",million USD,339.974609
exports,hs2_sections,2013-14,22,"HS22 — Waters, Natural etc. Not Sweetened, Ice and Snow",million USD,312.057306
exports,hs2_sections,2013-14,08,HS08 — Other Nuts NES Fresh or Dried Whether Shelled or Peeled,million USD,299.8054610000004
exports,hs2_sections,2013-14,02,"HS02 — Meat of Bovine Animals, Fresh or Chilled",million USD,247.42668100000003
exports,hs2_sections,2013-14,95,"HS95 — Wheel Toys for Children Like Tricycle, Scooters etc.",million USD,232.22903100000002
exports,hs2_sections,2013-14,55,HS55 — Waste of Manmade Fibers Including Noils etc.,million USD,215.77555499999997
exports,hs2_sections,2013-14,55,HS55 — Synthetic Filament Tow,million USD,197.0353159999998
exports,hs2_sections,2013-14,90,"HS90 — Frames and Mountings for Spectacles, Goggles etc.",million USD,185.8602010000002
exports,hs2_sections,2013-14,90,HS90 — Optical Fibers and Bundles etc.,million USD,183.42116499999992
exports,hs2_sections,2013-14,95,"HS95 — Toys NES, Reduced Size, Puzzles of all Kinds",million USD,178.672564
exports,hs2_sections,2013-14,03,"HS03 — Fish, Live",million USD,175.15705900000006
exports,hs2_sections,2013-14,03,"HS03 — Fish, Fresh or Chilled (Not Fish Fillets & other Fish Meat)",million USD,161.92957599999997
exports,hs2_sections,2013-14,30,HS30 — Glands and other Organs for Organo-Therapeutic Uses,million USD,154.3788660000002
exports,hs2_sections,2013-14,73,"HS73 — Sheet Piling of Iron or Steel, Welded Angles etc.",million USD,153.09141699999984
exports,hs2_sections,2013-14,57,"HS57 — Carpets and other Textile Floor Coverings, Knotted",million USD,132.25785099999996
exports,hs2_sections,2013-14,94,"HS94 — Seats and Parts Except Barber, Dental etc.",million USD,131.74137999999994
exports,hs2_sections,2013-14,74,"HS74 — Copper Mattes; Cement Copper, Precipitated Copper",million USD,129.581318
exports,hs2_sections,2013-14,07,"HS07 — Potatoes, Fresh or Chilled",million USD,122.29077000000001
exports,hs2_sections,2013-14,58,HS58 — Woven Terry Fabrics and Tufted Textile Fabric NES,million USD,117.92297600000003
exports,hs2_sections,2013-14,15,HS15 — Wool Grease Fatty Substances Derived there from,million USD,104.02463600000002
exports,hs2_sections,2013-14,74,"HS74 — Refined Copper and Copper Alloys, Unwrought",million USD,98.57813200000001
exports,hs2_sections,2013-14,85,HS85 — Electric Motors and Generators,million USD,89.08956800000001
exports,hs2_sections,2013-14,84,HS84 — Steam etc Generating Boilers NES,million USD,85.02536599999992
exports,hs2_sections,2013-14,72,"HS72 — Pig Iron and Spiegeleisen in Pigs, Blocks or Primary Form",million USD,80.471506
exports,hs2_sections,2013-14,40,"HS40 — Natural Rubber, Balata, Chicle etc, Primary Form etc.",million USD,77.45990199999994
exports,hs2_sections,2013-14,13,"HS13 — Lac; Natural Gums, Resins, Gum-Resins and Balsams",million USD,76.60765700000003
exports,hs2_sections,2013-14,09,HS09 — Tea Whether or not Flavored,million USD,75.77960500000003
exports,hs2_sections,2013-14,11,HS11 — Wheat or Meslin Flour,million USD,75.44311399999998
exports,hs2_sections,2013-14,04,"HS04 — Milk and Cream, Not Concentrated or Sweetened",million USD,74.02381999999996
exports,hs2_sections,2013-14,20,"HS20 — Vegetable, Fruit, Nuts Etc, Prep Or Pres By Vinegar Etc",million USD,73.230759
exports,hs2_sections,2013-14,19,HS19 — Malt Extracts; Food Prep. of Flour etc. Under 50% Cocoa etc.,million USD,64.73034500000001
exports,hs2_sections,2013-14,64,"HS64 — Footwear, Outer Sole and Upper Rubber or Plastic NES",million USD,63.27833300000002
exports,hs2_sections,2013-14,56,HS56 — Textile Wadding and Articles; Text Fiber Not Over 5 mm,million USD,61.198001000000005
exports,hs2_sections,2013-14,76,"HS76 — Aluminum, Unwrought",million USD,60.163203
exports,hs2_sections,2013-14,48,"HS48 — Paper Uncoated For Writing etc, Rolls; Handmade Paper",million USD,59.84990600000001
exports,hs2_sections,2013-14,48,"HS48 — Newsprint, in Rolls or Sheets",million USD,58.21630899999998
exports,hs2_sections,2013-14,12,HS12 — Other Oil Seeds and Oleaginous Fruits NES,million USD,55.670214999999956
exports,hs2_sections,2013-14,23,"HS23 — Bran, Sharps and other Residue",million USD,55.135262
exports,hs2_sections,2013-14,87,HS87 — Tractors Other Than Work Trucks used for Short Distance,million USD,55.128569
exports,hs2_sections,2013-14,71,HS71 — Natural or Cultured Pearls Not Strung or Set,million USD,55.02060199999998
exports,hs2_sections,2013-14,12,"HS12 — Soya beans, Whether or Not Broken",million USD,53.31705099999998
exports,hs2_sections,2013-14,64,"HS64 — Waterproof Footwear, Rubber or Plastics, Bond Sole",million USD,53.212869000000026
exports,hs2_sections,2013-14,26,HS26 — Iron Ores and Concentrates,million USD,52.98697900000003
exports,hs2_sections,2013-14,84,HS84 — Central Heat Boilers NES and Its Parts,million USD,52.93415199999997
exports,hs2_sections,2013-14,59,HS59 — Gum Covered Fabric; Tracing Cloth; Paint Canvas,million USD,52.55529100000001
exports,hs2_sections,2013-14,26,"HS26 — Slag, Dross, Scaling and Other Waste of Iron / Steel",million USD,50.07193500000001
exports,hs2_sections,2013-14,23,"HS23 — Flour, Meal etc. of Meat etc, Not For Human",million USD,47.55541000000001
exports,hs2_sections,2013-14,68,"HS68 — Setts, Curbstone and Flagstones, of Natural Stone",million USD,46.784853999999996
exports,hs2_sections,2013-14,60,HS60 — Pile Fabrics and Terry Fabrics Knitted or Crocheted,million USD,46.464198999999994
exports,hs2_sections,2013-14,32,HS32 — Tanning Extracts of Vegetable Origin,million USD,44.710055999999994
exports,hs2_sections,2013-14,44,"HS44 — Fuel Wood, In Logs etc. Wood in Chips etc.",million USD,41.310608
exports,hs2_sections,2013-14,05,"HS05 — Guts, Bladders, Stomachs of Animals (Not Fish) Fre/Ch/Fro",million USD,41.142865
exports,hs2_sections,2013-14,34,"HS34 — Soap, Organic Surf-Act Products used for Soap",million USD,38.00167600000002
exports,hs2_sections,2013-14,82,HS82 — Hand tools and Tools Used in Agriculture etc.,million USD,36.795763
exports,hs2_sections,2013-14,16,HS16 — Sausages and Similar Products of Meat and Blood,million USD,36.399560999999984
exports,hs2_sections,2013-14,38,HS38 — Activated Carbon etc. Animal Black,million USD,32.56585999999999
exports,hs2_sections,2013-14,82,"HS82 — Hand tools NES Like Blow, Torches, Anvils etc.",million USD,32.43285600000002
exports,hs2_sections,2013-14,29,HS29 — Halogenated Derivatives of Hydrocarbons,million USD,30.39947999999999
exports,hs2_sections,2013-14,38,"HS38 — Artificial Graphite, Colloidal Graphite and Preparations",million USD,30.332265999999986
exports,hs2_sections,2013-14,24,HS24 — Tobacco and Tobacco Refuse,million USD,26.764629000000006
exports,hs2_sections,2013-14,54,HS54 — Woven Fabric of Synthetic Filament Yarn,million USD,26.631424000000003
exports,hs2_sections,2013-14,50,HS50 — Silkworm Cocoons Suitable for Reeling,million USD,26.521262
exports,hs2_sections,2013-14,54,"HS54 — Synthetic Filament Yarn Not Sewing Thread, Not Retail",million USD,26.139759999999985
exports,hs2_sections,2013-14,33,HS33 — Odoriferous Mixtures as Raw Materials for Industry,million USD,25.379977000000004
exports,hs2_sections,2013-14,29,HS29 — Acyclic Hydrocarbons,million USD,20.45620600000001
exports,hs2_sections,2013-14,71,HS71 — Precious and Semi Precious Stones NES,million USD,19.286491000000005
exports,hs2_sections,2013-14,36,HS36 — Propellant Powders,million USD,17.994549999999997
exports,hs2_sections,2013-14,69,"HS69 — Bricks, Blocks, Tiles and Ceramic Goods of Siliceous Earth",million USD,16.652378
exports,hs2_sections,2013-14,96,"HS96 — Worked Ivory, Bone etc and Articles Thereof",million USD,15.176130999999996
exports,hs2_sections,2013-14,28,"HS28 — Sulfur, Sublimed or Precipitated, Colloidal Sulfur",million USD,14.722854000000007
exports,hs2_sections,2013-14,01,"HS01 — Live Horses, Asses, Mules and Hinnies",million USD,13.930257000000001
exports,hs2_sections,2013-14,28,"HS28 — Fluorine, Chlorine, Bromine and Iodine",million USD,13.855362999999999
exports,hs2_sections,2013-14,70,HS70 — Drawn and Blown Glass in Sheets etc.,million USD,12.001356999999995
exports,hs2_sections,2013-14,70,HS70 — Cullet and other Waste and Scrap of Glass,million USD,11.332899999999999
exports,hs2_sections,2013-14,21,HS21 — Sauces and Preparations thereof,million USD,10.927770999999996
exports,hs2_sections,2013-14,51,HS51 — Woven Fabrics of Carded Wool or Fine Animal Hair,million USD,10.839191000000003
exports,hs2_sections,2013-14,51,"HS51 — Yarn of Combed Wool, Not for Retail Sale",million USD,10.631264000000002
exports,hs2_sections,2013-14,93,"HS93 — Bombs, Grenades, Cartridges and Parts",million USD,8.959427999999999
exports,hs2_sections,2013-14,96,"HS96 — Brooms, Brushes, Mops and Feather Dusters etc.",million USD,6.8689769999999974
exports,hs2_sections,2013-14,21,"HS21 — Extracts etc of Coffee, Tea or Mate",million USD,6.509768999999998
exports,hs2_sections,2013-14,91,"HS91 — Watch Movements, Complete and Assembled",million USD,5.816647999999999
exports,hs2_sections,2013-14,78,HS78 — Lead Pipes and Tubes Including Fittings Thereof,million USD,5.261879
exports,hs2_sections,2013-14,89,HS89 — Vessels for Transport of Persons or Goods,million USD,5.131385999999999
exports,hs2_sections,2013-14,78,"HS78 — Lead, Unwrought",million USD,4.833982000000001
exports,hs2_sections,2013-14,49,"HS49 — Printed Books, Brochures and Similar Printed Matter",million USD,4.640451
exports,hs2_sections,2013-14,06,"HS06 — Other Live Plants and their Roots NES, Cuttings and Slips,",million USD,4.192896
exports,hs2_sections,2013-14,35,HS35 — Albumins and Albumin Derivatives,million USD,4.186973999999999
exports,hs2_sections,2013-14,88,"HS88 — Parts of Balloons etc. Aircraft, Spacecraft etc.",million USD,3.770162
exports,hs2_sections,2013-14,35,"HS35 — Casein, Caseinates and other Casein Derivatives",million USD,3.375836
exports,hs2_sections,2013-14,14,"HS14 — Vegetable Plaiting Materials Like Bamboos, Reeds etc.",million USD,3.3266999999999984
exports,hs2_sections,2013-14,88,"HS88 — Aircraft, Powered, Spacecraft and Launch Vehicles",million USD,2.961913
exports,hs2_sections,2013-14,53,"HS53 — Flax, Raw or Processed but Not Spun, Flax Tow and Waste",million USD,2.7990820000000007
exports,hs2_sections,2013-14,14,HS14 — Vegetable Products NES,million USD,2.646353000000001
exports,hs2_sections,2013-14,91,HS91 — Time of Day Recording Apparatus etc.,million USD,2.495742
exports,hs2_sections,2013-14,99,HS99 — Pharmaceutical Raw Materials for Conceptives,million USD,2.1054330000000006
exports,hs2_sections,2013-14,89,HS89 — Vessels and Floating Structures for Scrapping,million USD,1.95957
exports,hs2_sections,2013-14,92,"HS92 — Pianos, Harpsichords and other Keyboard String Instruments",million USD,1.9472640000000006
exports,hs2_sections,2013-14,81,HS81 — Zirconium and Articles Thereof Include. Waste and Scrap,million USD,1.450073
exports,hs2_sections,2013-14,83,"HS83 — Padlocks, Locks and Keys and Parts",million USD,1.4064090000000002
exports,hs2_sections,2013-14,92,"HS92 — Musical Boxes, Fairground Organs etc.",million USD,1.379227
exports,hs2_sections,2013-14,83,"HS83 — Bells, Gongs and the Like, Picture and Frames",million USD,1.192669
exports,hs2_sections,2013-14,46,HS46 — Plaits etc and Products of Plaiting Materials,million USD,1.1472580000000001
exports,hs2_sections,2013-14,81,"HS81 — Beryllium, Chromium, Germanium, Vanadium, Gallium etc.",million USD,1.0663219999999998
exports,hs2_sections,2013-14,18,HS18 — Chocolate and other Food Products Containing Cocoa,million USD,1.061307
exports,hs2_sections,2013-14,86,HS86 — Parts of Railway or Tramway Locomotives,million USD,1.034296
exports,hs2_sections,2013-14,79,"HS79 — Zinc Tubes, Pipes and Tube or Pipe Fittings",million USD,0.9318049999999998
exports,hs2_sections,2013-14,86,HS86 — Other Rail Locomotives,million USD,0.910246
exports,hs2_sections,2013-14,46,"HS46 — Basketwork, Wickerwork of Plait and other Articles",million USD,0.8251419999999999
exports,hs2_sections,2013-14,99,HS99 — Fertilizers Excluding Animal or Vegetable Fertilizer,million USD,0.7662299999999996
exports,hs2_sections,2013-14,53,HS53 — Woven Fabrics of Jute or Other Textile Bast Fibres,million USD,0.6734809999999999
exports,hs2_sections,2013-14,65,HS65 — Felt Hats and Other Felt Headgear,million USD,0.512745
exports,hs2_sections,2013-14,80,"HS80 — Tin, Unwrought",million USD,0.492369
exports,hs2_sections,2013-14,43,HS43 — Raw Furskins NES,million USD,0.44339000000000006
exports,hs2_sections,2013-14,79,HS79 — Articles of Zinc NES,million USD,0.38509
exports,hs2_sections,2013-14,37,HS37 — Photographic Plates and Film etc.,million USD,0.270095
exports,hs2_sections,2013-14,97,"HS97 — Paintings, Drawing etc By Hand",million USD,0.251622
exports,hs2_sections,2013-14,97,"HS97 — Original Engravings, Prints and Lithographs",million USD,0.23701200000000003
exports,hs2_sections,2013-14,65,"HS65 — Hat-Forms, Bodies and Hoods and Manchons of Felt",million USD,0.22841099999999995
exports,hs2_sections,2013-14,47,HS47 — Pulps of Fibrous Cellulosic Material NES,million USD,0.20651200000000003
exports,hs2_sections,2013-14,43,"HS43 — Tanned or Dressed Furskins including Heads, Tails etc.",million USD,0.185232
exports,hs2_sections,2013-14,67,"HS67 — Artificial Flowers, Foliage and Fruit Parts thereof",million USD,0.17143600000000003
exports,hs2_sections,2013-14,66,"HS66 — Umbrellas, Sun Umbrellas and Other Umbrellas",million USD,0.16643500000000006
exports,hs2_sections,2013-14,47,"HS47 — Chemical Wood pulp, Soda or Sulfate, Not Dissolving Grades",million USD,0.156343
exports,hs2_sections,2013-14,75,"HS75 — Nickel Tubes, Pipes and Tube or Pipe Fittings",million USD,0.10743
exports,hs2_sections,2013-14,66,"HS66 — Walking-Sticks, Seat-Sticks, Whips and Riding-Crops",million USD,0.055123
exports,hs2_sections,2013-14,31,HS31 — Animal and Vegetable Fertilizer Not Chem. Treated,million USD,0.052654999999999993
exports,hs2_sections,2013-14,37,"HS37 — Photo Plates and Film Flat, Sensitized, Unexposed",million USD,0.032507999999999995
exports,hs2_sections,2013-14,31,"HS31 — Mineral or Chem. Fertilizers, Nitrogenous",million USD,0.031632
exports,hs2_sections,2013-14,45,"HS45 — Natural Cork, Raw or Simply Prepared, Waste",million USD,0.029575
exports,hs2_sections,2013-14,45,HS45 — Agglomerated Cork and Articles Thereof,million USD,0.016494
exports,hs2_sections,2013-14,75,HS75 — Articles of Nickel NES,million USD,0.0
exports,hs2_sections,2014-15,52,"HS52 — Cotton, Not Carded Or Combed",million USD,4589.1965150000115
exports,hs2_sections,2014-15,63,HS63 — Blankets and Traveling Rugs,million USD,3895.193991000008
exports,hs2_sections,2014-15,61,"HS61 — Gents Overcoats, Car-Coats, Caps, Cloaks and Anoraks etc.",million USD,2329.904206000002
exports,hs2_sections,2014-15,10,HS10 — Wheat and Meslin,million USD,2072.115445
exports,hs2_sections,2014-15,62,"HS62 — Men's or Boys' Overcoats, Cloaks etc. Not Knitted etc",million USD,2035.8862259999978
exports,hs2_sections,2014-15,27,"HS27 — Coal, Briquettes and Ovoid etc. Manufactures of Coal",million USD,989.9549070000003
exports,hs2_sections,2014-15,42,"HS42 — Travel Goods, Handbags, Wallets, Jewelry Cases etc.",million USD,705.0127219999994
exports,hs2_sections,2014-15,25,"HS25 — Salt, Pure Sodium Chloride, Sea Water",million USD,621.6638060000004
exports,hs2_sections,2014-15,41,HS41 — Raw Hides and Skins of Bovine or Equine Animals,million USD,531.7314330000003
exports,hs2_sections,2014-15,39,"HS39 — Polymers of Ethylene, in Primary Forms",million USD,446.52095199999957
exports,hs2_sections,2014-15,95,"HS95 — Wheel Toys for Children Like Tricycle, Scooters etc.",million USD,436.0635549999997
exports,hs2_sections,2014-15,17,HS17 — Cane or Beet Sugar and Sucrose in Solid Form,million USD,425.8739259999991
exports,hs2_sections,2014-15,08,HS08 — Other Nuts NES Fresh or Dried Whether Shelled or Peeled,million USD,411.65664899999956
exports,hs2_sections,2014-15,90,"HS90 — Frames and Mountings for Spectacles, Goggles etc.",million USD,379.0317339999999
exports,hs2_sections,2014-15,55,HS55 — Synthetic Filament Tow,million USD,353.4776209999999
exports,hs2_sections,2014-15,03,"HS03 — Fish, Live",million USD,352.34323400000005
exports,hs2_sections,2014-15,22,"HS22 — Waters, Natural etc. Not Sweetened, Ice and Snow",million USD,321.35436799999997
exports,hs2_sections,2014-15,02,"HS02 — Meat of Bovine Animals, Fresh or Chilled",million USD,271.9240060000001
exports,hs2_sections,2014-15,30,HS30 — Glands and other Organs for Organo-Therapeutic Uses,million USD,213.1680740000002
exports,hs2_sections,2014-15,11,HS11 — Wheat or Meslin Flour,million USD,197.52003900000014
exports,hs2_sections,2014-15,74,"HS74 — Refined Copper and Copper Alloys, Unwrought",million USD,189.4060819999999
exports,hs2_sections,2014-15,73,"HS73 — Sheet Piling of Iron or Steel, Welded Angles etc.",million USD,157.471756
exports,hs2_sections,2014-15,07,"HS07 — Potatoes, Fresh or Chilled",million USD,152.258802
exports,hs2_sections,2014-15,84,HS84 — Steam etc Generating Boilers NES,million USD,133.46905599999997
exports,hs2_sections,2014-15,57,"HS57 — Carpets and other Textile Floor Coverings, Knotted",million USD,126.49641599999994
exports,hs2_sections,2014-15,64,"HS64 — Footwear, Outer Sole and Upper Rubber or Plastic NES",million USD,116.33052799999997
exports,hs2_sections,2014-15,94,"HS94 — Seats and Parts Except Barber, Dental etc.",million USD,106.32148900000006
exports,hs2_sections,2014-15,12,"HS12 — Soya beans, Whether or Not Broken",million USD,103.941723
exports,hs2_sections,2014-15,56,HS56 — Textile Wadding and Articles; Text Fiber Not Over 5 mm,million USD,103.68257900000006
exports,hs2_sections,2014-15,04,"HS04 — Milk and Cream, Not Concentrated or Sweetened",million USD,87.74884999999995
exports,hs2_sections,2014-15,26,"HS26 — Slag, Dross, Scaling and Other Waste of Iron / Steel",million USD,87.03226899999999
exports,hs2_sections,2014-15,85,HS85 — Electric Motors and Generators,million USD,85.98078899999999
exports,hs2_sections,2014-15,09,HS09 — Tea Whether or not Flavored,million USD,80.83784299999992
exports,hs2_sections,2014-15,58,HS58 — Woven Terry Fabrics and Tufted Textile Fabric NES,million USD,76.97824799999997
exports,hs2_sections,2014-15,15,HS15 — Wool Grease Fatty Substances Derived there from,million USD,75.637036
exports,hs2_sections,2014-15,13,"HS13 — Lac; Natural Gums, Resins, Gum-Resins and Balsams",million USD,71.44321500000001
exports,hs2_sections,2014-15,82,HS82 — Hand tools and Tools Used in Agriculture etc.,million USD,64.42417199999997
exports,hs2_sections,2014-15,48,"HS48 — Paper Uncoated For Writing etc, Rolls; Handmade Paper",million USD,63.52540299999999
exports,hs2_sections,2014-15,72,"HS72 — Pig Iron and Spiegeleisen in Pigs, Blocks or Primary Form",million USD,63.01855000000003
exports,hs2_sections,2014-15,20,"HS20 — Vegetable, Fruit, Nuts Etc, Prep Or Pres By Vinegar Etc",million USD,60.39749000000005
exports,hs2_sections,2014-15,40,"HS40 — Natural Rubber, Balata, Chicle etc, Primary Form etc.",million USD,59.83567599999996
exports,hs2_sections,2014-15,19,HS19 — Malt Extracts; Food Prep. of Flour etc. Under 50% Cocoa etc.,million USD,57.86627200000002
exports,hs2_sections,2014-15,38,HS38 — Activated Carbon etc. Animal Black,million USD,57.014736000000084
exports,hs2_sections,2014-15,29,HS29 — Acyclic Hydrocarbons,million USD,53.07964
exports,hs2_sections,2014-15,59,HS59 — Gum Covered Fabric; Tracing Cloth; Paint Canvas,million USD,48.357668
exports,hs2_sections,2014-15,76,"HS76 — Aluminum, Unwrought",million USD,45.56411200000001
exports,hs2_sections,2014-15,60,HS60 — Pile Fabrics and Terry Fabrics Knitted or Crocheted,million USD,44.44708199999999
exports,hs2_sections,2014-15,44,"HS44 — Fuel Wood, In Logs etc. Wood in Chips etc.",million USD,44.083568999999976
exports,hs2_sections,2014-15,87,HS87 — Tractors Other Than Work Trucks used for Short Distance,million USD,43.67212799999997
exports,hs2_sections,2014-15,54,"HS54 — Synthetic Filament Yarn Not Sewing Thread, Not Retail",million USD,42.43730300000002
exports,hs2_sections,2014-15,32,HS32 — Tanning Extracts of Vegetable Origin,million USD,42.007511000000044
exports,hs2_sections,2014-15,23,"HS23 — Bran, Sharps and other Residue",million USD,39.07486999999999
exports,hs2_sections,2014-15,68,"HS68 — Setts, Curbstone and Flagstones, of Natural Stone",million USD,38.61683000000001
exports,hs2_sections,2014-15,05,"HS05 — Guts, Bladders, Stomachs of Animals (Not Fish) Fre/Ch/Fro",million USD,37.49459499999996
exports,hs2_sections,2014-15,34,"HS34 — Soap, Organic Surf-Act Products used for Soap",million USD,33.72029800000004
exports,hs2_sections,2014-15,33,HS33 — Odoriferous Mixtures as Raw Materials for Industry,million USD,32.247438
exports,hs2_sections,2014-15,99,HS99 — Pharmaceutical Raw Materials for Conceptives,million USD,30.34192300000001
exports,hs2_sections,2014-15,96,"HS96 — Worked Ivory, Bone etc and Articles Thereof",million USD,29.451921999999975
exports,hs2_sections,2014-15,28,"HS28 — Sulfur, Sublimed or Precipitated, Colloidal Sulfur",million USD,27.83364999999998
exports,hs2_sections,2014-15,71,HS71 — Precious and Semi Precious Stones NES,million USD,26.652899999999995
exports,hs2_sections,2014-15,21,HS21 — Sauces and Preparations thereof,million USD,21.566025000000007
exports,hs2_sections,2014-15,70,HS70 — Drawn and Blown Glass in Sheets etc.,million USD,20.921242000000003
exports,hs2_sections,2014-15,16,HS16 — Sausages and Similar Products of Meat and Blood,million USD,19.234555999999998
exports,hs2_sections,2014-15,36,HS36 — Propellant Powders,million USD,16.250185
exports,hs2_sections,2014-15,24,HS24 — Tobacco and Tobacco Refuse,million USD,15.071260000000008
exports,hs2_sections,2014-15,51,"HS51 — Yarn of Combed Wool, Not for Retail Sale",million USD,13.49352300000001
exports,hs2_sections,2014-15,35,HS35 — Albumins and Albumin Derivatives,million USD,13.067459999999995
exports,hs2_sections,2014-15,69,"HS69 — Bricks, Blocks, Tiles and Ceramic Goods of Siliceous Earth",million USD,11.75904599999999
exports,hs2_sections,2014-15,01,"HS01 — Live Horses, Asses, Mules and Hinnies",million USD,7.707147999999997
exports,hs2_sections,2014-15,14,"HS14 — Vegetable Plaiting Materials Like Bamboos, Reeds etc.",million USD,6.481986000000001
exports,hs2_sections,2014-15,93,"HS93 — Bombs, Grenades, Cartridges and Parts",million USD,6.249282
exports,hs2_sections,2014-15,91,HS91 — Time of Day Recording Apparatus etc.,million USD,5.671027999999999
exports,hs2_sections,2014-15,50,HS50 — Silkworm Cocoons Suitable for Reeling,million USD,4.333594
exports,hs2_sections,2014-15,49,"HS49 — Printed Books, Brochures and Similar Printed Matter",million USD,3.8621359999999973
exports,hs2_sections,2014-15,81,HS81 — Zirconium and Articles Thereof Include. Waste and Scrap,million USD,3.6768360000000007
exports,hs2_sections,2014-15,83,"HS83 — Padlocks, Locks and Keys and Parts",million USD,3.4872080000000003
exports,hs2_sections,2014-15,53,HS53 — Woven Fabrics of Jute or Other Textile Bast Fibres,million USD,3.4299879999999994
exports,hs2_sections,2014-15,92,"HS92 — Musical Boxes, Fairground Organs etc.",million USD,3.041654999999999
exports,hs2_sections,2014-15,78,"HS78 — Lead, Unwrought",million USD,2.8028690000000003
exports,hs2_sections,2014-15,06,"HS06 — Other Live Plants and their Roots NES, Cuttings and Slips,",million USD,2.4544089999999996
exports,hs2_sections,2014-15,89,HS89 — Vessels and Floating Structures for Scrapping,million USD,1.644545
exports,hs2_sections,2014-15,46,"HS46 — Basketwork, Wickerwork of Plait and other Articles",million USD,1.618092
exports,hs2_sections,2014-15,43,"HS43 — Tanned or Dressed Furskins including Heads, Tails etc.",million USD,1.1319880000000002
exports,hs2_sections,2014-15,79,"HS79 — Zinc Tubes, Pipes and Tube or Pipe Fittings",million USD,1.056871
exports,hs2_sections,2014-15,65,"HS65 — Hat-Forms, Bodies and Hoods and Manchons of Felt",million USD,0.843945
exports,hs2_sections,2014-15,86,HS86 — Parts of Railway or Tramway Locomotives,million USD,0.8270690000000002
exports,hs2_sections,2014-15,47,"HS47 — Chemical Wood pulp, Soda or Sulfate, Not Dissolving Grades",million USD,0.5016120000000001
exports,hs2_sections,2014-15,97,"HS97 — Original Engravings, Prints and Lithographs",million USD,0.443463
exports,hs2_sections,2014-15,18,HS18 — Chocolate and other Food Products Containing Cocoa,million USD,0.41511200000000004
exports,hs2_sections,2014-15,66,"HS66 — Walking-Sticks, Seat-Sticks, Whips and Riding-Crops",million USD,0.206505
exports,hs2_sections,2014-15,80,"HS80 — Tin, Unwrought",million USD,0.17351999999999998
exports,hs2_sections,2014-15,31,"HS31 — Mineral or Chem. Fertilizers, Nitrogenous",million USD,0.152283
exports,hs2_sections,2014-15,37,HS37 — Photographic Plates and Film etc.,million USD,0.11282500000000001
exports,hs2_sections,2014-15,75,HS75 — Articles of Nickel NES,million USD,0.08716499999999999
exports,hs2_sections,2014-15,67,"HS67 — Artificial Flowers, Foliage and Fruit Parts thereof",million USD,0.050781999999999994
exports,hs2_sections,2014-15,45,"HS45 — Natural Cork, Raw or Simply Prepared, Waste",million USD,0.043897000000000005
exports,hs2_sections,2014-15,88,"HS88 — Parts of Balloons etc. Aircraft, Spacecraft etc.",million USD,0.0085
exports,hs2_sections,2015-16,63,HS63 — Blankets and Traveling Rugs,million USD,3803.211846999999
exports,hs2_sections,2015-16,52,"HS52 — Cotton, Not Carded Or Combed",million USD,3795.285757000001
exports,hs2_sections,2015-16,61,"HS61 — Gents Overcoats, Car-Coats, Caps, Cloaks and Anoraks etc.",million USD,2388.9682770000004
exports,hs2_sections,2015-16,62,"HS62 — Men's or Boys' Overcoats, Cloaks etc. Not Knitted etc",million USD,2149.447071999998
exports,hs2_sections,2015-16,10,HS10 — Wheat and Meslin,million USD,1894.7060520000016
exports,hs2_sections,2015-16,42,"HS42 — Travel Goods, Handbags, Wallets, Jewelry Cases etc.",million USD,612.8064540000012
exports,hs2_sections,2015-16,25,"HS25 — Salt, Pure Sodium Chloride, Sea Water",million USD,531.6272780000002
exports,hs2_sections,2015-16,27,"HS27 — Coal, Briquettes and Ovoid etc. Manufactures of Coal",million USD,521.7863449999999
exports,hs2_sections,2015-16,41,HS41 — Raw Hides and Skins of Bovine or Equine Animals,million USD,421.08099699999923
exports,hs2_sections,2015-16,95,"HS95 — Wheel Toys for Children Like Tricycle, Scooters etc.",million USD,420.0352180000005
exports,hs2_sections,2015-16,90,"HS90 — Frames and Mountings for Spectacles, Goggles etc.",million USD,398.74991500000004
exports,hs2_sections,2015-16,39,"HS39 — Polymers of Ethylene, in Primary Forms",million USD,386.69808399999926
exports,hs2_sections,2015-16,08,HS08 — Other Nuts NES Fresh or Dried Whether Shelled or Peeled,million USD,326.9954720000002
exports,hs2_sections,2015-16,03,"HS03 — Fish, Live",million USD,319.5903949999997
exports,hs2_sections,2015-16,55,HS55 — Synthetic Filament Tow,million USD,286.22855400000043
exports,hs2_sections,2015-16,22,"HS22 — Waters, Natural etc. Not Sweetened, Ice and Snow",million USD,263.3171319999997
exports,hs2_sections,2015-16,02,"HS02 — Meat of Bovine Animals, Fresh or Chilled",million USD,243.6193
exports,hs2_sections,2015-16,17,HS17 — Cane or Beet Sugar and Sucrose in Solid Form,million USD,231.62541199999998
exports,hs2_sections,2015-16,30,HS30 — Glands and other Organs for Organo-Therapeutic Uses,million USD,198.90949900000004
exports,hs2_sections,2015-16,74,"HS74 — Refined Copper and Copper Alloys, Unwrought",million USD,166.355101
exports,hs2_sections,2015-16,11,HS11 — Wheat or Meslin Flour,million USD,139.5319179999999
exports,hs2_sections,2015-16,07,"HS07 — Potatoes, Fresh or Chilled",million USD,135.95230099999978
exports,hs2_sections,2015-16,56,HS56 — Textile Wadding and Articles; Text Fiber Not Over 5 mm,million USD,120.47273099999997
exports,hs2_sections,2015-16,84,HS84 — Steam etc Generating Boilers NES,million USD,111.79120600000002
exports,hs2_sections,2015-16,58,HS58 — Woven Terry Fabrics and Tufted Textile Fabric NES,million USD,105.74003299999993
exports,hs2_sections,2015-16,57,"HS57 — Carpets and other Textile Floor Coverings, Knotted",million USD,104.36227900000002
exports,hs2_sections,2015-16,94,"HS94 — Seats and Parts Except Barber, Dental etc.",million USD,103.33578300000008
exports,hs2_sections,2015-16,73,"HS73 — Sheet Piling of Iron or Steel, Welded Angles etc.",million USD,99.69008900000001
exports,hs2_sections,2015-16,64,"HS64 — Footwear, Outer Sole and Upper Rubber or Plastic NES",million USD,98.55228100000001
exports,hs2_sections,2015-16,09,HS09 — Tea Whether or not Flavored,million USD,89.69968600000004
exports,hs2_sections,2015-16,48,"HS48 — Paper Uncoated For Writing etc, Rolls; Handmade Paper",million USD,77.91027400000002
exports,hs2_sections,2015-16,04,"HS04 — Milk and Cream, Not Concentrated or Sweetened",million USD,69.04222199999995
exports,hs2_sections,2015-16,38,HS38 — Activated Carbon etc. Animal Black,million USD,66.35093699999997
exports,hs2_sections,2015-16,85,HS85 — Electric Motors and Generators,million USD,62.85502400000004
exports,hs2_sections,2015-16,82,HS82 — Hand tools and Tools Used in Agriculture etc.,million USD,62.74475700000002
exports,hs2_sections,2015-16,15,HS15 — Wool Grease Fatty Substances Derived there from,million USD,61.86202299999999
exports,hs2_sections,2015-16,12,"HS12 — Soya beans, Whether or Not Broken",million USD,58.087377999999994
exports,hs2_sections,2015-16,40,"HS40 — Natural Rubber, Balata, Chicle etc, Primary Form etc.",million USD,57.14495100000002
exports,hs2_sections,2015-16,26,"HS26 — Slag, Dross, Scaling and Other Waste of Iron / Steel",million USD,55.69557799999995
exports,hs2_sections,2015-16,60,HS60 — Pile Fabrics and Terry Fabrics Knitted or Crocheted,million USD,53.49409000000002
exports,hs2_sections,2015-16,19,HS19 — Malt Extracts; Food Prep. of Flour etc. Under 50% Cocoa etc.,million USD,52.16144799999997
exports,hs2_sections,2015-16,20,"HS20 — Vegetable, Fruit, Nuts Etc, Prep Or Pres By Vinegar Etc",million USD,46.24784500000003
exports,hs2_sections,2015-16,44,"HS44 — Fuel Wood, In Logs etc. Wood in Chips etc.",million USD,40.544098999999974
exports,hs2_sections,2015-16,72,"HS72 — Pig Iron and Spiegeleisen in Pigs, Blocks or Primary Form",million USD,39.96310700000001
exports,hs2_sections,2015-16,76,"HS76 — Aluminum, Unwrought",million USD,35.58237800000001
exports,hs2_sections,2015-16,33,HS33 — Odoriferous Mixtures as Raw Materials for Industry,million USD,33.825497000000006
exports,hs2_sections,2015-16,23,"HS23 — Bran, Sharps and other Residue",million USD,32.134774
exports,hs2_sections,2015-16,87,HS87 — Tractors Other Than Work Trucks used for Short Distance,million USD,31.845618999999974
exports,hs2_sections,2015-16,68,"HS68 — Setts, Curbstone and Flagstones, of Natural Stone",million USD,30.915329000000018
exports,hs2_sections,2015-16,13,"HS13 — Lac; Natural Gums, Resins, Gum-Resins and Balsams",million USD,29.778202000000004
exports,hs2_sections,2015-16,32,HS32 — Tanning Extracts of Vegetable Origin,million USD,29.409026999999995
exports,hs2_sections,2015-16,05,"HS05 — Guts, Bladders, Stomachs of Animals (Not Fish) Fre/Ch/Fro",million USD,28.102857999999998
exports,hs2_sections,2015-16,28,"HS28 — Sulfur, Sublimed or Precipitated, Colloidal Sulfur",million USD,24.034249999999986
exports,hs2_sections,2015-16,34,"HS34 — Soap, Organic Surf-Act Products used for Soap",million USD,23.904751000000008
exports,hs2_sections,2015-16,21,HS21 — Sauces and Preparations thereof,million USD,21.34355200000002
exports,hs2_sections,2015-16,59,HS59 — Gum Covered Fabric; Tracing Cloth; Paint Canvas,million USD,17.426261000000007
exports,hs2_sections,2015-16,96,"HS96 — Worked Ivory, Bone etc and Articles Thereof",million USD,17.375264
exports,hs2_sections,2015-16,71,HS71 — Precious and Semi Precious Stones NES,million USD,15.647317
exports,hs2_sections,2015-16,54,"HS54 — Synthetic Filament Yarn Not Sewing Thread, Not Retail",million USD,15.432482999999996
exports,hs2_sections,2015-16,91,HS91 — Time of Day Recording Apparatus etc.,million USD,13.881347000000002
exports,hs2_sections,2015-16,36,HS36 — Propellant Powders,million USD,12.614896000000002
exports,hs2_sections,2015-16,16,HS16 — Sausages and Similar Products of Meat and Blood,million USD,12.279168000000002
exports,hs2_sections,2015-16,51,"HS51 — Yarn of Combed Wool, Not for Retail Sale",million USD,11.712631000000002
exports,hs2_sections,2015-16,24,HS24 — Tobacco and Tobacco Refuse,million USD,11.158853000000004
exports,hs2_sections,2015-16,29,HS29 — Acyclic Hydrocarbons,million USD,10.665813999999994
exports,hs2_sections,2015-16,70,HS70 — Drawn and Blown Glass in Sheets etc.,million USD,10.093713999999999
exports,hs2_sections,2015-16,35,HS35 — Albumins and Albumin Derivatives,million USD,9.393011000000003
exports,hs2_sections,2015-16,69,"HS69 — Bricks, Blocks, Tiles and Ceramic Goods of Siliceous Earth",million USD,8.970410999999988
exports,hs2_sections,2015-16,14,"HS14 — Vegetable Plaiting Materials Like Bamboos, Reeds etc.",million USD,6.566438999999999
exports,hs2_sections,2015-16,93,"HS93 — Bombs, Grenades, Cartridges and Parts",million USD,5.968647999999996
exports,hs2_sections,2015-16,50,HS50 — Silkworm Cocoons Suitable for Reeling,million USD,5.887581
exports,hs2_sections,2015-16,01,"HS01 — Live Horses, Asses, Mules and Hinnies",million USD,5.489620999999998
exports,hs2_sections,2015-16,92,"HS92 — Musical Boxes, Fairground Organs etc.",million USD,5.0664450000000025
exports,hs2_sections,2015-16,49,"HS49 — Printed Books, Brochures and Similar Printed Matter",million USD,4.204742
exports,hs2_sections,2015-16,89,HS89 — Vessels and Floating Structures for Scrapping,million USD,3.368079
exports,hs2_sections,2015-16,99,HS99 — Pharmaceutical Raw Materials for Conceptives,million USD,2.83391
exports,hs2_sections,2015-16,53,HS53 — Woven Fabrics of Jute or Other Textile Bast Fibres,million USD,2.6650500000000004
exports,hs2_sections,2015-16,06,"HS06 — Other Live Plants and their Roots NES, Cuttings and Slips,",million USD,2.523199999999999
exports,hs2_sections,2015-16,83,"HS83 — Padlocks, Locks and Keys and Parts",million USD,2.3131399999999998
exports,hs2_sections,2015-16,43,"HS43 — Tanned or Dressed Furskins including Heads, Tails etc.",million USD,1.3737589999999997
exports,hs2_sections,2015-16,46,"HS46 — Basketwork, Wickerwork of Plait and other Articles",million USD,1.2611419999999995
exports,hs2_sections,2015-16,47,"HS47 — Chemical Wood pulp, Soda or Sulfate, Not Dissolving Grades",million USD,0.974933
exports,hs2_sections,2015-16,78,"HS78 — Lead, Unwrought",million USD,0.9434520000000002
exports,hs2_sections,2015-16,65,"HS65 — Hat-Forms, Bodies and Hoods and Manchons of Felt",million USD,0.9356460000000001
exports,hs2_sections,2015-16,79,"HS79 — Zinc Tubes, Pipes and Tube or Pipe Fittings",million USD,0.700461
exports,hs2_sections,2015-16,81,HS81 — Zirconium and Articles Thereof Include. Waste and Scrap,million USD,0.516035
exports,hs2_sections,2015-16,18,HS18 — Chocolate and other Food Products Containing Cocoa,million USD,0.32506999999999997
exports,hs2_sections,2015-16,80,"HS80 — Tin, Unwrought",million USD,0.315688
exports,hs2_sections,2015-16,97,"HS97 — Original Engravings, Prints and Lithographs",million USD,0.23081000000000004
exports,hs2_sections,2015-16,88,"HS88 — Parts of Balloons etc. Aircraft, Spacecraft etc.",million USD,0.22851700000000003
exports,hs2_sections,2015-16,86,HS86 — Parts of Railway or Tramway Locomotives,million USD,0.22623700000000002
exports,hs2_sections,2015-16,37,HS37 — Photographic Plates and Film etc.,million USD,0.215244
exports,hs2_sections,2015-16,75,HS75 — Articles of Nickel NES,million USD,0.178515
exports,hs2_sections,2015-16,66,"HS66 — Walking-Sticks, Seat-Sticks, Whips and Riding-Crops",million USD,0.149951
exports,hs2_sections,2015-16,31,"HS31 — Mineral or Chem. Fertilizers, Nitrogenous",million USD,0.10051999999999998
exports,hs2_sections,2015-16,45,"HS45 — Natural Cork, Raw or Simply Prepared, Waste",million USD,0.016685
exports,hs2_sections,2015-16,67,"HS67 — Artificial Flowers, Foliage and Fruit Parts thereof",million USD,0.008526
exports,hs2_sections,2016-17,63,HS63 — Blankets and Traveling Rugs,million USD,3800.0059290000017
exports,hs2_sections,2016-17,52,"HS52 — Cotton, Not Carded Or Combed",million USD,3403.9470800000104
exports,hs2_sections,2016-17,61,"HS61 — Gents Overcoats, Car-Coats, Caps, Cloaks and Anoraks etc.",million USD,2411.0104139999994
exports,hs2_sections,2016-17,62,"HS62 — Men's or Boys' Overcoats, Cloaks etc. Not Knitted etc",million USD,2275.069236000004
exports,hs2_sections,2016-17,10,HS10 — Wheat and Meslin,million USD,1613.7677890000004
exports,hs2_sections,2016-17,42,"HS42 — Travel Goods, Handbags, Wallets, Jewelry Cases etc.",million USD,622.3105679999989
exports,hs2_sections,2016-17,27,"HS27 — Coal, Briquettes and Ovoid etc. Manufactures of Coal",million USD,491.77275799999995
exports,hs2_sections,2016-17,25,"HS25 — Salt, Pure Sodium Chloride, Sea Water",million USD,452.12624199999897
exports,hs2_sections,2016-17,95,"HS95 — Wheel Toys for Children Like Tricycle, Scooters etc.",million USD,420.5224679999995
exports,hs2_sections,2016-17,90,"HS90 — Frames and Mountings for Spectacles, Goggles etc.",million USD,390.4557440000002
exports,hs2_sections,2016-17,03,"HS03 — Fish, Live",million USD,384.507514
exports,hs2_sections,2016-17,41,HS41 — Raw Hides and Skins of Bovine or Equine Animals,million USD,380.9746589999994
exports,hs2_sections,2016-17,39,"HS39 — Polymers of Ethylene, in Primary Forms",million USD,363.7774829999998
exports,hs2_sections,2016-17,17,HS17 — Cane or Beet Sugar and Sucrose in Solid Form,million USD,314.9760950000005
exports,hs2_sections,2016-17,08,HS08 — Other Nuts NES Fresh or Dried Whether Shelled or Peeled,million USD,301.33951100000024
exports,hs2_sections,2016-17,22,"HS22 — Waters, Natural etc. Not Sweetened, Ice and Snow",million USD,287.24384099999986
exports,hs2_sections,2016-17,55,HS55 — Synthetic Filament Tow,million USD,264.07153999999963
exports,hs2_sections,2016-17,02,"HS02 — Meat of Bovine Animals, Fresh or Chilled",million USD,226.96521600000003
exports,hs2_sections,2016-17,30,HS30 — Glands and other Organs for Organo-Therapeutic Uses,million USD,220.62097199999985
exports,hs2_sections,2016-17,11,HS11 — Wheat or Meslin Flour,million USD,209.991308
exports,hs2_sections,2016-17,74,"HS74 — Refined Copper and Copper Alloys, Unwrought",million USD,170.44300200000006
exports,hs2_sections,2016-17,26,"HS26 — Slag, Dross, Scaling and Other Waste of Iron / Steel",million USD,137.13710099999986
exports,hs2_sections,2016-17,48,"HS48 — Paper Uncoated For Writing etc, Rolls; Handmade Paper",million USD,112.90805500000005
exports,hs2_sections,2016-17,58,HS58 — Woven Terry Fabrics and Tufted Textile Fabric NES,million USD,110.57902900000008
exports,hs2_sections,2016-17,84,HS84 — Steam etc Generating Boilers NES,million USD,101.60202300000016
exports,hs2_sections,2016-17,09,HS09 — Tea Whether or not Flavored,million USD,98.23376799999997
exports,hs2_sections,2016-17,56,HS56 — Textile Wadding and Articles; Text Fiber Not Over 5 mm,million USD,95.83136599999999
exports,hs2_sections,2016-17,57,"HS57 — Carpets and other Textile Floor Coverings, Knotted",million USD,94.43157299999999
exports,hs2_sections,2016-17,94,"HS94 — Seats and Parts Except Barber, Dental etc.",million USD,93.12567599999993
exports,hs2_sections,2016-17,64,"HS64 — Footwear, Outer Sole and Upper Rubber or Plastic NES",million USD,90.22641100000004
exports,hs2_sections,2016-17,07,"HS07 — Potatoes, Fresh or Chilled",million USD,85.93916400000012
exports,hs2_sections,2016-17,73,"HS73 — Sheet Piling of Iron or Steel, Welded Angles etc.",million USD,78.48452100000004
exports,hs2_sections,2016-17,38,HS38 — Activated Carbon etc. Animal Black,million USD,71.75851199999997
exports,hs2_sections,2016-17,04,"HS04 — Milk and Cream, Not Concentrated or Sweetened",million USD,69.24914199999999
exports,hs2_sections,2016-17,12,"HS12 — Soya beans, Whether or Not Broken",million USD,65.76836799999995
exports,hs2_sections,2016-17,82,HS82 — Hand tools and Tools Used in Agriculture etc.,million USD,65.25803100000009
exports,hs2_sections,2016-17,72,"HS72 — Pig Iron and Spiegeleisen in Pigs, Blocks or Primary Form",million USD,57.41738999999994
exports,hs2_sections,2016-17,19,HS19 — Malt Extracts; Food Prep. of Flour etc. Under 50% Cocoa etc.,million USD,56.68785100000006
exports,hs2_sections,2016-17,20,"HS20 — Vegetable, Fruit, Nuts Etc, Prep Or Pres By Vinegar Etc",million USD,55.770067999999995
exports,hs2_sections,2016-17,15,HS15 — Wool Grease Fatty Substances Derived there from,million USD,46.08580600000002
exports,hs2_sections,2016-17,85,HS85 — Electric Motors and Generators,million USD,41.34549499999999
exports,hs2_sections,2016-17,60,HS60 — Pile Fabrics and Terry Fabrics Knitted or Crocheted,million USD,39.783374999999964
exports,hs2_sections,2016-17,40,"HS40 — Natural Rubber, Balata, Chicle etc, Primary Form etc.",million USD,39.36212099999998
exports,hs2_sections,2016-17,44,"HS44 — Fuel Wood, In Logs etc. Wood in Chips etc.",million USD,37.511506999999995
exports,hs2_sections,2016-17,87,HS87 — Tractors Other Than Work Trucks used for Short Distance,million USD,35.558690000000034
exports,hs2_sections,2016-17,32,HS32 — Tanning Extracts of Vegetable Origin,million USD,33.18491399999999
exports,hs2_sections,2016-17,13,"HS13 — Lac; Natural Gums, Resins, Gum-Resins and Balsams",million USD,32.64282399999999
exports,hs2_sections,2016-17,33,HS33 — Odoriferous Mixtures as Raw Materials for Industry,million USD,31.69156400000003
exports,hs2_sections,2016-17,23,"HS23 — Bran, Sharps and other Residue",million USD,30.262990999999985
exports,hs2_sections,2016-17,76,"HS76 — Aluminum, Unwrought",million USD,28.379264000000013
exports,hs2_sections,2016-17,21,HS21 — Sauces and Preparations thereof,million USD,26.707724
exports,hs2_sections,2016-17,28,"HS28 — Sulfur, Sublimed or Precipitated, Colloidal Sulfur",million USD,25.242312999999978
exports,hs2_sections,2016-17,34,"HS34 — Soap, Organic Surf-Act Products used for Soap",million USD,23.55225700000001
exports,hs2_sections,2016-17,31,"HS31 — Mineral or Chem. Fertilizers, Nitrogenous",million USD,23.533912999999995
exports,hs2_sections,2016-17,05,"HS05 — Guts, Bladders, Stomachs of Animals (Not Fish) Fre/Ch/Fro",million USD,22.595309999999984
exports,hs2_sections,2016-17,68,"HS68 — Setts, Curbstone and Flagstones, of Natural Stone",million USD,21.35120399999999
exports,hs2_sections,2016-17,59,HS59 — Gum Covered Fabric; Tracing Cloth; Paint Canvas,million USD,19.811355000000002
exports,hs2_sections,2016-17,24,HS24 — Tobacco and Tobacco Refuse,million USD,19.510952000000003
exports,hs2_sections,2016-17,54,"HS54 — Synthetic Filament Yarn Not Sewing Thread, Not Retail",million USD,19.411377999999992
exports,hs2_sections,2016-17,79,"HS79 — Zinc Tubes, Pipes and Tube or Pipe Fittings",million USD,18.740264
exports,hs2_sections,2016-17,96,"HS96 — Worked Ivory, Bone etc and Articles Thereof",million USD,18.464454
exports,hs2_sections,2016-17,71,HS71 — Precious and Semi Precious Stones NES,million USD,16.750778999999994
exports,hs2_sections,2016-17,29,HS29 — Acyclic Hydrocarbons,million USD,15.52401599999999
exports,hs2_sections,2016-17,70,HS70 — Drawn and Blown Glass in Sheets etc.,million USD,14.024330999999997
exports,hs2_sections,2016-17,91,HS91 — Time of Day Recording Apparatus etc.,million USD,12.303343000000003
exports,hs2_sections,2016-17,49,"HS49 — Printed Books, Brochures and Similar Printed Matter",million USD,10.567983000000007
exports,hs2_sections,2016-17,36,HS36 — Propellant Powders,million USD,9.490606999999997
exports,hs2_sections,2016-17,93,"HS93 — Bombs, Grenades, Cartridges and Parts",million USD,9.477183
exports,hs2_sections,2016-17,16,HS16 — Sausages and Similar Products of Meat and Blood,million USD,9.445317000000001
exports,hs2_sections,2016-17,69,"HS69 — Bricks, Blocks, Tiles and Ceramic Goods of Siliceous Earth",million USD,9.261947000000001
exports,hs2_sections,2016-17,35,HS35 — Albumins and Albumin Derivatives,million USD,9.029299999999997
exports,hs2_sections,2016-17,01,"HS01 — Live Horses, Asses, Mules and Hinnies",million USD,8.017485000000004
exports,hs2_sections,2016-17,51,"HS51 — Yarn of Combed Wool, Not for Retail Sale",million USD,7.683621000000007
exports,hs2_sections,2016-17,99,HS99 — Pharmaceutical Raw Materials for Conceptives,million USD,7.148646
exports,hs2_sections,2016-17,14,"HS14 — Vegetable Plaiting Materials Like Bamboos, Reeds etc.",million USD,6.3165720000000025
exports,hs2_sections,2016-17,18,HS18 — Chocolate and other Food Products Containing Cocoa,million USD,5.298806
exports,hs2_sections,2016-17,50,HS50 — Silkworm Cocoons Suitable for Reeling,million USD,4.647219
exports,hs2_sections,2016-17,53,HS53 — Woven Fabrics of Jute or Other Textile Bast Fibres,million USD,4.254493999999998
exports,hs2_sections,2016-17,92,"HS92 — Musical Boxes, Fairground Organs etc.",million USD,4.1063069999999975
exports,hs2_sections,2016-17,06,"HS06 — Other Live Plants and their Roots NES, Cuttings and Slips,",million USD,3.364302999999999
exports,hs2_sections,2016-17,78,"HS78 — Lead, Unwrought",million USD,3.256460999999999
exports,hs2_sections,2016-17,83,"HS83 — Padlocks, Locks and Keys and Parts",million USD,2.580071
exports,hs2_sections,2016-17,47,"HS47 — Chemical Wood pulp, Soda or Sulfate, Not Dissolving Grades",million USD,2.507151000000001
exports,hs2_sections,2016-17,89,HS89 — Vessels and Floating Structures for Scrapping,million USD,1.6482890000000006
exports,hs2_sections,2016-17,65,"HS65 — Hat-Forms, Bodies and Hoods and Manchons of Felt",million USD,0.8344380000000001
exports,hs2_sections,2016-17,81,HS81 — Zirconium and Articles Thereof Include. Waste and Scrap,million USD,0.596935
exports,hs2_sections,2016-17,46,"HS46 — Basketwork, Wickerwork of Plait and other Articles",million USD,0.5365860000000001
exports,hs2_sections,2016-17,80,"HS80 — Tin, Unwrought",million USD,0.531449
exports,hs2_sections,2016-17,37,HS37 — Photographic Plates and Film etc.,million USD,0.501235
exports,hs2_sections,2016-17,97,"HS97 — Original Engravings, Prints and Lithographs",million USD,0.43651100000000015
exports,hs2_sections,2016-17,66,"HS66 — Walking-Sticks, Seat-Sticks, Whips and Riding-Crops",million USD,0.312618
exports,hs2_sections,2016-17,67,"HS67 — Artificial Flowers, Foliage and Fruit Parts thereof",million USD,0.283851
exports,hs2_sections,2016-17,88,"HS88 — Parts of Balloons etc. Aircraft, Spacecraft etc.",million USD,0.24578400000000003
exports,hs2_sections,2016-17,75,HS75 — Articles of Nickel NES,million USD,0.199886
exports,hs2_sections,2016-17,43,"HS43 — Tanned or Dressed Furskins including Heads, Tails etc.",million USD,0.140807
exports,hs2_sections,2016-17,45,"HS45 — Natural Cork, Raw or Simply Prepared, Waste",million USD,0.10152599999999998
exports,hs2_sections,2016-17,86,HS86 — Parts of Railway or Tramway Locomotives,million USD,0.096281
exports,hs2_sections,2017-18,63,HS63 — Blankets and Traveling Rugs,million USD,4067.380195000001
exports,hs2_sections,2017-18,52,"HS52 — Cotton, Not Carded Or Combed",million USD,3598.2571669999998
exports,hs2_sections,2017-18,61,"HS61 — Gents Overcoats, Car-Coats, Caps, Cloaks and Anoraks etc.",million USD,2713.038735000007
exports,hs2_sections,2017-18,62,"HS62 — Men's or Boys' Overcoats, Cloaks etc. Not Knitted etc",million USD,2472.057506000001
exports,hs2_sections,2017-18,10,HS10 — Wheat and Meslin,million USD,2158.7762679999973
exports,hs2_sections,2017-18,17,HS17 — Cane or Beet Sugar and Sucrose in Solid Form,million USD,837.4748820000007
exports,hs2_sections,2017-18,42,"HS42 — Travel Goods, Handbags, Wallets, Jewelry Cases etc.",million USD,735.9470420000002
exports,hs2_sections,2017-18,27,"HS27 — Coal, Briquettes and Ovoid etc. Manufactures of Coal",million USD,728.5327779999999
exports,hs2_sections,2017-18,03,"HS03 — Fish, Live",million USD,483.3984779999997
exports,hs2_sections,2017-18,25,"HS25 — Salt, Pure Sodium Chloride, Sea Water",million USD,473.17238799999967
exports,hs2_sections,2017-18,90,"HS90 — Frames and Mountings for Spectacles, Goggles etc.",million USD,438.561649
exports,hs2_sections,2017-18,95,"HS95 — Wheel Toys for Children Like Tricycle, Scooters etc.",million USD,434.574057
exports,hs2_sections,2017-18,39,"HS39 — Polymers of Ethylene, in Primary Forms",million USD,415.16380100000026
exports,hs2_sections,2017-18,22,"HS22 — Waters, Natural etc. Not Sweetened, Ice and Snow",million USD,396.524814
exports,hs2_sections,2017-18,08,HS08 — Other Nuts NES Fresh or Dried Whether Shelled or Peeled,million USD,383.419279
exports,hs2_sections,2017-18,41,HS41 — Raw Hides and Skins of Bovine or Equine Animals,million USD,355.5976469999998
exports,hs2_sections,2017-18,55,HS55 — Synthetic Filament Tow,million USD,306.0024509999998
exports,hs2_sections,2017-18,30,HS30 — Glands and other Organs for Organo-Therapeutic Uses,million USD,256.38182700000027
exports,hs2_sections,2017-18,74,"HS74 — Refined Copper and Copper Alloys, Unwrought",million USD,222.01719199999997
exports,hs2_sections,2017-18,02,"HS02 — Meat of Bovine Animals, Fresh or Chilled",million USD,216.11594100000002
exports,hs2_sections,2017-18,07,"HS07 — Potatoes, Fresh or Chilled",million USD,146.89176600000022
exports,hs2_sections,2017-18,11,HS11 — Wheat or Meslin Flour,million USD,126.63851799999988
exports,hs2_sections,2017-18,31,"HS31 — Mineral or Chem. Fertilizers, Nitrogenous",million USD,115.762787
exports,hs2_sections,2017-18,56,HS56 — Textile Wadding and Articles; Text Fiber Not Over 5 mm,million USD,110.92481000000002
exports,hs2_sections,2017-18,09,HS09 — Tea Whether or not Flavored,million USD,104.85188099999996
exports,hs2_sections,2017-18,64,"HS64 — Footwear, Outer Sole and Upper Rubber or Plastic NES",million USD,102.83454099999993
exports,hs2_sections,2017-18,84,HS84 — Steam etc Generating Boilers NES,million USD,102.22781299999984
exports,hs2_sections,2017-18,26,"HS26 — Slag, Dross, Scaling and Other Waste of Iron / Steel",million USD,100.14387199999996
exports,hs2_sections,2017-18,94,"HS94 — Seats and Parts Except Barber, Dental etc.",million USD,97.8026040000001
exports,hs2_sections,2017-18,57,"HS57 — Carpets and other Textile Floor Coverings, Knotted",million USD,84.6339849999999
exports,hs2_sections,2017-18,12,"HS12 — Soya beans, Whether or Not Broken",million USD,75.84077700000007
exports,hs2_sections,2017-18,82,HS82 — Hand tools and Tools Used in Agriculture etc.,million USD,72.81613100000011
exports,hs2_sections,2017-18,72,"HS72 — Pig Iron and Spiegeleisen in Pigs, Blocks or Primary Form",million USD,69.08758300000002
exports,hs2_sections,2017-18,23,"HS23 — Bran, Sharps and other Residue",million USD,68.08241100000004
exports,hs2_sections,2017-18,85,HS85 — Electric Motors and Generators,million USD,67.96327700000006
exports,hs2_sections,2017-18,73,"HS73 — Sheet Piling of Iron or Steel, Welded Angles etc.",million USD,65.57699699999995
exports,hs2_sections,2017-18,48,"HS48 — Paper Uncoated For Writing etc, Rolls; Handmade Paper",million USD,60.754226000000045
exports,hs2_sections,2017-18,40,"HS40 — Natural Rubber, Balata, Chicle etc, Primary Form etc.",million USD,58.23621200000008
exports,hs2_sections,2017-18,20,"HS20 — Vegetable, Fruit, Nuts Etc, Prep Or Pres By Vinegar Etc",million USD,57.67776999999997
exports,hs2_sections,2017-18,79,"HS79 — Zinc Tubes, Pipes and Tube or Pipe Fittings",million USD,53.93956400000001
exports,hs2_sections,2017-18,04,"HS04 — Milk and Cream, Not Concentrated or Sweetened",million USD,48.92513999999994
exports,hs2_sections,2017-18,19,HS19 — Malt Extracts; Food Prep. of Flour etc. Under 50% Cocoa etc.,million USD,47.47124800000003
exports,hs2_sections,2017-18,13,"HS13 — Lac; Natural Gums, Resins, Gum-Resins and Balsams",million USD,45.727993999999995
exports,hs2_sections,2017-18,15,HS15 — Wool Grease Fatty Substances Derived there from,million USD,44.33089099999997
exports,hs2_sections,2017-18,44,"HS44 — Fuel Wood, In Logs etc. Wood in Chips etc.",million USD,40.90269800000002
exports,hs2_sections,2017-18,32,HS32 — Tanning Extracts of Vegetable Origin,million USD,40.37414999999998
exports,hs2_sections,2017-18,58,HS58 — Woven Terry Fabrics and Tufted Textile Fabric NES,million USD,37.99974500000002
exports,hs2_sections,2017-18,87,HS87 — Tractors Other Than Work Trucks used for Short Distance,million USD,36.932489000000004
exports,hs2_sections,2017-18,28,"HS28 — Sulfur, Sublimed or Precipitated, Colloidal Sulfur",million USD,34.07584399999998
exports,hs2_sections,2017-18,38,HS38 — Activated Carbon etc. Animal Black,million USD,33.68126500000001
exports,hs2_sections,2017-18,33,HS33 — Odoriferous Mixtures as Raw Materials for Industry,million USD,32.40224400000001
exports,hs2_sections,2017-18,21,HS21 — Sauces and Preparations thereof,million USD,30.48738799999998
exports,hs2_sections,2017-18,76,"HS76 — Aluminum, Unwrought",million USD,29.898846000000017
exports,hs2_sections,2017-18,05,"HS05 — Guts, Bladders, Stomachs of Animals (Not Fish) Fre/Ch/Fro",million USD,28.120514
exports,hs2_sections,2017-18,60,HS60 — Pile Fabrics and Terry Fabrics Knitted or Crocheted,million USD,27.675795000000004
exports,hs2_sections,2017-18,34,"HS34 — Soap, Organic Surf-Act Products used for Soap",million USD,24.526649000000035
exports,hs2_sections,2017-18,88,"HS88 — Parts of Balloons etc. Aircraft, Spacecraft etc.",million USD,22.944588
exports,hs2_sections,2017-18,54,"HS54 — Synthetic Filament Yarn Not Sewing Thread, Not Retail",million USD,21.757394000000005
exports,hs2_sections,2017-18,93,"HS93 — Bombs, Grenades, Cartridges and Parts",million USD,19.993569000000004
exports,hs2_sections,2017-18,24,HS24 — Tobacco and Tobacco Refuse,million USD,18.90719200000002
exports,hs2_sections,2017-18,71,HS71 — Precious and Semi Precious Stones NES,million USD,17.797910999999996
exports,hs2_sections,2017-18,70,HS70 — Drawn and Blown Glass in Sheets etc.,million USD,16.551299000000004
exports,hs2_sections,2017-18,68,"HS68 — Setts, Curbstone and Flagstones, of Natural Stone",million USD,14.572233000000004
exports,hs2_sections,2017-18,35,HS35 — Albumins and Albumin Derivatives,million USD,14.465647000000006
exports,hs2_sections,2017-18,29,HS29 — Acyclic Hydrocarbons,million USD,14.40254599999999
exports,hs2_sections,2017-18,16,HS16 — Sausages and Similar Products of Meat and Blood,million USD,8.702985000000002
exports,hs2_sections,2017-18,59,HS59 — Gum Covered Fabric; Tracing Cloth; Paint Canvas,million USD,8.511258000000002
exports,hs2_sections,2017-18,96,"HS96 — Worked Ivory, Bone etc and Articles Thereof",million USD,8.461565
exports,hs2_sections,2017-18,36,HS36 — Propellant Powders,million USD,8.412141000000002
exports,hs2_sections,2017-18,01,"HS01 — Live Horses, Asses, Mules and Hinnies",million USD,8.356456999999999
exports,hs2_sections,2017-18,69,"HS69 — Bricks, Blocks, Tiles and Ceramic Goods of Siliceous Earth",million USD,7.6413350000000015
exports,hs2_sections,2017-18,18,HS18 — Chocolate and other Food Products Containing Cocoa,million USD,6.281039
exports,hs2_sections,2017-18,91,HS91 — Time of Day Recording Apparatus etc.,million USD,5.938964999999998
exports,hs2_sections,2017-18,78,"HS78 — Lead, Unwrought",million USD,5.812389
exports,hs2_sections,2017-18,51,"HS51 — Yarn of Combed Wool, Not for Retail Sale",million USD,5.765655000000001
exports,hs2_sections,2017-18,14,"HS14 — Vegetable Plaiting Materials Like Bamboos, Reeds etc.",million USD,5.705242
exports,hs2_sections,2017-18,65,"HS65 — Hat-Forms, Bodies and Hoods and Manchons of Felt",million USD,5.173484999999996
exports,hs2_sections,2017-18,99,HS99 — Pharmaceutical Raw Materials for Conceptives,million USD,3.9739459999999998
exports,hs2_sections,2017-18,92,"HS92 — Musical Boxes, Fairground Organs etc.",million USD,3.736748999999998
exports,hs2_sections,2017-18,53,HS53 — Woven Fabrics of Jute or Other Textile Bast Fibres,million USD,3.637899000000001
exports,hs2_sections,2017-18,50,HS50 — Silkworm Cocoons Suitable for Reeling,million USD,3.3995929999999994
exports,hs2_sections,2017-18,06,"HS06 — Other Live Plants and their Roots NES, Cuttings and Slips,",million USD,3.3132040000000003
exports,hs2_sections,2017-18,49,"HS49 — Printed Books, Brochures and Similar Printed Matter",million USD,3.003118
exports,hs2_sections,2017-18,83,"HS83 — Padlocks, Locks and Keys and Parts",million USD,2.0402810000000002
exports,hs2_sections,2017-18,81,HS81 — Zirconium and Articles Thereof Include. Waste and Scrap,million USD,1.9309390000000002
exports,hs2_sections,2017-18,47,"HS47 — Chemical Wood pulp, Soda or Sulfate, Not Dissolving Grades",million USD,1.7220890000000002
exports,hs2_sections,2017-18,89,HS89 — Vessels and Floating Structures for Scrapping,million USD,0.8011039999999998
exports,hs2_sections,2017-18,80,"HS80 — Tin, Unwrought",million USD,0.7255310000000001
exports,hs2_sections,2017-18,46,"HS46 — Basketwork, Wickerwork of Plait and other Articles",million USD,0.49549899999999997
exports,hs2_sections,2017-18,97,"HS97 — Original Engravings, Prints and Lithographs",million USD,0.309534
exports,hs2_sections,2017-18,37,HS37 — Photographic Plates and Film etc.,million USD,0.21863
exports,hs2_sections,2017-18,43,"HS43 — Tanned or Dressed Furskins including Heads, Tails etc.",million USD,0.17814699999999994
exports,hs2_sections,2017-18,67,"HS67 — Artificial Flowers, Foliage and Fruit Parts thereof",million USD,0.15252000000000002
exports,hs2_sections,2017-18,66,"HS66 — Walking-Sticks, Seat-Sticks, Whips and Riding-Crops",million USD,0.12439900000000001
exports,hs2_sections,2017-18,75,HS75 — Articles of Nickel NES,million USD,0.034943999999999996
exports,hs2_sections,2017-18,86,HS86 — Parts of Railway or Tramway Locomotives,million USD,0.030591
exports,hs2_sections,2017-18,45,"HS45 — Natural Cork, Raw or Simply Prepared, Waste",million USD,0.011485
exports,hs2_sections,2018-19,63,HS63 — Blankets and Traveling Rugs,million USD,4062.5269380000063
exports,hs2_sections,2018-19,52,"HS52 — Cotton, Not Carded Or Combed",million USD,3478.469821999997
exports,hs2_sections,2018-19,61,"HS61 — Gents Overcoats, Car-Coats, Caps, Cloaks and Anoraks etc.",million USD,2993.72870200001
exports,hs2_sections,2018-19,62,"HS62 — Men's or Boys' Overcoats, Cloaks etc. Not Knitted etc",million USD,2562.4031470000077
exports,hs2_sections,2018-19,10,HS10 — Wheat and Meslin,million USD,2300.5213469999953
exports,hs2_sections,2018-19,27,"HS27 — Coal, Briquettes and Ovoid etc. Manufactures of Coal",million USD,675.6424129999997
exports,hs2_sections,2018-19,42,"HS42 — Travel Goods, Handbags, Wallets, Jewelry Cases etc.",million USD,623.4140210000004
exports,hs2_sections,2018-19,25,"HS25 — Salt, Pure Sodium Chloride, Sea Water",million USD,520.8926090000001
exports,hs2_sections,2018-19,03,"HS03 — Fish, Live",million USD,457.3833870000007
exports,hs2_sections,2018-19,90,"HS90 — Frames and Mountings for Spectacles, Goggles etc.",million USD,440.4340199999999
exports,hs2_sections,2018-19,22,"HS22 — Waters, Natural etc. Not Sweetened, Ice and Snow",million USD,439.27053799999976
exports,hs2_sections,2018-19,08,HS08 — Other Nuts NES Fresh or Dried Whether Shelled or Peeled,million USD,428.48846500000025
exports,hs2_sections,2018-19,39,"HS39 — Polymers of Ethylene, in Primary Forms",million USD,414.110998
exports,hs2_sections,2018-19,95,"HS95 — Wheel Toys for Children Like Tricycle, Scooters etc.",million USD,401.27676599999984
exports,hs2_sections,2018-19,17,HS17 — Cane or Beet Sugar and Sucrose in Solid Form,million USD,339.9913969999993
exports,hs2_sections,2018-19,55,HS55 — Synthetic Filament Tow,million USD,294.0508029999995
exports,hs2_sections,2018-19,74,"HS74 — Refined Copper and Copper Alloys, Unwrought",million USD,276.967239
exports,hs2_sections,2018-19,41,HS41 — Raw Hides and Skins of Bovine or Equine Animals,million USD,264.85392200000024
exports,hs2_sections,2018-19,02,"HS02 — Meat of Bovine Animals, Fresh or Chilled",million USD,242.8266220000001
exports,hs2_sections,2018-19,07,"HS07 — Potatoes, Fresh or Chilled",million USD,239.43942599999997
exports,hs2_sections,2018-19,30,HS30 — Glands and other Organs for Organo-Therapeutic Uses,million USD,201.89035399999997
exports,hs2_sections,2018-19,11,HS11 — Wheat or Meslin Flour,million USD,131.43834799999988
exports,hs2_sections,2018-19,64,"HS64 — Footwear, Outer Sole and Upper Rubber or Plastic NES",million USD,129.4319359999998
exports,hs2_sections,2018-19,09,HS09 — Tea Whether or not Flavored,million USD,124.3319240000001
exports,hs2_sections,2018-19,12,"HS12 — Soya beans, Whether or Not Broken",million USD,108.50408499999989
exports,hs2_sections,2018-19,94,"HS94 — Seats and Parts Except Barber, Dental etc.",million USD,104.57945199999999
exports,hs2_sections,2018-19,79,"HS79 — Zinc Tubes, Pipes and Tube or Pipe Fittings",million USD,101.61875200000004
exports,hs2_sections,2018-19,84,HS84 — Steam etc Generating Boilers NES,million USD,97.2658890000003
exports,hs2_sections,2018-19,48,"HS48 — Paper Uncoated For Writing etc, Rolls; Handmade Paper",million USD,90.85352000000009
exports,hs2_sections,2018-19,26,"HS26 — Slag, Dross, Scaling and Other Waste of Iron / Steel",million USD,80.757311
exports,hs2_sections,2018-19,57,"HS57 — Carpets and other Textile Floor Coverings, Knotted",million USD,78.42340700000003
exports,hs2_sections,2018-19,82,HS82 — Hand tools and Tools Used in Agriculture etc.,million USD,74.93939500000008
exports,hs2_sections,2018-19,23,"HS23 — Bran, Sharps and other Residue",million USD,71.74506000000004
exports,hs2_sections,2018-19,85,HS85 — Electric Motors and Generators,million USD,69.47640299999996
exports,hs2_sections,2018-19,56,HS56 — Textile Wadding and Articles; Text Fiber Not Over 5 mm,million USD,66.86792900000002
exports,hs2_sections,2018-19,20,"HS20 — Vegetable, Fruit, Nuts Etc, Prep Or Pres By Vinegar Etc",million USD,56.450672999999966
exports,hs2_sections,2018-19,72,"HS72 — Pig Iron and Spiegeleisen in Pigs, Blocks or Primary Form",million USD,54.00149399999997
exports,hs2_sections,2018-19,73,"HS73 — Sheet Piling of Iron or Steel, Welded Angles etc.",million USD,53.43808899999999
exports,hs2_sections,2018-19,19,HS19 — Malt Extracts; Food Prep. of Flour etc. Under 50% Cocoa etc.,million USD,47.05201300000004
exports,hs2_sections,2018-19,15,HS15 — Wool Grease Fatty Substances Derived there from,million USD,46.74940899999999
exports,hs2_sections,2018-19,32,HS32 — Tanning Extracts of Vegetable Origin,million USD,46.35691500000005
exports,hs2_sections,2018-19,40,"HS40 — Natural Rubber, Balata, Chicle etc, Primary Form etc.",million USD,44.88930699999999
exports,hs2_sections,2018-19,04,"HS04 — Milk and Cream, Not Concentrated or Sweetened",million USD,42.47870700000001
exports,hs2_sections,2018-19,13,"HS13 — Lac; Natural Gums, Resins, Gum-Resins and Balsams",million USD,40.87285799999998
exports,hs2_sections,2018-19,76,"HS76 — Aluminum, Unwrought",million USD,35.627465
exports,hs2_sections,2018-19,60,HS60 — Pile Fabrics and Terry Fabrics Knitted or Crocheted,million USD,35.19348600000001
exports,hs2_sections,2018-19,05,"HS05 — Guts, Bladders, Stomachs of Animals (Not Fish) Fre/Ch/Fro",million USD,35.16399999999998
exports,hs2_sections,2018-19,58,HS58 — Woven Terry Fabrics and Tufted Textile Fabric NES,million USD,34.67122599999998
exports,hs2_sections,2018-19,44,"HS44 — Fuel Wood, In Logs etc. Wood in Chips etc.",million USD,33.696106
exports,hs2_sections,2018-19,88,"HS88 — Parts of Balloons etc. Aircraft, Spacecraft etc.",million USD,33.167987000000004
exports,hs2_sections,2018-19,21,HS21 — Sauces and Preparations thereof,million USD,33.03256899999998
exports,hs2_sections,2018-19,87,HS87 — Tractors Other Than Work Trucks used for Short Distance,million USD,32.405987000000046
exports,hs2_sections,2018-19,54,"HS54 — Synthetic Filament Yarn Not Sewing Thread, Not Retail",million USD,29.31616199999998
exports,hs2_sections,2018-19,28,"HS28 — Sulfur, Sublimed or Precipitated, Colloidal Sulfur",million USD,25.014955000000008
exports,hs2_sections,2018-19,24,HS24 — Tobacco and Tobacco Refuse,million USD,24.979223
exports,hs2_sections,2018-19,34,"HS34 — Soap, Organic Surf-Act Products used for Soap",million USD,23.961859000000022
exports,hs2_sections,2018-19,33,HS33 — Odoriferous Mixtures as Raw Materials for Industry,million USD,19.316985000000024
exports,hs2_sections,2018-19,38,HS38 — Activated Carbon etc. Animal Black,million USD,18.184525000000015
exports,hs2_sections,2018-19,70,HS70 — Drawn and Blown Glass in Sheets etc.,million USD,17.390359999999998
exports,hs2_sections,2018-19,68,"HS68 — Setts, Curbstone and Flagstones, of Natural Stone",million USD,15.88815599999998
exports,hs2_sections,2018-19,35,HS35 — Albumins and Albumin Derivatives,million USD,15.181879
exports,hs2_sections,2018-19,29,HS29 — Acyclic Hydrocarbons,million USD,13.061266000000007
exports,hs2_sections,2018-19,93,"HS93 — Bombs, Grenades, Cartridges and Parts",million USD,12.745725000000004
exports,hs2_sections,2018-19,69,"HS69 — Bricks, Blocks, Tiles and Ceramic Goods of Siliceous Earth",million USD,11.061021999999998
exports,hs2_sections,2018-19,71,HS71 — Precious and Semi Precious Stones NES,million USD,10.900373999999996
exports,hs2_sections,2018-19,99,HS99 — Pharmaceutical Raw Materials for Conceptives,million USD,9.752491000000001
exports,hs2_sections,2018-19,59,HS59 — Gum Covered Fabric; Tracing Cloth; Paint Canvas,million USD,9.673457999999991
exports,hs2_sections,2018-19,36,HS36 — Propellant Powders,million USD,8.591271999999996
exports,hs2_sections,2018-19,14,"HS14 — Vegetable Plaiting Materials Like Bamboos, Reeds etc.",million USD,8.171850999999995
exports,hs2_sections,2018-19,96,"HS96 — Worked Ivory, Bone etc and Articles Thereof",million USD,6.959655999999998
exports,hs2_sections,2018-19,16,HS16 — Sausages and Similar Products of Meat and Blood,million USD,5.986150000000003
exports,hs2_sections,2018-19,01,"HS01 — Live Horses, Asses, Mules and Hinnies",million USD,5.755538000000001
exports,hs2_sections,2018-19,51,"HS51 — Yarn of Combed Wool, Not for Retail Sale",million USD,5.207717000000001
exports,hs2_sections,2018-19,53,HS53 — Woven Fabrics of Jute or Other Textile Bast Fibres,million USD,4.3995630000000014
exports,hs2_sections,2018-19,50,HS50 — Silkworm Cocoons Suitable for Reeling,million USD,3.9436639999999996
exports,hs2_sections,2018-19,92,"HS92 — Musical Boxes, Fairground Organs etc.",million USD,3.7980959999999993
exports,hs2_sections,2018-19,18,HS18 — Chocolate and other Food Products Containing Cocoa,million USD,3.750664000000001
exports,hs2_sections,2018-19,49,"HS49 — Printed Books, Brochures and Similar Printed Matter",million USD,3.3901279999999994
exports,hs2_sections,2018-19,06,"HS06 — Other Live Plants and their Roots NES, Cuttings and Slips,",million USD,3.1703279999999996
exports,hs2_sections,2018-19,47,"HS47 — Chemical Wood pulp, Soda or Sulfate, Not Dissolving Grades",million USD,3.0750010000000003
exports,hs2_sections,2018-19,91,HS91 — Time of Day Recording Apparatus etc.,million USD,2.1122180000000004
exports,hs2_sections,2018-19,78,"HS78 — Lead, Unwrought",million USD,1.935716
exports,hs2_sections,2018-19,81,HS81 — Zirconium and Articles Thereof Include. Waste and Scrap,million USD,1.7785039999999996
exports,hs2_sections,2018-19,65,"HS65 — Hat-Forms, Bodies and Hoods and Manchons of Felt",million USD,1.5661070000000004
exports,hs2_sections,2018-19,83,"HS83 — Padlocks, Locks and Keys and Parts",million USD,1.5284370000000003
exports,hs2_sections,2018-19,89,HS89 — Vessels and Floating Structures for Scrapping,million USD,1.2910770000000007
exports,hs2_sections,2018-19,46,"HS46 — Basketwork, Wickerwork of Plait and other Articles",million USD,0.682809
exports,hs2_sections,2018-19,43,"HS43 — Tanned or Dressed Furskins including Heads, Tails etc.",million USD,0.6528900000000001
exports,hs2_sections,2018-19,80,"HS80 — Tin, Unwrought",million USD,0.375715
exports,hs2_sections,2018-19,97,"HS97 — Original Engravings, Prints and Lithographs",million USD,0.30059600000000003
exports,hs2_sections,2018-19,37,HS37 — Photographic Plates and Film etc.,million USD,0.231503
exports,hs2_sections,2018-19,67,"HS67 — Artificial Flowers, Foliage and Fruit Parts thereof",million USD,0.18253999999999998
exports,hs2_sections,2018-19,66,"HS66 — Walking-Sticks, Seat-Sticks, Whips and Riding-Crops",million USD,0.15735
exports,hs2_sections,2018-19,31,"HS31 — Mineral or Chem. Fertilizers, Nitrogenous",million USD,0.11025
exports,hs2_sections,2018-19,86,HS86 — Parts of Railway or Tramway Locomotives,million USD,0.098683
exports,hs2_sections,2018-19,75,HS75 — Articles of Nickel NES,million USD,0.066676
exports,hs2_sections,2018-19,45,"HS45 — Natural Cork, Raw or Simply Prepared, Waste",million USD,0.0
exports,hs2_sections,2019-20,63,HS63 — Blankets and Traveling Rugs,million USD,3809.442722
exports,hs2_sections,2019-20,61,"HS61 — Gents Overcoats, Car-Coats, Caps, Cloaks and Anoraks etc.",million USD,2860.5525809999963
exports,hs2_sections,2019-20,62,"HS62 — Men's or Boys' Overcoats, Cloaks etc. Not Knitted etc",million USD,2565.1616739999995
exports,hs2_sections,2019-20,52,"HS52 — Cotton, Not Carded Or Combed",million USD,1679.3443839999984
exports,hs2_sections,2019-20,52,HS52 — Cotton Waste Including Yarn Waste etc.,million USD,1417.5243609999989
exports,hs2_sections,2019-20,10,HS10 — Barley,million USD,1202.9119470000012
exports,hs2_sections,2019-20,10,HS10 — Wheat and Meslin,million USD,1113.4701929999983
exports,hs2_sections,2019-20,42,"HS42 — Travel Goods, Handbags, Wallets, Jewelry Cases etc.",million USD,582.8842220000002
exports,hs2_sections,2019-20,25,"HS25 — Salt, Pure Sodium Chloride, Sea Water",million USD,464.68037399999946
exports,hs2_sections,2019-20,74,"HS74 — Refined Copper and Copper Alloys, Unwrought",million USD,355.33738500000004
exports,hs2_sections,2019-20,39,"HS39 — Polymers of Ethylene, in Primary Forms",million USD,345.59395400000034
exports,hs2_sections,2019-20,22,"HS22 — Waters, Natural etc. Not Sweetened, Ice and Snow",million USD,337.4210079999999
exports,hs2_sections,2019-20,02,"HS02 — Meat of Bovine Animals, Fresh or Chilled",million USD,310.3899729999999
exports,hs2_sections,2019-20,07,"HS07 — Potatoes, Fresh or Chilled",million USD,291.19310499999995
exports,hs2_sections,2019-20,27,"HS27 — Coal, Briquettes and Ovoid etc. Manufactures of Coal",million USD,256.52320199999997
exports,hs2_sections,2019-20,03,"HS03 — Fish, Live",million USD,231.290071
exports,hs2_sections,2019-20,17,HS17 — Cane or Beet Sugar and Sucrose in Solid Form,million USD,225.95046999999997
exports,hs2_sections,2019-20,90,"HS90 — Frames and Mountings for Spectacles, Goggles etc.",million USD,221.60862500000016
exports,hs2_sections,2019-20,08,"HS08 — Coconuts, Brazil Nuts & Cashew Nuts, Fresh or Dry",million USD,217.9836130000001
exports,hs2_sections,2019-20,95,"HS95 — Wheel Toys for Children Like Tricycle, Scooters etc.",million USD,205.96683500000015
exports,hs2_sections,2019-20,08,HS08 — Other Nuts NES Fresh or Dried Whether Shelled or Peeled,million USD,196.29621200000003
exports,hs2_sections,2019-20,90,"HS90 — Medical, Surgical and Dental Instruments etc.",million USD,184.15888599999985
exports,hs2_sections,2019-20,03,"HS03 — Fish, Fresh or Chilled (Not Fish Fillets & other Fish Meat)",million USD,183.088121
exports,hs2_sections,2019-20,55,HS55 — Synthetic Filament Tow,million USD,155.959299
exports,hs2_sections,2019-20,95,HS95 — Articles and Equipments for Sports etc NES,million USD,151.21752600000002
exports,hs2_sections,2019-20,55,HS55 — Woven Fabrics of Synthetic Staple Fibres Containing <85% Fib,million USD,138.6246779999999
exports,hs2_sections,2019-20,64,"HS64 — Footwear, Outer Sole and Upper Rubber or Plastic NES",million USD,134.17010600000003
exports,hs2_sections,2019-20,09,HS09 — Tea Whether or not Flavored,million USD,113.71553499999999
exports,hs2_sections,2019-20,27,HS27 — Oil from Petrol and Bituminous Mineral etc.,million USD,112.47023799999998
exports,hs2_sections,2019-20,30,HS30 — Human Blood or Animal Blood Prepared for Therapeutic,million USD,109.69011300000014
exports,hs2_sections,2019-20,41,HS41 — Raw Hides and Skins of Bovine or Equine Animals,million USD,107.14397400000009
exports,hs2_sections,2019-20,30,HS30 — Glands and other Organs for Organo-Therapeutic Uses,million USD,104.60999300000013
exports,hs2_sections,2019-20,12,"HS12 — Soya beans, Whether or Not Broken",million USD,90.27054700000002
exports,hs2_sections,2019-20,26,"HS26 — Slag, Dross, Scaling and Other Waste of Iron / Steel",million USD,86.78894599999998
exports,hs2_sections,2019-20,88,"HS88 — Parts of Balloons etc. Aircraft, Spacecraft etc.",million USD,84.500384
exports,hs2_sections,2019-20,41,HS41 — Leather further prepared after tanning (other animal),million USD,78.70698200000008
exports,hs2_sections,2019-20,19,HS19 — Malt Extracts; Food Prep. of Flour etc. Under 50% Cocoa etc.,million USD,68.74933899999999
exports,hs2_sections,2019-20,57,"HS57 — Carpets and other Textile Floor Coverings, Knotted",million USD,68.39080700000001
exports,hs2_sections,2019-20,26,HS26 — Precious Metal Ores and Concentrates,million USD,66.27902900000001
exports,hs2_sections,2019-20,23,"HS23 — Bran, Sharps and other Residue",million USD,60.94974000000002
exports,hs2_sections,2019-20,20,"HS20 — Vegetable, Fruit, Nuts Etc, Prep Or Pres By Vinegar Etc",million USD,60.566666999999995
exports,hs2_sections,2019-20,40,"HS40 — Natural Rubber, Balata, Chicle etc, Primary Form etc.",million USD,55.903754000000006
exports,hs2_sections,2019-20,94,HS94 — Furniture NES and Parts Thereof,million USD,54.961004
exports,hs2_sections,2019-20,15,HS15 — Wool Grease Fatty Substances Derived there from,million USD,54.51963000000001
exports,hs2_sections,2019-20,94,"HS94 — Seats and Parts Except Barber, Dental etc.",million USD,53.357977999999996
exports,hs2_sections,2019-20,87,HS87 — Tractors Other Than Work Trucks used for Short Distance,million USD,51.59363299999998
exports,hs2_sections,2019-20,93,"HS93 — Bombs, Grenades, Cartridges and Parts",million USD,48.440523
exports,hs2_sections,2019-20,72,HS72 — Ferrous Waste and Scrap,million USD,44.993876
exports,hs2_sections,2019-20,76,"HS76 — Aluminum, Unwrought",million USD,44.553232
exports,hs2_sections,2019-20,32,HS32 — Tanning Extracts of Vegetable Origin,million USD,44.188615
exports,hs2_sections,2019-20,84,HS84 — Pumps for Liquids; Liquid Elevators; Parts Thereof,million USD,43.85356300000004
exports,hs2_sections,2019-20,84,HS84 — Steam etc Generating Boilers NES,million USD,43.82558200000005
exports,hs2_sections,2019-20,24,HS24 — Tobacco and Tobacco Refuse,million USD,42.358081
exports,hs2_sections,2019-20,82,HS82 — Hand tools and Tools Used in Agriculture etc.,million USD,41.06148200000003
exports,hs2_sections,2019-20,85,HS85 — Electric Motors and Generators,million USD,39.18292899999999
exports,hs2_sections,2019-20,11,HS11 — Wheat or Meslin Flour,million USD,38.65375299999999
exports,hs2_sections,2019-20,48,"HS48 — Paper Uncoated For Writing etc, Rolls; Handmade Paper",million USD,37.87016599999998
exports,hs2_sections,2019-20,72,"HS72 — Pig Iron and Spiegeleisen in Pigs, Blocks or Primary Form",million USD,37.511323000000004
exports,hs2_sections,2019-20,82,"HS82 — Files, Rasps, Pliers, Metal cutting Shears etc.",million USD,34.21202300000004
exports,hs2_sections,2019-20,44,"HS44 — Fuel Wood, In Logs etc. Wood in Chips etc.",million USD,31.755909000000003
exports,hs2_sections,2019-20,04,"HS04 — Milk and Cream, Not Concentrated or Sweetened",million USD,31.654163999999998
exports,hs2_sections,2019-20,60,HS60 — Pile Fabrics and Terry Fabrics Knitted or Crocheted,million USD,30.129318000000012
exports,hs2_sections,2019-20,34,"HS34 — Soap, Organic Surf-Act Products used for Soap",million USD,29.603139000000002
exports,hs2_sections,2019-20,54,"HS54 — Synthetic Filament Yarn Not Sewing Thread, Not Retail",million USD,26.143195000000002
exports,hs2_sections,2019-20,73,"HS73 — Sheet Piling of Iron or Steel, Welded Angles etc.",million USD,25.68974899999999
exports,hs2_sections,2019-20,21,"HS21 — Extracts etc of Coffee, Tea or Mate",million USD,25.238039999999984
exports,hs2_sections,2019-20,85,HS85 — Electrical Generating Sets and Rotary Converters,million USD,23.738103000000002
exports,hs2_sections,2019-20,54,HS54 — Sewing Thread of Manmade Filaments,million USD,22.793405000000007
exports,hs2_sections,2019-20,13,"HS13 — Vegetable Saps and Extracts: Pectates, Agar-Agar etc.",million USD,20.496188999999998
exports,hs2_sections,2019-20,33,HS33 — Odoriferous Mixtures as Raw Materials for Industry,million USD,19.836844999999997
exports,hs2_sections,2019-20,05,"HS05 — Guts, Bladders, Stomachs of Animals (Not Fish) Fre/Ch/Fro",million USD,19.326539
exports,hs2_sections,2019-20,58,HS58 — Woven Terry Fabrics and Tufted Textile Fabric NES,million USD,19.208945000000003
exports,hs2_sections,2019-20,05,"HS05 — Human Hair, Unworked and Waste of Human Hair",million USD,18.619294000000004
exports,hs2_sections,2019-20,73,"HS73 — Tubes, Pipes and Hollow Profiles Seamless of Iron or Steel",million USD,18.405255000000004
exports,hs2_sections,2019-20,56,"HS56 — Nonwovens Impregnated, Coated, Covered or Lamented",million USD,18.07587999999999
exports,hs2_sections,2019-20,58,HS58 — Tulles and other Net Fabrics,million USD,18.046927999999983
exports,hs2_sections,2019-20,13,"HS13 — Lac; Natural Gums, Resins, Gum-Resins and Balsams",million USD,16.92782100000001
exports,hs2_sections,2019-20,59,HS59 — Gum Covered Fabric; Tracing Cloth; Paint Canvas,million USD,16.857085999999995
exports,hs2_sections,2019-20,71,HS71 — Precious and Semi Precious Stones NES,million USD,14.435300000000002
exports,hs2_sections,2019-20,21,HS21 — Sauces and Preparations thereof,million USD,13.686158999999998
exports,hs2_sections,2019-20,28,"HS28 — Sulfur, Sublimed or Precipitated, Colloidal Sulfur",million USD,13.255972000000002
exports,hs2_sections,2019-20,70,HS70 — Drawn and Blown Glass in Sheets etc.,million USD,11.488174999999993
exports,hs2_sections,2019-20,56,HS56 — Textile Wadding and Articles; Text Fiber Not Over 5 mm,million USD,10.100076999999999
exports,hs2_sections,2019-20,28,HS28 — Hydrogen Chloride; Chlorosulphuric Acid,million USD,9.363517999999997
exports,hs2_sections,2019-20,38,HS38 — Rosin and Resin Acids etc. Rosin Spirit etc.,million USD,9.347033000000005
exports,hs2_sections,2019-20,88,"HS88 — Aircraft, Powered, Spacecraft and Launch Vehicles",million USD,9.019937000000002
exports,hs2_sections,2019-20,38,HS38 — Activated Carbon etc. Animal Black,million USD,8.833824000000002
exports,hs2_sections,2019-20,70,HS70 — Float Glass and Surface Ground or Polished Sheets etc.,million USD,8.742061999999995
exports,hs2_sections,2019-20,36,HS36 — Propellant Powders,million USD,7.850814999999999
exports,hs2_sections,2019-20,14,"HS14 — Vegetable Plaiting Materials Like Bamboos, Reeds etc.",million USD,7.668645
exports,hs2_sections,2019-20,68,"HS68 — Setts, Curbstone and Flagstones, of Natural Stone",million USD,7.606722999999995
exports,hs2_sections,2019-20,29,"HS29 — Hydrocarbon Derivatives, Sulphonated and Nitrated etc.",million USD,7.561086000000002
exports,hs2_sections,2019-20,01,"HS01 — Live Horses, Asses, Mules and Hinnies",million USD,6.979919000000002
exports,hs2_sections,2019-20,35,HS35 — Gelatin and Derivatives,million USD,6.898865
exports,hs2_sections,2019-20,68,HS68 — Worked Monumental or Building Stone and Articles NES,million USD,6.353308999999999
exports,hs2_sections,2019-20,35,HS35 — Albumins and Albumin Derivatives,million USD,5.886932999999999
exports,hs2_sections,2019-20,29,HS29 — Acyclic Hydrocarbons,million USD,5.584602000000005
exports,hs2_sections,2019-20,69,"HS69 — Bricks, Blocks, Tiles and Ceramic Goods of Siliceous Earth",million USD,4.892041999999998
exports,hs2_sections,2019-20,93,"HS93 — Swords, Cutlasses, Bayonets and Similar Arms & Parts",million USD,4.760809000000002
exports,hs2_sections,2019-20,69,"HS69 — Ceramic Sinks, Washbasins, Water Closet Bowls etc.",million USD,4.2039349999999995
exports,hs2_sections,2019-20,53,HS53 — Woven Fabrics of Jute or Other Textile Bast Fibres,million USD,4.198614
exports,hs2_sections,2019-20,16,"HS16 — Prepared or Preserved Meat, Meat Offal and Blood NES",million USD,4.003882
exports,hs2_sections,2019-20,36,"HS36 — Safety Fuses, Detonating Fuse and Percussion etc.",million USD,3.7256049999999985
exports,hs2_sections,2019-20,96,"HS96 — Worked Ivory, Bone etc and Articles Thereof",million USD,3.519758
exports,hs2_sections,2019-20,46,HS46 — Plaits etc and Products of Plaiting Materials,million USD,3.2768250000000005
exports,hs2_sections,2019-20,16,HS16 — Sausages and Similar Products of Meat and Blood,million USD,3.0556080000000003
exports,hs2_sections,2019-20,96,"HS96 — Brooms, Brushes, Mops and Feather Dusters etc.",million USD,2.9828270000000003
exports,hs2_sections,2019-20,92,"HS92 — Musical Boxes, Fairground Organs etc.",million USD,2.696869
exports,hs2_sections,2019-20,49,"HS49 — Printed Books, Brochures and Similar Printed Matter",million USD,2.596409
exports,hs2_sections,2019-20,83,"HS83 — Padlocks, Locks and Keys and Parts",million USD,2.330062
exports,hs2_sections,2019-20,18,HS18 — Chocolate and other Food Products Containing Cocoa,million USD,2.3299369999999997
exports,hs2_sections,2019-20,53,HS53 — Woven Fabrics of Flax,million USD,2.0296689999999997
exports,hs2_sections,2019-20,50,HS50 — Silkworm Cocoons Suitable for Reeling,million USD,1.8966020000000001
exports,hs2_sections,2019-20,78,"HS78 — Lead, Unwrought",million USD,1.87633
exports,hs2_sections,2019-20,06,"HS06 — Other Live Plants and their Roots NES, Cuttings and Slips,",million USD,1.613092
exports,hs2_sections,2019-20,79,"HS79 — Zinc Tubes, Pipes and Tube or Pipe Fittings",million USD,1.562966
exports,hs2_sections,2019-20,51,"HS51 — Yarn of Combed Wool, Not for Retail Sale",million USD,1.5427170000000006
exports,hs2_sections,2019-20,06,HS06 — Cut Flowers and Flower Buds for Bouquet or for Ornaments,million USD,1.509208
exports,hs2_sections,2019-20,79,"HS79 — Zinc Dust, Powders and Flakes",million USD,1.398817
exports,hs2_sections,2019-20,18,"HS18 — Cocoa Powder, Not Sweetened",million USD,1.330256
exports,hs2_sections,2019-20,51,"HS51 — Yarn of Wool or Fine Animal Hair, For Retail Sale",million USD,1.015139
exports,hs2_sections,2019-20,43,"HS43 — Articles of Apparel etc, of Furskins",million USD,0.9981880000000001
exports,hs2_sections,2019-20,83,"HS83 — Bells, Gongs and the Like, Picture and Frames",million USD,0.994412
exports,hs2_sections,2019-20,89,HS89 — Vessels and Floating Structures for Scrapping,million USD,0.9429710000000001
exports,hs2_sections,2019-20,80,HS80 — Articles of Tin NES,million USD,0.879788
exports,hs2_sections,2019-20,65,"HS65 — Hats and Headgear, Knitted etc. Lace etc.",million USD,0.633115
exports,hs2_sections,2019-20,65,"HS65 — Hat-Forms, Bodies and Hoods and Manchons of Felt",million USD,0.5758669999999999
exports,hs2_sections,2019-20,89,"HS89 — Floating Structures NES Rafts, Tanks, Buoys etc.",million USD,0.5535150000000001
exports,hs2_sections,2019-20,43,"HS43 — Tanned or Dressed Furskins including Heads, Tails etc.",million USD,0.5096800000000001
exports,hs2_sections,2019-20,91,HS91 — Time of Day Recording Apparatus etc.,million USD,0.4762639999999999
exports,hs2_sections,2019-20,80,"HS80 — Tin, Unwrought",million USD,0.463521
exports,hs2_sections,2019-20,91,"HS91 — Watch, Wrist, Pocket etc. Precious Metal or Clad Case",million USD,0.452512
exports,hs2_sections,2019-20,46,"HS46 — Basketwork, Wickerwork of Plait and other Articles",million USD,0.4490510000000001
exports,hs2_sections,2019-20,67,"HS67 — Artificial Flowers, Foliage and Fruit Parts thereof",million USD,0.413601
exports,hs2_sections,2019-20,81,HS81 — Zirconium and Articles Thereof Include. Waste and Scrap,million USD,0.391737
exports,hs2_sections,2019-20,31,"HS31 — Fertilizer of Nitrogen, Phosphorus or Potassium",million USD,0.309656
exports,hs2_sections,2019-20,75,"HS75 — Nickel Mattes, Nickel Oxide Sinters and other Products",million USD,0.259336
exports,hs2_sections,2019-20,47,"HS47 — Chemical Wood pulp, Soda or Sulfate, Not Dissolving Grades",million USD,0.231235
exports,hs2_sections,2019-20,81,HS81 — Molybdenum and Articles Thereof Including Waste & Scrap,million USD,0.22659700000000002
exports,hs2_sections,2019-20,97,"HS97 — Original Engravings, Prints and Lithographs",million USD,0.191551
exports,hs2_sections,2019-20,99,HS99 — Pharmaceutical Raw Materials for Conceptives,million USD,0.17626
exports,hs2_sections,2019-20,66,"HS66 — Walking-Sticks, Seat-Sticks, Whips and Riding-Crops",million USD,0.161261
exports,hs2_sections,2019-20,97,"HS97 — Paintings, Drawing etc By Hand",million USD,0.083439
exports,hs2_sections,2019-20,75,HS75 — Articles of Nickel NES,million USD,0.071327
exports,hs2_sections,2019-20,37,HS37 — Photographic Plates and Film etc.,million USD,0.058219
exports,hs2_sections,2019-20,86,HS86 — Parts of Railway or Tramway Locomotives,million USD,0.056166999999999995
exports,hs2_sections,2019-20,67,"HS67 — Wigs, False Beards of Hair etc. Human Hair Articles NES",million USD,0.038276000000000004
exports,hs2_sections,2019-20,37,"HS37 — Photo Plates and Film Flat, Sensitized, Unexposed",million USD,0.026754
exports,hs2_sections,2019-20,31,"HS31 — Mineral or Chem. Fertilizers, Nitrogenous",million USD,0.0
exports,hs2_sections,2019-20,45,"HS45 — Natural Cork, Raw or Simply Prepared, Waste",million USD,0.0
exports,hs2_sections,2019-20,99,HS99 — Special Transaction NES,million USD,0.0
exports,hs2_sections,2020-21,63,HS63 — Blankets and Traveling Rugs,million USD,4658.082075000011
exports,hs2_sections,2020-21,61,"HS61 — Gents Overcoats, Car-Coats, Caps, Cloaks and Anoraks etc.",million USD,3599.0943939999966
exports,hs2_sections,2020-21,52,HS52 — Cotton Waste Including Yarn Waste etc.,million USD,2852.2218210000015
exports,hs2_sections,2020-21,62,"HS62 — Men's or Boys' Overcoats, Cloaks etc. Not Knitted etc",million USD,2771.4567100000036
exports,hs2_sections,2020-21,10,HS10 — Barley,million USD,2226.556964999999
exports,hs2_sections,2020-21,42,"HS42 — Travel Goods, Handbags, Wallets, Jewelry Cases etc.",million USD,656.0232960000008
exports,hs2_sections,2020-21,74,"HS74 — Refined Copper and Copper Alloys, Unwrought",million USD,559.5252900000003
exports,hs2_sections,2020-21,25,"HS25 — Salt, Pure Sodium Chloride, Sea Water",million USD,521.2482420000001
exports,hs2_sections,2020-21,90,"HS90 — Medical, Surgical and Dental Instruments etc.",million USD,474.8296610000001
exports,hs2_sections,2020-21,08,"HS08 — Coconuts, Brazil Nuts & Cashew Nuts, Fresh or Dry",million USD,464.81139600000057
exports,hs2_sections,2020-21,03,"HS03 — Fish, Fresh or Chilled (Not Fish Fillets & other Fish Meat)",million USD,405.98672999999997
exports,hs2_sections,2020-21,95,HS95 — Articles and Equipments for Sports etc NES,million USD,377.27492299999983
exports,hs2_sections,2020-21,02,"HS02 — Meat of Bovine Animals, Fresh or Chilled",million USD,352.73639900000023
exports,hs2_sections,2020-21,55,HS55 — Woven Fabrics of Synthetic Staple Fibres Containing <85% Fib,million USD,338.164744
exports,hs2_sections,2020-21,26,HS26 — Precious Metal Ores and Concentrates,million USD,334.1207930000002
exports,hs2_sections,2020-21,22,"HS22 — Waters, Natural etc. Not Sweetened, Ice and Snow",million USD,331.35681600000004
exports,hs2_sections,2020-21,39,"HS39 — Polymers of Ethylene, in Primary Forms",million USD,320.4388939999998
exports,hs2_sections,2020-21,30,HS30 — Human Blood or Animal Blood Prepared for Therapeutic,million USD,273.09557599999954
exports,hs2_sections,2020-21,07,"HS07 — Potatoes, Fresh or Chilled",million USD,244.15006799999964
exports,hs2_sections,2020-21,27,HS27 — Oil from Petrol and Bituminous Mineral etc.,million USD,235.76886
exports,hs2_sections,2020-21,94,HS94 — Furniture NES and Parts Thereof,million USD,197.68767999999997
exports,hs2_sections,2020-21,41,HS41 — Leather further prepared after tanning (other animal),million USD,159.0367089999997
exports,hs2_sections,2020-21,12,"HS12 — Soya beans, Whether or Not Broken",million USD,149.15043700000004
exports,hs2_sections,2020-21,64,"HS64 — Footwear, Outer Sole and Upper Rubber or Plastic NES",million USD,135.52009600000002
exports,hs2_sections,2020-21,09,HS09 — Tea Whether or not Flavored,million USD,127.26938799999988
exports,hs2_sections,2020-21,72,HS72 — Ferrous Waste and Scrap,million USD,117.13034900000002
exports,hs2_sections,2020-21,84,HS84 — Pumps for Liquids; Liquid Elevators; Parts Thereof,million USD,111.86699899999991
exports,hs2_sections,2020-21,17,HS17 — Cane or Beet Sugar and Sucrose in Solid Form,million USD,110.31350100000004
exports,hs2_sections,2020-21,82,"HS82 — Files, Rasps, Pliers, Metal cutting Shears etc.",million USD,104.12235499999991
exports,hs2_sections,2020-21,23,"HS23 — Bran, Sharps and other Residue",million USD,93.47672199999992
exports,hs2_sections,2020-21,87,HS87 — Tractors Other Than Work Trucks used for Short Distance,million USD,84.21799499999995
exports,hs2_sections,2020-21,76,"HS76 — Aluminum, Unwrought",million USD,82.29020600000007
exports,hs2_sections,2020-21,57,"HS57 — Carpets and other Textile Floor Coverings, Knotted",million USD,79.37397
exports,hs2_sections,2020-21,40,"HS40 — Natural Rubber, Balata, Chicle etc, Primary Form etc.",million USD,77.23921100000003
exports,hs2_sections,2020-21,19,HS19 — Malt Extracts; Food Prep. of Flour etc. Under 50% Cocoa etc.,million USD,73.22231499999995
exports,hs2_sections,2020-21,15,HS15 — Wool Grease Fatty Substances Derived there from,million USD,70.897983
exports,hs2_sections,2020-21,88,"HS88 — Aircraft, Powered, Spacecraft and Launch Vehicles",million USD,64.731114
exports,hs2_sections,2020-21,20,"HS20 — Vegetable, Fruit, Nuts Etc, Prep Or Pres By Vinegar Etc",million USD,64.28991200000004
exports,hs2_sections,2020-21,85,HS85 — Electrical Generating Sets and Rotary Converters,million USD,62.06340899999998
exports,hs2_sections,2020-21,21,"HS21 — Extracts etc of Coffee, Tea or Mate",million USD,59.041819
exports,hs2_sections,2020-21,58,HS58 — Tulles and other Net Fabrics,million USD,58.939445000000006
exports,hs2_sections,2020-21,05,"HS05 — Human Hair, Unworked and Waste of Human Hair",million USD,55.98388199999999
exports,hs2_sections,2020-21,24,HS24 — Tobacco and Tobacco Refuse,million USD,50.85495699999998
exports,hs2_sections,2020-21,48,"HS48 — Paper Uncoated For Writing etc, Rolls; Handmade Paper",million USD,50.40424100000003
exports,hs2_sections,2020-21,34,"HS34 — Soap, Organic Surf-Act Products used for Soap",million USD,48.718014000000025
exports,hs2_sections,2020-21,60,HS60 — Pile Fabrics and Terry Fabrics Knitted or Crocheted,million USD,47.436876000000005
exports,hs2_sections,2020-21,54,HS54 — Sewing Thread of Manmade Filaments,million USD,43.875756
exports,hs2_sections,2020-21,44,"HS44 — Fuel Wood, In Logs etc. Wood in Chips etc.",million USD,43.747569999999975
exports,hs2_sections,2020-21,73,"HS73 — Tubes, Pipes and Hollow Profiles Seamless of Iron or Steel",million USD,43.47478000000004
exports,hs2_sections,2020-21,32,HS32 — Tanning Extracts of Vegetable Origin,million USD,43.234532999999985
exports,hs2_sections,2020-21,38,HS38 — Rosin and Resin Acids etc. Rosin Spirit etc.,million USD,40.45422200000002
exports,hs2_sections,2020-21,99,HS99 — Special Transaction NES,million USD,39.048895
exports,hs2_sections,2020-21,13,"HS13 — Vegetable Saps and Extracts: Pectates, Agar-Agar etc.",million USD,38.166533
exports,hs2_sections,2020-21,93,"HS93 — Swords, Cutlasses, Bayonets and Similar Arms & Parts",million USD,35.598313999999995
exports,hs2_sections,2020-21,04,"HS04 — Milk and Cream, Not Concentrated or Sweetened",million USD,29.812103999999987
exports,hs2_sections,2020-21,28,HS28 — Hydrogen Chloride; Chlorosulphuric Acid,million USD,27.398344000000005
exports,hs2_sections,2020-21,70,HS70 — Float Glass and Surface Ground or Polished Sheets etc.,million USD,27.228011000000034
exports,hs2_sections,2020-21,33,HS33 — Odoriferous Mixtures as Raw Materials for Industry,million USD,24.54714300000001
exports,hs2_sections,2020-21,71,HS71 — Precious and Semi Precious Stones NES,million USD,23.400956999999988
exports,hs2_sections,2020-21,11,HS11 — Wheat or Meslin Flour,million USD,22.800291
exports,hs2_sections,2020-21,29,"HS29 — Hydrocarbon Derivatives, Sulphonated and Nitrated etc.",million USD,21.720818000000005
exports,hs2_sections,2020-21,59,HS59 — Gum Covered Fabric; Tracing Cloth; Paint Canvas,million USD,19.317199000000006
exports,hs2_sections,2020-21,68,HS68 — Worked Monumental or Building Stone and Articles NES,million USD,19.067696999999992
exports,hs2_sections,2020-21,16,"HS16 — Prepared or Preserved Meat, Meat Offal and Blood NES",million USD,17.980249000000008
exports,hs2_sections,2020-21,01,"HS01 — Live Horses, Asses, Mules and Hinnies",million USD,12.940528
exports,hs2_sections,2020-21,69,"HS69 — Ceramic Sinks, Washbasins, Water Closet Bowls etc.",million USD,12.135033999999997
exports,hs2_sections,2020-21,36,"HS36 — Safety Fuses, Detonating Fuse and Percussion etc.",million USD,11.859157
exports,hs2_sections,2020-21,35,HS35 — Gelatin and Derivatives,million USD,11.684370999999997
exports,hs2_sections,2020-21,53,HS53 — Woven Fabrics of Flax,million USD,10.934148999999996
exports,hs2_sections,2020-21,56,"HS56 — Nonwovens Impregnated, Coated, Covered or Lamented",million USD,10.022518999999999
exports,hs2_sections,2020-21,96,"HS96 — Brooms, Brushes, Mops and Feather Dusters etc.",million USD,9.610057000000001
exports,hs2_sections,2020-21,78,"HS78 — Lead, Unwrought",million USD,9.102001000000001
exports,hs2_sections,2020-21,14,"HS14 — Vegetable Plaiting Materials Like Bamboos, Reeds etc.",million USD,6.090442000000001
exports,hs2_sections,2020-21,92,"HS92 — Musical Boxes, Fairground Organs etc.",million USD,5.807274000000001
exports,hs2_sections,2020-21,79,"HS79 — Zinc Dust, Powders and Flakes",million USD,4.017649
exports,hs2_sections,2020-21,91,"HS91 — Watch, Wrist, Pocket etc. Precious Metal or Clad Case",million USD,3.9506930000000002
exports,hs2_sections,2020-21,06,HS06 — Cut Flowers and Flower Buds for Bouquet or for Ornaments,million USD,3.3588250000000026
exports,hs2_sections,2020-21,49,"HS49 — Printed Books, Brochures and Similar Printed Matter",million USD,3.294088000000001
exports,hs2_sections,2020-21,18,"HS18 — Cocoa Powder, Not Sweetened",million USD,3.0859289999999993
exports,hs2_sections,2020-21,51,"HS51 — Yarn of Wool or Fine Animal Hair, For Retail Sale",million USD,2.5962850000000004
exports,hs2_sections,2020-21,50,HS50 — Silkworm Cocoons Suitable for Reeling,million USD,2.5181519999999997
exports,hs2_sections,2020-21,80,HS80 — Articles of Tin NES,million USD,2.216352
exports,hs2_sections,2020-21,83,"HS83 — Bells, Gongs and the Like, Picture and Frames",million USD,2.1186280000000006
exports,hs2_sections,2020-21,65,"HS65 — Hats and Headgear, Knitted etc. Lace etc.",million USD,1.757971
exports,hs2_sections,2020-21,89,"HS89 — Floating Structures NES Rafts, Tanks, Buoys etc.",million USD,1.7054649999999998
exports,hs2_sections,2020-21,46,HS46 — Plaits etc and Products of Plaiting Materials,million USD,1.2251489999999998
exports,hs2_sections,2020-21,97,"HS97 — Paintings, Drawing etc By Hand",million USD,0.9550799999999998
exports,hs2_sections,2020-21,47,"HS47 — Chemical Wood pulp, Soda or Sulfate, Not Dissolving Grades",million USD,0.795621
exports,hs2_sections,2020-21,81,HS81 — Molybdenum and Articles Thereof Including Waste & Scrap,million USD,0.250392
exports,hs2_sections,2020-21,66,"HS66 — Walking-Sticks, Seat-Sticks, Whips and Riding-Crops",million USD,0.219607
exports,hs2_sections,2020-21,43,"HS43 — Articles of Apparel etc, of Furskins",million USD,0.17466399999999999
exports,hs2_sections,2020-21,86,HS86 — Parts of Railway or Tramway Locomotives,million USD,0.11499300000000001
exports,hs2_sections,2020-21,37,"HS37 — Photo Plates and Film Flat, Sensitized, Unexposed",million USD,0.10747200000000001
exports,hs2_sections,2020-21,67,"HS67 — Wigs, False Beards of Hair etc. Human Hair Articles NES",million USD,0.057186
exports,hs2_sections,2020-21,75,"HS75 — Nickel Mattes, Nickel Oxide Sinters and other Products",million USD,0.042986
exports,hs2_sections,2020-21,45,"HS45 — Natural Cork, Raw or Simply Prepared, Waste",million USD,0.012989
exports,hs2_sections,2020-21,31,"HS31 — Fertilizer of Nitrogen, Phosphorus or Potassium",million USD,0.001264
exports,hs2_sections,2021-22,63,HS63 — Blankets and Traveling Rugs,million USD,5697.275405999993
exports,hs2_sections,2021-22,61,"HS61 — Gents Overcoats, Car-Coats, Caps, Cloaks and Anoraks etc.",million USD,4846.385211999998
exports,hs2_sections,2021-22,62,"HS62 — Men's or Boys' Overcoats, Cloaks etc. Not Knitted etc",million USD,3665.6523009999987
exports,hs2_sections,2021-22,52,HS52 — Cotton Waste Including Yarn Waste etc.,million USD,3597.963737999998
exports,hs2_sections,2021-22,10,HS10 — Barley,million USD,3004.133761999999
exports,hs2_sections,2021-22,74,"HS74 — Refined Copper and Copper Alloys, Unwrought",million USD,838.720163
exports,hs2_sections,2021-22,42,"HS42 — Travel Goods, Handbags, Wallets, Jewelry Cases etc.",million USD,746.7213739999999
exports,hs2_sections,2021-22,22,"HS22 — Waters, Natural etc. Not Sweetened, Ice and Snow",million USD,502.55334099999965
exports,hs2_sections,2021-22,25,"HS25 — Salt, Pure Sodium Chloride, Sea Water",million USD,502.4504709999995
exports,hs2_sections,2021-22,90,"HS90 — Medical, Surgical and Dental Instruments etc.",million USD,500.6861099999992
exports,hs2_sections,2021-22,39,"HS39 — Polymers of Ethylene, in Primary Forms",million USD,440.48810700000075
exports,hs2_sections,2021-22,55,HS55 — Woven Fabrics of Synthetic Staple Fibres Containing <85% Fib,million USD,420.5857020000005
exports,hs2_sections,2021-22,27,HS27 — Oil from Petrol and Bituminous Mineral etc.,million USD,415.1911459999999
exports,hs2_sections,2021-22,03,"HS03 — Fish, Fresh or Chilled (Not Fish Fillets & other Fish Meat)",million USD,411.04294100000004
exports,hs2_sections,2021-22,95,HS95 — Articles and Equipments for Sports etc NES,million USD,410.96857700000015
exports,hs2_sections,2021-22,08,"HS08 — Coconuts, Brazil Nuts & Cashew Nuts, Fresh or Dry",million USD,393.43721799999986
exports,hs2_sections,2021-22,26,HS26 — Precious Metal Ores and Concentrates,million USD,363.600592
exports,hs2_sections,2021-22,02,"HS02 — Meat of Bovine Animals, Fresh or Chilled",million USD,327.9437060000001
exports,hs2_sections,2021-22,12,"HS12 — Soya beans, Whether or Not Broken",million USD,271.86877000000027
exports,hs2_sections,2021-22,30,HS30 — Human Blood or Animal Blood Prepared for Therapeutic,million USD,243.85985800000034
exports,hs2_sections,2021-22,07,"HS07 — Potatoes, Fresh or Chilled",million USD,231.83281299999985
exports,hs2_sections,2021-22,94,HS94 — Furniture NES and Parts Thereof,million USD,231.65064099999995
exports,hs2_sections,2021-22,41,HS41 — Leather further prepared after tanning (other animal),million USD,208.5210579999996
exports,hs2_sections,2021-22,17,HS17 — Cane or Beet Sugar and Sucrose in Solid Form,million USD,196.19367700000015
exports,hs2_sections,2021-22,72,HS72 — Ferrous Waste and Scrap,million USD,188.12976299999994
exports,hs2_sections,2021-22,76,"HS76 — Aluminum, Unwrought",million USD,166.82700000000014
exports,hs2_sections,2021-22,64,"HS64 — Footwear, Outer Sole and Upper Rubber or Plastic NES",million USD,155.09359700000013
exports,hs2_sections,2021-22,09,HS09 — Tea Whether or not Flavored,million USD,121.72484100000003
exports,hs2_sections,2021-22,23,"HS23 — Bran, Sharps and other Residue",million USD,114.956651
exports,hs2_sections,2021-22,84,HS84 — Pumps for Liquids; Liquid Elevators; Parts Thereof,million USD,110.31717900000001
exports,hs2_sections,2021-22,82,"HS82 — Files, Rasps, Pliers, Metal cutting Shears etc.",million USD,106.97014399999999
exports,hs2_sections,2021-22,57,"HS57 — Carpets and other Textile Floor Coverings, Knotted",million USD,97.26960900000005
exports,hs2_sections,2021-22,48,"HS48 — Paper Uncoated For Writing etc, Rolls; Handmade Paper",million USD,96.76208799999993
exports,hs2_sections,2021-22,21,"HS21 — Extracts etc of Coffee, Tea or Mate",million USD,94.84471399999998
exports,hs2_sections,2021-22,15,HS15 — Wool Grease Fatty Substances Derived there from,million USD,88.56418900000001
exports,hs2_sections,2021-22,19,HS19 — Malt Extracts; Food Prep. of Flour etc. Under 50% Cocoa etc.,million USD,76.54271599999994
exports,hs2_sections,2021-22,54,HS54 — Sewing Thread of Manmade Filaments,million USD,76.07363699999998
exports,hs2_sections,2021-22,60,HS60 — Pile Fabrics and Terry Fabrics Knitted or Crocheted,million USD,72.758854
exports,hs2_sections,2021-22,85,HS85 — Electrical Generating Sets and Rotary Converters,million USD,69.51352200000002
exports,hs2_sections,2021-22,87,HS87 — Tractors Other Than Work Trucks used for Short Distance,million USD,68.30817700000001
exports,hs2_sections,2021-22,73,"HS73 — Tubes, Pipes and Hollow Profiles Seamless of Iron or Steel",million USD,67.94326499999997
exports,hs2_sections,2021-22,05,"HS05 — Human Hair, Unworked and Waste of Human Hair",million USD,67.05564800000005
exports,hs2_sections,2021-22,20,"HS20 — Vegetable, Fruit, Nuts Etc, Prep Or Pres By Vinegar Etc",million USD,66.72130200000004
exports,hs2_sections,2021-22,40,"HS40 — Natural Rubber, Balata, Chicle etc, Primary Form etc.",million USD,62.94787300000006
exports,hs2_sections,2021-22,38,HS38 — Rosin and Resin Acids etc. Rosin Spirit etc.,million USD,57.95195000000002
exports,hs2_sections,2021-22,24,HS24 — Tobacco and Tobacco Refuse,million USD,56.91597199999997
exports,hs2_sections,2021-22,34,"HS34 — Soap, Organic Surf-Act Products used for Soap",million USD,56.38604599999998
exports,hs2_sections,2021-22,13,"HS13 — Vegetable Saps and Extracts: Pectates, Agar-Agar etc.",million USD,50.764199000000005
exports,hs2_sections,2021-22,28,HS28 — Hydrogen Chloride; Chlorosulphuric Acid,million USD,50.558513000000026
exports,hs2_sections,2021-22,88,"HS88 — Aircraft, Powered, Spacecraft and Launch Vehicles",million USD,47.632862999999986
exports,hs2_sections,2021-22,70,HS70 — Float Glass and Surface Ground or Polished Sheets etc.,million USD,42.302613000000015
exports,hs2_sections,2021-22,11,HS11 — Wheat or Meslin Flour,million USD,40.494305
exports,hs2_sections,2021-22,32,HS32 — Tanning Extracts of Vegetable Origin,million USD,37.28123599999999
exports,hs2_sections,2021-22,16,"HS16 — Prepared or Preserved Meat, Meat Offal and Blood NES",million USD,31.016227000000004
exports,hs2_sections,2021-22,99,HS99 — Special Transaction NES,million USD,30.833975999999996
exports,hs2_sections,2021-22,29,"HS29 — Hydrocarbon Derivatives, Sulphonated and Nitrated etc.",million USD,29.475834000000006
exports,hs2_sections,2021-22,71,HS71 — Precious and Semi Precious Stones NES,million USD,29.278745999999995
exports,hs2_sections,2021-22,58,HS58 — Tulles and other Net Fabrics,million USD,28.493125999999997
exports,hs2_sections,2021-22,33,HS33 — Odoriferous Mixtures as Raw Materials for Industry,million USD,26.64312599999999
exports,hs2_sections,2021-22,78,"HS78 — Lead, Unwrought",million USD,22.974127000000006
exports,hs2_sections,2021-22,35,HS35 — Gelatin and Derivatives,million USD,22.502798000000002
exports,hs2_sections,2021-22,44,"HS44 — Fuel Wood, In Logs etc. Wood in Chips etc.",million USD,22.336340999999983
exports,hs2_sections,2021-22,04,"HS04 — Milk and Cream, Not Concentrated or Sweetened",million USD,20.98607300000001
exports,hs2_sections,2021-22,68,HS68 — Worked Monumental or Building Stone and Articles NES,million USD,20.351511
exports,hs2_sections,2021-22,96,"HS96 — Brooms, Brushes, Mops and Feather Dusters etc.",million USD,16.79354
exports,hs2_sections,2021-22,93,"HS93 — Swords, Cutlasses, Bayonets and Similar Arms & Parts",million USD,13.214610000000002
exports,hs2_sections,2021-22,56,"HS56 — Nonwovens Impregnated, Coated, Covered or Lamented",million USD,12.40465
exports,hs2_sections,2021-22,36,"HS36 — Safety Fuses, Detonating Fuse and Percussion etc.",million USD,10.997695
exports,hs2_sections,2021-22,69,"HS69 — Ceramic Sinks, Washbasins, Water Closet Bowls etc.",million USD,10.732379999999996
exports,hs2_sections,2021-22,53,HS53 — Woven Fabrics of Flax,million USD,10.359257000000005
exports,hs2_sections,2021-22,59,HS59 — Gum Covered Fabric; Tracing Cloth; Paint Canvas,million USD,9.672056000000003
exports,hs2_sections,2021-22,14,"HS14 — Vegetable Plaiting Materials Like Bamboos, Reeds etc.",million USD,6.728621000000001
exports,hs2_sections,2021-22,92,"HS92 — Musical Boxes, Fairground Organs etc.",million USD,5.190317999999998
exports,hs2_sections,2021-22,18,"HS18 — Cocoa Powder, Not Sweetened",million USD,4.817379999999998
exports,hs2_sections,2021-22,79,"HS79 — Zinc Dust, Powders and Flakes",million USD,4.293166000000001
exports,hs2_sections,2021-22,49,"HS49 — Printed Books, Brochures and Similar Printed Matter",million USD,4.0155959999999995
exports,hs2_sections,2021-22,01,"HS01 — Live Horses, Asses, Mules and Hinnies",million USD,3.9918529999999994
exports,hs2_sections,2021-22,06,HS06 — Cut Flowers and Flower Buds for Bouquet or for Ornaments,million USD,3.9761039999999985
exports,hs2_sections,2021-22,91,"HS91 — Watch, Wrist, Pocket etc. Precious Metal or Clad Case",million USD,3.953533000000001
exports,hs2_sections,2021-22,65,"HS65 — Hats and Headgear, Knitted etc. Lace etc.",million USD,3.865708999999999
exports,hs2_sections,2021-22,51,"HS51 — Yarn of Wool or Fine Animal Hair, For Retail Sale",million USD,2.798135
exports,hs2_sections,2021-22,83,"HS83 — Bells, Gongs and the Like, Picture and Frames",million USD,2.527077999999999
exports,hs2_sections,2021-22,97,"HS97 — Paintings, Drawing etc By Hand",million USD,2.2200139999999995
exports,hs2_sections,2021-22,50,HS50 — Silkworm Cocoons Suitable for Reeling,million USD,1.7381070000000003
exports,hs2_sections,2021-22,81,HS81 — Molybdenum and Articles Thereof Including Waste & Scrap,million USD,1.2805300000000002
exports,hs2_sections,2021-22,46,HS46 — Plaits etc and Products of Plaiting Materials,million USD,1.0225790000000001
exports,hs2_sections,2021-22,66,"HS66 — Walking-Sticks, Seat-Sticks, Whips and Riding-Crops",million USD,0.7798949999999999
exports,hs2_sections,2021-22,31,"HS31 — Fertilizer of Nitrogen, Phosphorus or Potassium",million USD,0.6549640000000001
exports,hs2_sections,2021-22,47,"HS47 — Chemical Wood pulp, Soda or Sulfate, Not Dissolving Grades",million USD,0.457369
exports,hs2_sections,2021-22,37,"HS37 — Photo Plates and Film Flat, Sensitized, Unexposed",million USD,0.45596699999999996
exports,hs2_sections,2021-22,89,"HS89 — Floating Structures NES Rafts, Tanks, Buoys etc.",million USD,0.39779999999999993
exports,hs2_sections,2021-22,67,"HS67 — Wigs, False Beards of Hair etc. Human Hair Articles NES",million USD,0.39485799999999993
exports,hs2_sections,2021-22,43,"HS43 — Articles of Apparel etc, of Furskins",million USD,0.3282729999999999
exports,hs2_sections,2021-22,75,"HS75 — Nickel Mattes, Nickel Oxide Sinters and other Products",million USD,0.135043
exports,hs2_sections,2021-22,86,HS86 — Parts of Railway or Tramway Locomotives,million USD,0.09753300000000001
exports,hs2_sections,2021-22,80,HS80 — Articles of Tin NES,million USD,0.088944
exports,hs2_sections,2021-22,45,"HS45 — Natural Cork, Raw or Simply Prepared, Waste",million USD,0.073214
exports,hs2_sections,2022-23,63,HS63 — Blankets and Traveling Rugs,million USD,4966.308501200019
exports,hs2_sections,2022-23,61,"HS61 — Gents Overcoats, Car-Coats, Caps, Cloaks and Anoraks etc.",million USD,4514.200216199998
exports,hs2_sections,2022-23,62,"HS62 — Men's or Boys' Overcoats, Cloaks etc. Not Knitted etc",million USD,3474.6486011999987
exports,hs2_sections,2022-23,52,HS52 — Cotton Waste Including Yarn Waste etc.,million USD,3097.3367734000017
exports,hs2_sections,2022-23,10,HS10 — Barley,million USD,2320.8418728000024
exports,hs2_sections,2022-23,42,"HS42 — Travel Goods, Handbags, Wallets, Jewelry Cases etc.",million USD,713.8332577999996
exports,hs2_sections,2022-23,74,"HS74 — Refined Copper and Copper Alloys, Unwrought",million USD,581.3490342
exports,hs2_sections,2022-23,22,"HS22 — Waters, Natural etc. Not Sweetened, Ice and Snow",million USD,531.1964360000002
exports,hs2_sections,2022-23,90,"HS90 — Medical, Surgical and Dental Instruments etc.",million USD,474.28933919999986
exports,hs2_sections,2022-23,03,"HS03 — Fish, Fresh or Chilled (Not Fish Fillets & other Fish Meat)",million USD,469.2732957000001
exports,hs2_sections,2022-23,25,"HS25 — Salt, Pure Sodium Chloride, Sea Water",million USD,419.0847211000005
exports,hs2_sections,2022-23,93,"HS93 — Swords, Cutlasses, Bayonets and Similar Arms & Parts",million USD,415.6498832999999
exports,hs2_sections,2022-23,02,"HS02 — Meat of Bovine Animals, Fresh or Chilled",million USD,389.6593243000001
exports,hs2_sections,2022-23,55,HS55 — Woven Fabrics of Synthetic Staple Fibres Containing <85% Fib,million USD,377.51939249999975
exports,hs2_sections,2022-23,95,HS95 — Articles and Equipments for Sports etc NES,million USD,375.7233888000002
exports,hs2_sections,2022-23,39,"HS39 — Polymers of Ethylene, in Primary Forms",million USD,371.7271012000005
exports,hs2_sections,2022-23,26,HS26 — Precious Metal Ores and Concentrates,million USD,308.4155074999999
exports,hs2_sections,2022-23,17,HS17 — Cane or Beet Sugar and Sucrose in Solid Form,million USD,307.30408939999984
exports,hs2_sections,2022-23,27,HS27 — Oil from Petrol and Bituminous Mineral etc.,million USD,290.94648010000003
exports,hs2_sections,2022-23,12,"HS12 — Soya beans, Whether or Not Broken",million USD,235.30745330000022
exports,hs2_sections,2022-23,08,"HS08 — Coconuts, Brazil Nuts & Cashew Nuts, Fresh or Dry",million USD,229.13943949999992
exports,hs2_sections,2022-23,30,HS30 — Human Blood or Animal Blood Prepared for Therapeutic,million USD,210.46766979999987
exports,hs2_sections,2022-23,94,HS94 — Furniture NES and Parts Thereof,million USD,199.13287090000003
exports,hs2_sections,2022-23,41,HS41 — Leather further prepared after tanning (other animal),million USD,175.02558769999993
exports,hs2_sections,2022-23,64,"HS64 — Footwear, Outer Sole and Upper Rubber or Plastic NES",million USD,167.34700159999994
exports,hs2_sections,2022-23,07,"HS07 — Potatoes, Fresh or Chilled",million USD,146.45726409999992
exports,hs2_sections,2022-23,76,"HS76 — Aluminum, Unwrought",million USD,132.346304
exports,hs2_sections,2022-23,21,"HS21 — Extracts etc of Coffee, Tea or Mate",million USD,129.02328060000002
exports,hs2_sections,2022-23,19,HS19 — Malt Extracts; Food Prep. of Flour etc. Under 50% Cocoa etc.,million USD,122.7821585
exports,hs2_sections,2022-23,84,HS84 — Pumps for Liquids; Liquid Elevators; Parts Thereof,million USD,115.76264079999994
exports,hs2_sections,2022-23,09,HS09 — Tea Whether or not Flavored,million USD,109.15822340000004
exports,hs2_sections,2022-23,23,"HS23 — Bran, Sharps and other Residue",million USD,87.46924989999997
exports,hs2_sections,2022-23,48,"HS48 — Paper Uncoated For Writing etc, Rolls; Handmade Paper",million USD,85.47951080000004
exports,hs2_sections,2022-23,82,"HS82 — Files, Rasps, Pliers, Metal cutting Shears etc.",million USD,85.20541150000005
exports,hs2_sections,2022-23,28,HS28 — Hydrogen Chloride; Chlorosulphuric Acid,million USD,84.20978229999992
exports,hs2_sections,2022-23,57,"HS57 — Carpets and other Textile Floor Coverings, Knotted",million USD,78.71303320000005
exports,hs2_sections,2022-23,40,"HS40 — Natural Rubber, Balata, Chicle etc, Primary Form etc.",million USD,78.45938280000001
exports,hs2_sections,2022-23,24,HS24 — Tobacco and Tobacco Refuse,million USD,77.80871879999998
exports,hs2_sections,2022-23,54,HS54 — Sewing Thread of Manmade Filaments,million USD,75.86268079999999
exports,hs2_sections,2022-23,05,"HS05 — Human Hair, Unworked and Waste of Human Hair",million USD,75.3348637
exports,hs2_sections,2022-23,72,HS72 — Ferrous Waste and Scrap,million USD,73.55989729999999
exports,hs2_sections,2022-23,87,HS87 — Tractors Other Than Work Trucks used for Short Distance,million USD,72.6388759
exports,hs2_sections,2022-23,20,"HS20 — Vegetable, Fruit, Nuts Etc, Prep Or Pres By Vinegar Etc",million USD,68.29372260000002
exports,hs2_sections,2022-23,60,HS60 — Pile Fabrics and Terry Fabrics Knitted or Crocheted,million USD,64.85967789999995
exports,hs2_sections,2022-23,85,HS85 — Electrical Generating Sets and Rotary Converters,million USD,60.67991280000008
exports,hs2_sections,2022-23,73,"HS73 — Tubes, Pipes and Hollow Profiles Seamless of Iron or Steel",million USD,58.661663299999894
exports,hs2_sections,2022-23,34,"HS34 — Soap, Organic Surf-Act Products used for Soap",million USD,56.937779299999995
exports,hs2_sections,2022-23,15,HS15 — Wool Grease Fatty Substances Derived there from,million USD,51.735368199999996
exports,hs2_sections,2022-23,13,"HS13 — Vegetable Saps and Extracts: Pectates, Agar-Agar etc.",million USD,51.111801199999974
exports,hs2_sections,2022-23,43,"HS43 — Articles of Apparel etc, of Furskins",million USD,50.14864450000001
exports,hs2_sections,2022-23,38,HS38 — Rosin and Resin Acids etc. Rosin Spirit etc.,million USD,42.028576900000004
exports,hs2_sections,2022-23,11,HS11 — Wheat or Meslin Flour,million USD,41.56952359999996
exports,hs2_sections,2022-23,70,HS70 — Float Glass and Surface Ground or Polished Sheets etc.,million USD,39.410480199999974
exports,hs2_sections,2022-23,99,HS99 — Special Transaction NES,million USD,36.7032141
exports,hs2_sections,2022-23,44,"HS44 — Fuel Wood, In Logs etc. Wood in Chips etc.",million USD,35.304543599999995
exports,hs2_sections,2022-23,32,HS32 — Tanning Extracts of Vegetable Origin,million USD,34.918702700000026
exports,hs2_sections,2022-23,33,HS33 — Odoriferous Mixtures as Raw Materials for Industry,million USD,32.23378730000001
exports,hs2_sections,2022-23,35,HS35 — Gelatin and Derivatives,million USD,31.210967099999984
exports,hs2_sections,2022-23,04,"HS04 — Milk and Cream, Not Concentrated or Sweetened",million USD,30.200882300000007
exports,hs2_sections,2022-23,58,HS58 — Tulles and other Net Fabrics,million USD,28.815862000000003
exports,hs2_sections,2022-23,71,HS71 — Precious and Semi Precious Stones NES,million USD,27.846556000000003
exports,hs2_sections,2022-23,78,"HS78 — Lead, Unwrought",million USD,23.651919000000003
exports,hs2_sections,2022-23,16,"HS16 — Prepared or Preserved Meat, Meat Offal and Blood NES",million USD,18.1284805
exports,hs2_sections,2022-23,96,"HS96 — Brooms, Brushes, Mops and Feather Dusters etc.",million USD,17.763809
exports,hs2_sections,2022-23,29,"HS29 — Hydrocarbon Derivatives, Sulphonated and Nitrated etc.",million USD,15.727766199999996
exports,hs2_sections,2022-23,68,HS68 — Worked Monumental or Building Stone and Articles NES,million USD,14.39190450000001
exports,hs2_sections,2022-23,36,"HS36 — Safety Fuses, Detonating Fuse and Percussion etc.",million USD,12.802636099999996
exports,hs2_sections,2022-23,56,"HS56 — Nonwovens Impregnated, Coated, Covered or Lamented",million USD,12.042653699999995
exports,hs2_sections,2022-23,59,HS59 — Gum Covered Fabric; Tracing Cloth; Paint Canvas,million USD,11.562053699999991
exports,hs2_sections,2022-23,53,HS53 — Woven Fabrics of Flax,million USD,8.177478699999996
exports,hs2_sections,2022-23,65,"HS65 — Hats and Headgear, Knitted etc. Lace etc.",million USD,7.531121400000003
exports,hs2_sections,2022-23,69,"HS69 — Ceramic Sinks, Washbasins, Water Closet Bowls etc.",million USD,7.258428500000003
exports,hs2_sections,2022-23,01,"HS01 — Live Horses, Asses, Mules and Hinnies",million USD,5.702302399999999
exports,hs2_sections,2022-23,92,"HS92 — Musical Boxes, Fairground Organs etc.",million USD,4.8356704000000015
exports,hs2_sections,2022-23,83,"HS83 — Bells, Gongs and the Like, Picture and Frames",million USD,4.721656999999999
exports,hs2_sections,2022-23,18,"HS18 — Cocoa Powder, Not Sweetened",million USD,4.180163
exports,hs2_sections,2022-23,14,"HS14 — Vegetable Plaiting Materials Like Bamboos, Reeds etc.",million USD,4.0552525
exports,hs2_sections,2022-23,49,"HS49 — Printed Books, Brochures and Similar Printed Matter",million USD,4.0448678
exports,hs2_sections,2022-23,79,"HS79 — Zinc Dust, Powders and Flakes",million USD,3.8479259999999997
exports,hs2_sections,2022-23,06,HS06 — Cut Flowers and Flower Buds for Bouquet or for Ornaments,million USD,3.4116686999999986
exports,hs2_sections,2022-23,91,"HS91 — Watch, Wrist, Pocket etc. Precious Metal or Clad Case",million USD,3.0197724999999993
exports,hs2_sections,2022-23,88,"HS88 — Aircraft, Powered, Spacecraft and Launch Vehicles",million USD,2.185656
exports,hs2_sections,2022-23,51,"HS51 — Yarn of Wool or Fine Animal Hair, For Retail Sale",million USD,1.574299
exports,hs2_sections,2022-23,46,HS46 — Plaits etc and Products of Plaiting Materials,million USD,1.0310229000000002
exports,hs2_sections,2022-23,89,"HS89 — Floating Structures NES Rafts, Tanks, Buoys etc.",million USD,0.8846350999999998
exports,hs2_sections,2022-23,97,"HS97 — Paintings, Drawing etc By Hand",million USD,0.6925776
exports,hs2_sections,2022-23,31,"HS31 — Fertilizer of Nitrogen, Phosphorus or Potassium",million USD,0.6823509
exports,hs2_sections,2022-23,81,HS81 — Molybdenum and Articles Thereof Including Waste & Scrap,million USD,0.5970844
exports,hs2_sections,2022-23,66,"HS66 — Walking-Sticks, Seat-Sticks, Whips and Riding-Crops",million USD,0.4109667999999999
exports,hs2_sections,2022-23,47,"HS47 — Chemical Wood pulp, Soda or Sulfate, Not Dissolving Grades",million USD,0.32796299999999995
exports,hs2_sections,2022-23,50,HS50 — Silkworm Cocoons Suitable for Reeling,million USD,0.2899416999999999
exports,hs2_sections,2022-23,75,"HS75 — Nickel Mattes, Nickel Oxide Sinters and other Products",million USD,0.2559478
exports,hs2_sections,2022-23,67,"HS67 — Wigs, False Beards of Hair etc. Human Hair Articles NES",million USD,0.1379297
exports,hs2_sections,2022-23,86,HS86 — Parts of Railway or Tramway Locomotives,million USD,0.015569999999999999
exports,hs2_sections,2022-23,37,"HS37 — Photo Plates and Film Flat, Sensitized, Unexposed",million USD,0.009174799999999999
exports,hs2_sections,2022-23,45,"HS45 — Natural Cork, Raw or Simply Prepared, Waste",million USD,0.0
exports,hs2_sections,2022-23,80,HS80 — Articles of Tin NES,million USD,0.0
exports,hs2_sections,2023-24,63,HS63 — Blankets and Traveling Rugs,million USD,4960.169825100015
exports,hs2_sections,2023-24,61,"HS61 — Gents Overcoats, Car-Coats, Caps, Cloaks and Anoraks etc.",million USD,4317.3011865000035
exports,hs2_sections,2023-24,10,HS10 — Barley,million USD,4091.2757577000098
exports,hs2_sections,2023-24,62,"HS62 — Men's or Boys' Overcoats, Cloaks etc. Not Knitted etc",million USD,3457.348476600003
exports,hs2_sections,2023-24,52,HS52 — Cotton Waste Including Yarn Waste etc.,million USD,3052.4943206
exports,hs2_sections,2023-24,74,"HS74 — Refined Copper and Copper Alloys, Unwrought",million USD,762.1205437
exports,hs2_sections,2023-24,42,"HS42 — Travel Goods, Handbags, Wallets, Jewelry Cases etc.",million USD,678.6399288999993
exports,hs2_sections,2023-24,27,HS27 — Oil from Petrol and Bituminous Mineral etc.,million USD,552.6729775
exports,hs2_sections,2023-24,02,"HS02 — Meat of Bovine Animals, Fresh or Chilled",million USD,523.4793460000002
exports,hs2_sections,2023-24,22,"HS22 — Waters, Natural etc. Not Sweetened, Ice and Snow",million USD,488.69790559999973
exports,hs2_sections,2023-24,25,"HS25 — Salt, Pure Sodium Chloride, Sea Water",million USD,479.52843020000057
exports,hs2_sections,2023-24,12,"HS12 — Soya beans, Whether or Not Broken",million USD,472.7172610000004
exports,hs2_sections,2023-24,90,"HS90 — Medical, Surgical and Dental Instruments etc.",million USD,468.1340580999996
exports,hs2_sections,2023-24,39,"HS39 — Polymers of Ethylene, in Primary Forms",million USD,436.1742764000004
exports,hs2_sections,2023-24,26,HS26 — Precious Metal Ores and Concentrates,million USD,430.4892926999999
exports,hs2_sections,2023-24,03,"HS03 — Fish, Fresh or Chilled (Not Fish Fillets & other Fish Meat)",million USD,417.8977405999999
exports,hs2_sections,2023-24,95,HS95 — Articles and Equipments for Sports etc NES,million USD,368.01390780000025
exports,hs2_sections,2023-24,07,"HS07 — Potatoes, Fresh or Chilled",million USD,356.88803310000037
exports,hs2_sections,2023-24,55,HS55 — Woven Fabrics of Synthetic Staple Fibres Containing <85% Fib,million USD,352.4935235999995
exports,hs2_sections,2023-24,08,"HS08 — Coconuts, Brazil Nuts & Cashew Nuts, Fresh or Dry",million USD,307.2179629000002
exports,hs2_sections,2023-24,94,HS94 — Furniture NES and Parts Thereof,million USD,272.129826
exports,hs2_sections,2023-24,17,HS17 — Cane or Beet Sugar and Sucrose in Solid Form,million USD,251.83606479999997
exports,hs2_sections,2023-24,30,HS30 — Human Blood or Animal Blood Prepared for Therapeutic,million USD,212.15329879999976
exports,hs2_sections,2023-24,64,"HS64 — Footwear, Outer Sole and Upper Rubber or Plastic NES",million USD,166.87292579999996
exports,hs2_sections,2023-24,41,HS41 — Leather further prepared after tanning (other animal),million USD,141.98371379999995
exports,hs2_sections,2023-24,76,"HS76 — Aluminum, Unwrought",million USD,140.21506259999987
exports,hs2_sections,2023-24,84,HS84 — Pumps for Liquids; Liquid Elevators; Parts Thereof,million USD,119.2781571000001
exports,hs2_sections,2023-24,19,HS19 — Malt Extracts; Food Prep. of Flour etc. Under 50% Cocoa etc.,million USD,117.40198680000005
exports,hs2_sections,2023-24,40,"HS40 — Natural Rubber, Balata, Chicle etc, Primary Form etc.",million USD,110.5771749000001
exports,hs2_sections,2023-24,21,"HS21 — Extracts etc of Coffee, Tea or Mate",million USD,107.84704480000012
exports,hs2_sections,2023-24,20,"HS20 — Vegetable, Fruit, Nuts Etc, Prep Or Pres By Vinegar Etc",million USD,106.06673250000001
exports,hs2_sections,2023-24,93,"HS93 — Swords, Cutlasses, Bayonets and Similar Arms & Parts",million USD,100.8542423
exports,hs2_sections,2023-24,09,HS09 — Tea Whether or not Flavored,million USD,99.00609459999997
exports,hs2_sections,2023-24,43,"HS43 — Articles of Apparel etc, of Furskins",million USD,94.81219079999994
exports,hs2_sections,2023-24,72,HS72 — Ferrous Waste and Scrap,million USD,89.05181399999996
exports,hs2_sections,2023-24,87,HS87 — Tractors Other Than Work Trucks used for Short Distance,million USD,87.9212283
exports,hs2_sections,2023-24,11,HS11 — Wheat or Meslin Flour,million USD,83.9750083000001
exports,hs2_sections,2023-24,24,HS24 — Tobacco and Tobacco Refuse,million USD,82.67607119999994
exports,hs2_sections,2023-24,82,"HS82 — Files, Rasps, Pliers, Metal cutting Shears etc.",million USD,78.37745010000013
exports,hs2_sections,2023-24,28,HS28 — Hydrogen Chloride; Chlorosulphuric Acid,million USD,72.68052779999992
exports,hs2_sections,2023-24,04,"HS04 — Milk and Cream, Not Concentrated or Sweetened",million USD,71.21370709999995
exports,hs2_sections,2023-24,85,HS85 — Electrical Generating Sets and Rotary Converters,million USD,69.39745709999997
exports,hs2_sections,2023-24,57,"HS57 — Carpets and other Textile Floor Coverings, Knotted",million USD,65.28364269999996
exports,hs2_sections,2023-24,23,"HS23 — Bran, Sharps and other Residue",million USD,65.09043909999994
exports,hs2_sections,2023-24,05,"HS05 — Human Hair, Unworked and Waste of Human Hair",million USD,63.158167399999996
exports,hs2_sections,2023-24,54,HS54 — Sewing Thread of Manmade Filaments,million USD,61.26730839999997
exports,hs2_sections,2023-24,34,"HS34 — Soap, Organic Surf-Act Products used for Soap",million USD,54.0190205
exports,hs2_sections,2023-24,48,"HS48 — Paper Uncoated For Writing etc, Rolls; Handmade Paper",million USD,53.936625399999976
exports,hs2_sections,2023-24,13,"HS13 — Vegetable Saps and Extracts: Pectates, Agar-Agar etc.",million USD,53.12768809999997
exports,hs2_sections,2023-24,60,HS60 — Pile Fabrics and Terry Fabrics Knitted or Crocheted,million USD,52.12176940000001
exports,hs2_sections,2023-24,99,HS99 — Special Transaction NES,million USD,51.980253999999995
exports,hs2_sections,2023-24,44,"HS44 — Fuel Wood, In Logs etc. Wood in Chips etc.",million USD,47.03043439999991
exports,hs2_sections,2023-24,15,HS15 — Wool Grease Fatty Substances Derived there from,million USD,43.92288629999998
exports,hs2_sections,2023-24,70,HS70 — Float Glass and Surface Ground or Polished Sheets etc.,million USD,41.06783650000001
exports,hs2_sections,2023-24,78,"HS78 — Lead, Unwrought",million USD,40.834397
exports,hs2_sections,2023-24,32,HS32 — Tanning Extracts of Vegetable Origin,million USD,35.02898490000001
exports,hs2_sections,2023-24,73,"HS73 — Tubes, Pipes and Hollow Profiles Seamless of Iron or Steel",million USD,34.979129600000036
exports,hs2_sections,2023-24,33,HS33 — Odoriferous Mixtures as Raw Materials for Industry,million USD,34.724231299999985
exports,hs2_sections,2023-24,58,HS58 — Tulles and other Net Fabrics,million USD,32.04988329999998
exports,hs2_sections,2023-24,38,HS38 — Rosin and Resin Acids etc. Rosin Spirit etc.,million USD,27.419951799999996
exports,hs2_sections,2023-24,35,HS35 — Gelatin and Derivatives,million USD,27.156363800000005
exports,hs2_sections,2023-24,71,HS71 — Precious and Semi Precious Stones NES,million USD,21.579164599999988
exports,hs2_sections,2023-24,68,HS68 — Worked Monumental or Building Stone and Articles NES,million USD,17.88687419999999
exports,hs2_sections,2023-24,96,"HS96 — Brooms, Brushes, Mops and Feather Dusters etc.",million USD,15.4938987
exports,hs2_sections,2023-24,29,"HS29 — Hydrocarbon Derivatives, Sulphonated and Nitrated etc.",million USD,12.067272399999997
exports,hs2_sections,2023-24,59,HS59 — Gum Covered Fabric; Tracing Cloth; Paint Canvas,million USD,9.7239708
exports,hs2_sections,2023-24,16,"HS16 — Prepared or Preserved Meat, Meat Offal and Blood NES",million USD,9.669339300000003
exports,hs2_sections,2023-24,36,"HS36 — Safety Fuses, Detonating Fuse and Percussion etc.",million USD,8.7022644
exports,hs2_sections,2023-24,69,"HS69 — Ceramic Sinks, Washbasins, Water Closet Bowls etc.",million USD,8.610684999999998
exports,hs2_sections,2023-24,56,"HS56 — Nonwovens Impregnated, Coated, Covered or Lamented",million USD,8.397356099999994
exports,hs2_sections,2023-24,01,"HS01 — Live Horses, Asses, Mules and Hinnies",million USD,8.029506300000001
exports,hs2_sections,2023-24,53,HS53 — Woven Fabrics of Flax,million USD,6.872421699999999
exports,hs2_sections,2023-24,65,"HS65 — Hats and Headgear, Knitted etc. Lace etc.",million USD,6.255686199999995
exports,hs2_sections,2023-24,91,"HS91 — Watch, Wrist, Pocket etc. Precious Metal or Clad Case",million USD,5.0867992
exports,hs2_sections,2023-24,92,"HS92 — Musical Boxes, Fairground Organs etc.",million USD,4.808956200000001
exports,hs2_sections,2023-24,83,"HS83 — Bells, Gongs and the Like, Picture and Frames",million USD,4.553497799999999
exports,hs2_sections,2023-24,49,"HS49 — Printed Books, Brochures and Similar Printed Matter",million USD,4.100317499999999
exports,hs2_sections,2023-24,18,"HS18 — Cocoa Powder, Not Sweetened",million USD,3.650017
exports,hs2_sections,2023-24,06,HS06 — Cut Flowers and Flower Buds for Bouquet or for Ornaments,million USD,3.6483847999999997
exports,hs2_sections,2023-24,14,"HS14 — Vegetable Plaiting Materials Like Bamboos, Reeds etc.",million USD,3.6072381
exports,hs2_sections,2023-24,51,"HS51 — Yarn of Wool or Fine Animal Hair, For Retail Sale",million USD,2.0377077999999997
exports,hs2_sections,2023-24,79,"HS79 — Zinc Dust, Powders and Flakes",million USD,2.027482
exports,hs2_sections,2023-24,46,HS46 — Plaits etc and Products of Plaiting Materials,million USD,0.8084596000000003
exports,hs2_sections,2023-24,47,"HS47 — Chemical Wood pulp, Soda or Sulfate, Not Dissolving Grades",million USD,0.649049
exports,hs2_sections,2023-24,66,"HS66 — Walking-Sticks, Seat-Sticks, Whips and Riding-Crops",million USD,0.5212398
exports,hs2_sections,2023-24,88,"HS88 — Aircraft, Powered, Spacecraft and Launch Vehicles",million USD,0.4822889999999999
exports,hs2_sections,2023-24,89,"HS89 — Floating Structures NES Rafts, Tanks, Buoys etc.",million USD,0.45197059999999994
exports,hs2_sections,2023-24,50,HS50 — Silkworm Cocoons Suitable for Reeling,million USD,0.34508880000000003
exports,hs2_sections,2023-24,81,HS81 — Molybdenum and Articles Thereof Including Waste & Scrap,million USD,0.31485830000000004
exports,hs2_sections,2023-24,75,"HS75 — Nickel Mattes, Nickel Oxide Sinters and other Products",million USD,0.24927989999999997
exports,hs2_sections,2023-24,67,"HS67 — Wigs, False Beards of Hair etc. Human Hair Articles NES",million USD,0.2237551
exports,hs2_sections,2023-24,97,"HS97 — Paintings, Drawing etc By Hand",million USD,0.047296000000000005
exports,hs2_sections,2023-24,45,"HS45 — Natural Cork, Raw or Simply Prepared, Waste",million USD,0.038082000000000005
exports,hs2_sections,2023-24,80,HS80 — Articles of Tin NES,million USD,0.0318011
exports,hs2_sections,2023-24,37,"HS37 — Photo Plates and Film Flat, Sensitized, Unexposed",million USD,0.030714199999999997
exports,hs2_sections,2023-24,86,HS86 — Parts of Railway or Tramway Locomotives,million USD,0.0306297
exports,hs2_sections,2023-24,31,"HS31 — Fertilizer of Nitrogen, Phosphorus or Potassium",million USD,0.0132
exports,hs2_sections,2024-25,63,HS63 — Blankets and Traveling Rugs,million USD,5399.328957100008
exports,hs2_sections,2024-25,61,"HS61 — Gents Overcoats, Car-Coats, Caps, Cloaks and Anoraks etc.",million USD,4846.017787799999
exports,hs2_sections,2024-25,62,"HS62 — Men's or Boys' Overcoats, Cloaks etc. Not Knitted etc",million USD,3949.6753060999936
exports,hs2_sections,2024-25,10,HS10 — Barley,million USD,3110.0186813000028
exports,hs2_sections,2024-25,52,HS52 — Cotton Waste Including Yarn Waste etc.,million USD,2553.4676982
exports,hs2_sections,2024-25,27,HS27 — Oil from Petrol and Bituminous Mineral etc.,million USD,903.5286937000001
exports,hs2_sections,2024-25,74,"HS74 — Refined Copper and Copper Alloys, Unwrought",million USD,814.9596488000002
exports,hs2_sections,2024-25,42,"HS42 — Travel Goods, Handbags, Wallets, Jewelry Cases etc.",million USD,696.7892221999996
exports,hs2_sections,2024-25,25,"HS25 — Salt, Pure Sodium Chloride, Sea Water",million USD,595.7255940999999
exports,hs2_sections,2024-25,17,HS17 — Cane or Beet Sugar and Sucrose in Solid Form,million USD,571.8794757999999
exports,hs2_sections,2024-25,39,"HS39 — Polymers of Ethylene, in Primary Forms",million USD,495.83994490000094
exports,hs2_sections,2024-25,02,"HS02 — Meat of Bovine Animals, Fresh or Chilled",million USD,488.55969200000015
exports,hs2_sections,2024-25,90,"HS90 — Medical, Surgical and Dental Instruments etc.",million USD,486.33476679999984
exports,hs2_sections,2024-25,26,HS26 — Precious Metal Ores and Concentrates,million USD,467.3165988000002
exports,hs2_sections,2024-25,03,"HS03 — Fish, Fresh or Chilled (Not Fish Fillets & other Fish Meat)",million USD,451.5990682000002
exports,hs2_sections,2024-25,12,"HS12 — Soya beans, Whether or Not Broken",million USD,440.7585244
exports,hs2_sections,2024-25,22,"HS22 — Waters, Natural etc. Not Sweetened, Ice and Snow",million USD,399.4209246
exports,hs2_sections,2024-25,55,HS55 — Woven Fabrics of Synthetic Staple Fibres Containing <85% Fib,million USD,346.8221290000001
exports,hs2_sections,2024-25,95,HS95 — Articles and Equipments for Sports etc NES,million USD,335.1629656999996
exports,hs2_sections,2024-25,94,HS94 — Furniture NES and Parts Thereof,million USD,282.3845871000001
exports,hs2_sections,2024-25,30,HS30 — Human Blood or Animal Blood Prepared for Therapeutic,million USD,260.8866673000001
exports,hs2_sections,2024-25,08,"HS08 — Coconuts, Brazil Nuts & Cashew Nuts, Fresh or Dry",million USD,237.89246920000014
exports,hs2_sections,2024-25,07,"HS07 — Potatoes, Fresh or Chilled",million USD,213.51072309999984
exports,hs2_sections,2024-25,24,HS24 — Tobacco and Tobacco Refuse,million USD,179.82692450000008
exports,hs2_sections,2024-25,64,"HS64 — Footwear, Outer Sole and Upper Rubber or Plastic NES",million USD,169.07345760000013
exports,hs2_sections,2024-25,19,HS19 — Malt Extracts; Food Prep. of Flour etc. Under 50% Cocoa etc.,million USD,143.5254588
exports,hs2_sections,2024-25,41,HS41 — Leather further prepared after tanning (other animal),million USD,139.71170190000004
exports,hs2_sections,2024-25,93,"HS93 — Swords, Cutlasses, Bayonets and Similar Arms & Parts",million USD,137.22564739999993
exports,hs2_sections,2024-25,76,"HS76 — Aluminum, Unwrought",million USD,133.52871850000002
exports,hs2_sections,2024-25,40,"HS40 — Natural Rubber, Balata, Chicle etc, Primary Form etc.",million USD,127.48223000000007
exports,hs2_sections,2024-25,21,"HS21 — Extracts etc of Coffee, Tea or Mate",million USD,115.42253080000009
exports,hs2_sections,2024-25,84,HS84 — Pumps for Liquids; Liquid Elevators; Parts Thereof,million USD,108.58616100000009
exports,hs2_sections,2024-25,20,"HS20 — Vegetable, Fruit, Nuts Etc, Prep Or Pres By Vinegar Etc",million USD,105.22122220000006
exports,hs2_sections,2024-25,09,HS09 — Tea Whether or not Flavored,million USD,101.87479499999995
exports,hs2_sections,2024-25,57,"HS57 — Carpets and other Textile Floor Coverings, Knotted",million USD,99.27769080000003
exports,hs2_sections,2024-25,87,HS87 — Tractors Other Than Work Trucks used for Short Distance,million USD,90.42227519999993
exports,hs2_sections,2024-25,48,"HS48 — Paper Uncoated For Writing etc, Rolls; Handmade Paper",million USD,84.18159190000003
exports,hs2_sections,2024-25,85,HS85 — Electrical Generating Sets and Rotary Converters,million USD,75.41896360000008
exports,hs2_sections,2024-25,82,"HS82 — Files, Rasps, Pliers, Metal cutting Shears etc.",million USD,74.58082469999997
exports,hs2_sections,2024-25,72,HS72 — Ferrous Waste and Scrap,million USD,70.53735769999997
exports,hs2_sections,2024-25,28,HS28 — Hydrogen Chloride; Chlorosulphuric Acid,million USD,67.82792030000002
exports,hs2_sections,2024-25,11,HS11 — Wheat or Meslin Flour,million USD,66.88802539999995
exports,hs2_sections,2024-25,43,"HS43 — Articles of Apparel etc, of Furskins",million USD,65.49800220000002
exports,hs2_sections,2024-25,04,"HS04 — Milk and Cream, Not Concentrated or Sweetened",million USD,61.82996500000001
exports,hs2_sections,2024-25,54,HS54 — Sewing Thread of Manmade Filaments,million USD,59.863033999999985
exports,hs2_sections,2024-25,05,"HS05 — Human Hair, Unworked and Waste of Human Hair",million USD,58.66685130000003
exports,hs2_sections,2024-25,23,"HS23 — Bran, Sharps and other Residue",million USD,54.515000799999974
exports,hs2_sections,2024-25,44,"HS44 — Fuel Wood, In Logs etc. Wood in Chips etc.",million USD,48.69489340000001
exports,hs2_sections,2024-25,60,HS60 — Pile Fabrics and Terry Fabrics Knitted or Crocheted,million USD,48.35859869999998
exports,hs2_sections,2024-25,78,"HS78 — Lead, Unwrought",million USD,47.967549000000005
exports,hs2_sections,2024-25,38,HS38 — Rosin and Resin Acids etc. Rosin Spirit etc.,million USD,45.82532600000001
exports,hs2_sections,2024-25,99,HS99 — Special Transaction NES,million USD,42.4195041
exports,hs2_sections,2024-25,33,HS33 — Odoriferous Mixtures as Raw Materials for Industry,million USD,40.86218460000002
exports,hs2_sections,2024-25,15,HS15 — Wool Grease Fatty Substances Derived there from,million USD,39.01101879999999
exports,hs2_sections,2024-25,32,HS32 — Tanning Extracts of Vegetable Origin,million USD,37.59514460000001
exports,hs2_sections,2024-25,58,HS58 — Tulles and other Net Fabrics,million USD,37.337586900000005
exports,hs2_sections,2024-25,13,"HS13 — Vegetable Saps and Extracts: Pectates, Agar-Agar etc.",million USD,36.576175099999986
exports,hs2_sections,2024-25,34,"HS34 — Soap, Organic Surf-Act Products used for Soap",million USD,36.058273800000016
exports,hs2_sections,2024-25,70,HS70 — Float Glass and Surface Ground or Polished Sheets etc.,million USD,33.221594100000004
exports,hs2_sections,2024-25,73,"HS73 — Tubes, Pipes and Hollow Profiles Seamless of Iron or Steel",million USD,26.044215900000022
exports,hs2_sections,2024-25,71,HS71 — Precious and Semi Precious Stones NES,million USD,24.60297259999999
exports,hs2_sections,2024-25,35,HS35 — Gelatin and Derivatives,million USD,22.422775800000004
exports,hs2_sections,2024-25,68,HS68 — Worked Monumental or Building Stone and Articles NES,million USD,22.272861599999995
exports,hs2_sections,2024-25,29,"HS29 — Hydrocarbon Derivatives, Sulphonated and Nitrated etc.",million USD,17.889071399999995
exports,hs2_sections,2024-25,16,"HS16 — Prepared or Preserved Meat, Meat Offal and Blood NES",million USD,15.732834899999988
exports,hs2_sections,2024-25,96,"HS96 — Brooms, Brushes, Mops and Feather Dusters etc.",million USD,12.751915499999999
exports,hs2_sections,2024-25,59,HS59 — Gum Covered Fabric; Tracing Cloth; Paint Canvas,million USD,12.108828000000003
exports,hs2_sections,2024-25,65,"HS65 — Hats and Headgear, Knitted etc. Lace etc.",million USD,11.051354299999998
exports,hs2_sections,2024-25,69,"HS69 — Ceramic Sinks, Washbasins, Water Closet Bowls etc.",million USD,9.417777699999998
exports,hs2_sections,2024-25,56,"HS56 — Nonwovens Impregnated, Coated, Covered or Lamented",million USD,8.685350299999993
exports,hs2_sections,2024-25,49,"HS49 — Printed Books, Brochures and Similar Printed Matter",million USD,7.8650956999999995
exports,hs2_sections,2024-25,53,HS53 — Woven Fabrics of Flax,million USD,6.972207899999999
exports,hs2_sections,2024-25,83,"HS83 — Bells, Gongs and the Like, Picture and Frames",million USD,5.120127300000001
exports,hs2_sections,2024-25,47,"HS47 — Chemical Wood pulp, Soda or Sulfate, Not Dissolving Grades",million USD,4.914601
exports,hs2_sections,2024-25,36,"HS36 — Safety Fuses, Detonating Fuse and Percussion etc.",million USD,4.6510008
exports,hs2_sections,2024-25,92,"HS92 — Musical Boxes, Fairground Organs etc.",million USD,4.5264516
exports,hs2_sections,2024-25,88,"HS88 — Aircraft, Powered, Spacecraft and Launch Vehicles",million USD,4.2944041
exports,hs2_sections,2024-25,18,"HS18 — Cocoa Powder, Not Sweetened",million USD,3.8046797999999993
exports,hs2_sections,2024-25,06,HS06 — Cut Flowers and Flower Buds for Bouquet or for Ornaments,million USD,3.643801499999999
exports,hs2_sections,2024-25,14,"HS14 — Vegetable Plaiting Materials Like Bamboos, Reeds etc.",million USD,3.612690900000001
exports,hs2_sections,2024-25,51,"HS51 — Yarn of Wool or Fine Animal Hair, For Retail Sale",million USD,2.3188304999999994
exports,hs2_sections,2024-25,01,"HS01 — Live Horses, Asses, Mules and Hinnies",million USD,1.7006138999999998
exports,hs2_sections,2024-25,79,"HS79 — Zinc Dust, Powders and Flakes",million USD,1.554858
exports,hs2_sections,2024-25,91,"HS91 — Watch, Wrist, Pocket etc. Precious Metal or Clad Case",million USD,1.5209897
exports,hs2_sections,2024-25,31,"HS31 — Fertilizer of Nitrogen, Phosphorus or Potassium",million USD,1.3101933
exports,hs2_sections,2024-25,75,"HS75 — Nickel Mattes, Nickel Oxide Sinters and other Products",million USD,1.2370669
exports,hs2_sections,2024-25,46,HS46 — Plaits etc and Products of Plaiting Materials,million USD,0.8603191999999998
exports,hs2_sections,2024-25,81,HS81 — Molybdenum and Articles Thereof Including Waste & Scrap,million USD,0.5138162
exports,hs2_sections,2024-25,66,"HS66 — Walking-Sticks, Seat-Sticks, Whips and Riding-Crops",million USD,0.48154860000000005
exports,hs2_sections,2024-25,89,"HS89 — Floating Structures NES Rafts, Tanks, Buoys etc.",million USD,0.37209260000000005
exports,hs2_sections,2024-25,50,HS50 — Silkworm Cocoons Suitable for Reeling,million USD,0.21866839999999996
exports,hs2_sections,2024-25,67,"HS67 — Wigs, False Beards of Hair etc. Human Hair Articles NES",million USD,0.1766202
exports,hs2_sections,2024-25,86,HS86 — Parts of Railway or Tramway Locomotives,million USD,0.1086814
exports,hs2_sections,2024-25,97,"HS97 — Paintings, Drawing etc By Hand",million USD,0.06804419999999999
exports,hs2_sections,2024-25,80,HS80 — Articles of Tin NES,million USD,0.0670042
exports,hs2_sections,2024-25,45,"HS45 — Natural Cork, Raw or Simply Prepared, Waste",million USD,0.0029300000000000003
exports,hs2_sections,2024-25,37,"HS37 — Photo Plates and Film Flat, Sensitized, Unexposed",million USD,0.002066
exports,hs2_sections,2025-26,63,HS63 — Blankets and Traveling Rugs,million USD,3259.2846958000023
exports,hs2_sections,2025-26,61,"HS61 — Gents Overcoats, Car-Coats, Caps, Cloaks and Anoraks etc.",million USD,3104.5776885000073
exports,hs2_sections,2025-26,62,"HS62 — Men's or Boys' Overcoats, Cloaks etc. Not Knitted etc",million USD,2460.4223885999963
exports,hs2_sections,2025-26,52,HS52 — Cotton Waste Including Yarn Waste etc.,million USD,1428.6080917999984
exports,hs2_sections,2025-26,10,HS10 — Barley,million USD,1195.0137831
exports,hs2_sections,2025-26,74,"HS74 — Refined Copper and Copper Alloys, Unwrought",million USD,488.79264780000017
exports,hs2_sections,2025-26,27,HS27 — Oil from Petrol and Bituminous Mineral etc.,million USD,484.67004619999994
exports,hs2_sections,2025-26,42,"HS42 — Travel Goods, Handbags, Wallets, Jewelry Cases etc.",million USD,422.00203940000006
exports,hs2_sections,2025-26,26,HS26 — Precious Metal Ores and Concentrates,million USD,346.94694279999993
exports,hs2_sections,2025-26,25,"HS25 — Salt, Pure Sodium Chloride, Sea Water",million USD,340.72833660000003
exports,hs2_sections,2025-26,90,"HS90 — Medical, Surgical and Dental Instruments etc.",million USD,289.0431287000002
exports,hs2_sections,2025-26,02,"HS02 — Meat of Bovine Animals, Fresh or Chilled",million USD,285.3330418
exports,hs2_sections,2025-26,03,"HS03 — Fish, Fresh or Chilled (Not Fish Fillets & other Fish Meat)",million USD,285.32489729999986
exports,hs2_sections,2025-26,22,"HS22 — Waters, Natural etc. Not Sweetened, Ice and Snow",million USD,239.21256179999995
exports,hs2_sections,2025-26,95,HS95 — Articles and Equipments for Sports etc NES,million USD,219.42749019999977
exports,hs2_sections,2025-26,39,"HS39 — Polymers of Ethylene, in Primary Forms",million USD,213.2164991999996
exports,hs2_sections,2025-26,55,HS55 — Woven Fabrics of Synthetic Staple Fibres Containing <85% Fib,million USD,207.09794549999998
exports,hs2_sections,2025-26,12,"HS12 — Soya beans, Whether or Not Broken",million USD,176.58263450000024
exports,hs2_sections,2025-26,08,"HS08 — Coconuts, Brazil Nuts & Cashew Nuts, Fresh or Dry",million USD,168.69152449999999
exports,hs2_sections,2025-26,30,HS30 — Human Blood or Animal Blood Prepared for Therapeutic,million USD,153.7547993
exports,hs2_sections,2025-26,94,HS94 — Furniture NES and Parts Thereof,million USD,136.7436948
exports,hs2_sections,2025-26,64,"HS64 — Footwear, Outer Sole and Upper Rubber or Plastic NES",million USD,109.15356540000006
exports,hs2_sections,2025-26,17,HS17 — Cane or Beet Sugar and Sucrose in Solid Form,million USD,104.96376790000002
exports,hs2_sections,2025-26,24,HS24 — Tobacco and Tobacco Refuse,million USD,104.95275049999998
exports,hs2_sections,2025-26,40,"HS40 — Natural Rubber, Balata, Chicle etc, Primary Form etc.",million USD,87.38760020000002
exports,hs2_sections,2025-26,41,HS41 — Leather further prepared after tanning (other animal),million USD,79.33556070000004
exports,hs2_sections,2025-26,72,HS72 — Ferrous Waste and Scrap,million USD,72.46473000000005
exports,hs2_sections,2025-26,19,HS19 — Malt Extracts; Food Prep. of Flour etc. Under 50% Cocoa etc.,million USD,71.0992799000001
exports,hs2_sections,2025-26,93,"HS93 — Swords, Cutlasses, Bayonets and Similar Arms & Parts",million USD,71.0312169
exports,hs2_sections,2025-26,87,HS87 — Tractors Other Than Work Trucks used for Short Distance,million USD,68.72453310000002
exports,hs2_sections,2025-26,84,HS84 — Pumps for Liquids; Liquid Elevators; Parts Thereof,million USD,67.59714969999999
exports,hs2_sections,2025-26,07,"HS07 — Potatoes, Fresh or Chilled",million USD,67.13497380000003
exports,hs2_sections,2025-26,76,"HS76 — Aluminum, Unwrought",million USD,64.28902280000001
exports,hs2_sections,2025-26,85,HS85 — Electrical Generating Sets and Rotary Converters,million USD,62.609056800000026
exports,hs2_sections,2025-26,09,HS09 — Tea Whether or not Flavored,million USD,58.475536099999985
exports,hs2_sections,2025-26,23,"HS23 — Bran, Sharps and other Residue",million USD,49.36321910000002
exports,hs2_sections,2025-26,38,HS38 — Rosin and Resin Acids etc. Rosin Spirit etc.,million USD,46.48580399999997
exports,hs2_sections,2025-26,20,"HS20 — Vegetable, Fruit, Nuts Etc, Prep Or Pres By Vinegar Etc",million USD,45.995243699999996
exports,hs2_sections,2025-26,82,"HS82 — Files, Rasps, Pliers, Metal cutting Shears etc.",million USD,45.168734100000044
exports,hs2_sections,2025-26,05,"HS05 — Human Hair, Unworked and Waste of Human Hair",million USD,43.731702899999995
exports,hs2_sections,2025-26,99,HS99 — Special Transaction NES,million USD,40.822942899999994
exports,hs2_sections,2025-26,04,"HS04 — Milk and Cream, Not Concentrated or Sweetened",million USD,39.5052993
exports,hs2_sections,2025-26,43,"HS43 — Articles of Apparel etc, of Furskins",million USD,38.4811154
exports,hs2_sections,2025-26,21,"HS21 — Extracts etc of Coffee, Tea or Mate",million USD,35.73548120000002
exports,hs2_sections,2025-26,11,HS11 — Wheat or Meslin Flour,million USD,34.314869999999985
exports,hs2_sections,2025-26,78,"HS78 — Lead, Unwrought",million USD,34.24799300000001
exports,hs2_sections,2025-26,48,"HS48 — Paper Uncoated For Writing etc, Rolls; Handmade Paper",million USD,34.23162589999998
exports,hs2_sections,2025-26,57,"HS57 — Carpets and other Textile Floor Coverings, Knotted",million USD,31.8572382
exports,hs2_sections,2025-26,33,HS33 — Odoriferous Mixtures as Raw Materials for Industry,million USD,31.799779800000007
exports,hs2_sections,2025-26,58,HS58 — Tulles and other Net Fabrics,million USD,31.3564431
exports,hs2_sections,2025-26,44,"HS44 — Fuel Wood, In Logs etc. Wood in Chips etc.",million USD,28.689054199999998
exports,hs2_sections,2025-26,15,HS15 — Wool Grease Fatty Substances Derived there from,million USD,25.946190799999997
exports,hs2_sections,2025-26,54,HS54 — Sewing Thread of Manmade Filaments,million USD,24.5853624
exports,hs2_sections,2025-26,60,HS60 — Pile Fabrics and Terry Fabrics Knitted or Crocheted,million USD,21.065106099999998
exports,hs2_sections,2025-26,32,HS32 — Tanning Extracts of Vegetable Origin,million USD,19.519125400000007
exports,hs2_sections,2025-26,34,"HS34 — Soap, Organic Surf-Act Products used for Soap",million USD,18.502430900000007
exports,hs2_sections,2025-26,28,HS28 — Hydrogen Chloride; Chlorosulphuric Acid,million USD,18.335155899999997
exports,hs2_sections,2025-26,16,"HS16 — Prepared or Preserved Meat, Meat Offal and Blood NES",million USD,17.6546444
exports,hs2_sections,2025-26,35,HS35 — Gelatin and Derivatives,million USD,17.653888999999992
exports,hs2_sections,2025-26,73,"HS73 — Tubes, Pipes and Hollow Profiles Seamless of Iron or Steel",million USD,16.524977100000005
exports,hs2_sections,2025-26,13,"HS13 — Vegetable Saps and Extracts: Pectates, Agar-Agar etc.",million USD,15.955626399999995
exports,hs2_sections,2025-26,71,HS71 — Precious and Semi Precious Stones NES,million USD,11.699950399999997
exports,hs2_sections,2025-26,65,"HS65 — Hats and Headgear, Knitted etc. Lace etc.",million USD,10.055246799999994
exports,hs2_sections,2025-26,68,HS68 — Worked Monumental or Building Stone and Articles NES,million USD,9.413975199999998
exports,hs2_sections,2025-26,70,HS70 — Float Glass and Surface Ground or Polished Sheets etc.,million USD,8.118006600000005
exports,hs2_sections,2025-26,59,HS59 — Gum Covered Fabric; Tracing Cloth; Paint Canvas,million USD,7.657865099999999
exports,hs2_sections,2025-26,29,"HS29 — Hydrocarbon Derivatives, Sulphonated and Nitrated etc.",million USD,7.637067199999997
exports,hs2_sections,2025-26,36,"HS36 — Safety Fuses, Detonating Fuse and Percussion etc.",million USD,7.155901000000002
exports,hs2_sections,2025-26,96,"HS96 — Brooms, Brushes, Mops and Feather Dusters etc.",million USD,6.638958499999997
exports,hs2_sections,2025-26,69,"HS69 — Ceramic Sinks, Washbasins, Water Closet Bowls etc.",million USD,5.743094299999999
exports,hs2_sections,2025-26,88,"HS88 — Aircraft, Powered, Spacecraft and Launch Vehicles",million USD,5.284160199999999
exports,hs2_sections,2025-26,56,"HS56 — Nonwovens Impregnated, Coated, Covered or Lamented",million USD,4.9749882
exports,hs2_sections,2025-26,53,HS53 — Woven Fabrics of Flax,million USD,3.6474098999999995
exports,hs2_sections,2025-26,92,"HS92 — Musical Boxes, Fairground Organs etc.",million USD,2.7013362
exports,hs2_sections,2025-26,83,"HS83 — Bells, Gongs and the Like, Picture and Frames",million USD,2.679970100000001
exports,hs2_sections,2025-26,06,HS06 — Cut Flowers and Flower Buds for Bouquet or for Ornaments,million USD,2.6343392
exports,hs2_sections,2025-26,18,"HS18 — Cocoa Powder, Not Sweetened",million USD,2.3838428
exports,hs2_sections,2025-26,49,"HS49 — Printed Books, Brochures and Similar Printed Matter",million USD,2.374151400000001
exports,hs2_sections,2025-26,14,"HS14 — Vegetable Plaiting Materials Like Bamboos, Reeds etc.",million USD,1.6788957000000004
exports,hs2_sections,2025-26,51,"HS51 — Yarn of Wool or Fine Animal Hair, For Retail Sale",million USD,1.4429444999999999
exports,hs2_sections,2025-26,75,"HS75 — Nickel Mattes, Nickel Oxide Sinters and other Products",million USD,1.4275347999999999
exports,hs2_sections,2025-26,47,"HS47 — Chemical Wood pulp, Soda or Sulfate, Not Dissolving Grades",million USD,1.3227571
exports,hs2_sections,2025-26,79,"HS79 — Zinc Dust, Powders and Flakes",million USD,1.146314
exports,hs2_sections,2025-26,01,"HS01 — Live Horses, Asses, Mules and Hinnies",million USD,0.9016620999999999
exports,hs2_sections,2025-26,91,"HS91 — Watch, Wrist, Pocket etc. Precious Metal or Clad Case",million USD,0.7679322
exports,hs2_sections,2025-26,46,HS46 — Plaits etc and Products of Plaiting Materials,million USD,0.5429500000000002
exports,hs2_sections,2025-26,67,"HS67 — Wigs, False Beards of Hair etc. Human Hair Articles NES",million USD,0.4966836
exports,hs2_sections,2025-26,66,"HS66 — Walking-Sticks, Seat-Sticks, Whips and Riding-Crops",million USD,0.2744454
exports,hs2_sections,2025-26,89,"HS89 — Floating Structures NES Rafts, Tanks, Buoys etc.",million USD,0.26433700000000004
exports,hs2_sections,2025-26,50,HS50 — Silkworm Cocoons Suitable for Reeling,million USD,0.1520139
exports,hs2_sections,2025-26,80,HS80 — Articles of Tin NES,million USD,0.1410361
exports,hs2_sections,2025-26,37,"HS37 — Photo Plates and Film Flat, Sensitized, Unexposed",million USD,0.085578
exports,hs2_sections,2025-26,86,HS86 — Parts of Railway or Tramway Locomotives,million USD,0.0687899
exports,hs2_sections,2025-26,31,"HS31 — Fertilizer of Nitrogen, Phosphorus or Potassium",million USD,0.05940900000000001
exports,hs2_sections,2025-26,97,"HS97 — Paintings, Drawing etc By Hand",million USD,0.049149200000000004
exports,hs2_sections,2025-26,81,HS81 — Molybdenum and Articles Thereof Including Waste & Scrap,million USD,0.0301498
exports,hs2_sections,2025-26,45,"HS45 — Natural Cork, Raw or Simply Prepared, Waste",million USD,0.002956
imports,hs2_sections,2008-09,27,"HS27 — Coal, Briquettes and Ovoid etc. Manufactures of Coal",million USD,10762.988746000003
imports,hs2_sections,2008-09,84,HS84 — Compression-Ignition Internal Combustion Piston Engines,million USD,2620.1590179999994
imports,hs2_sections,2008-09,85,HS85 — Electric Motors and Generators,million USD,2043.5532529999964
imports,hs2_sections,2008-09,29,HS29 — Halogenated Derivatives of Hydrocarbons,million USD,1557.0123060000078
imports,hs2_sections,2008-09,15,HS15 — Fats of Bovine Animals,million USD,1477.3677840000012
imports,hs2_sections,2008-09,72,HS72 — Ferrous Waste and Scrap,million USD,1427.9244909999973
imports,hs2_sections,2008-09,39,"HS39 — Polymers of Ethylene, in Primary Forms",million USD,1091.076058999999
imports,hs2_sections,2008-09,10,HS10 — Wheat and Meslin,million USD,949.0040210000003
imports,hs2_sections,2008-09,99,HS99 — Special Transaction NES,million USD,923.616453
imports,hs2_sections,2008-09,87,HS87 — Tractors Other Than Work Trucks used for Short Distance,million USD,751.0663030000004
imports,hs2_sections,2008-09,52,"HS52 — Cotton, Not Carded Or Combed",million USD,645.8489840000003
imports,hs2_sections,2008-09,28,HS28 — Diphosphorus Pentaoxide and Phosphoric Acid etc.,million USD,569.3473110000008
imports,hs2_sections,2008-09,31,"HS31 — Fertilizer of Nitrogen, Phosphorus or Potassium",million USD,450.68470599999995
imports,hs2_sections,2008-09,90,HS90 — Optical Fibers and Bundles etc.,million USD,406.6754319999995
imports,hs2_sections,2008-09,38,"HS38 — Insecticides, Rodenticides and Fungicides etc. Retail",million USD,404.3318350000004
imports,hs2_sections,2008-09,12,"HS12 — Seeds, Fruit and Spores, for Sowing",million USD,368.32860200000016
imports,hs2_sections,2008-09,48,"HS48 — Newsprint, in Rolls or Sheets",million USD,323.122816
imports,hs2_sections,2008-09,55,HS55 — Artificial Filament Tow,million USD,315.69121300000006
imports,hs2_sections,2008-09,07,"HS07 — Tomatoes, Fresh or Chilled",million USD,286.27830300000016
imports,hs2_sections,2008-09,30,HS30 — Human Blood or Animal Blood Prepared for Therapeutic,million USD,274.6621520000001
imports,hs2_sections,2008-09,54,HS54 — Sewing Thread of Manmade Filaments,million USD,265.8101899999999
imports,hs2_sections,2008-09,32,HS32 — Tanning Extracts of Vegetable Origin,million USD,259.58290700000043
imports,hs2_sections,2008-09,09,HS09 — Tea Whether or not Flavored,million USD,255.0824890000001
imports,hs2_sections,2008-09,40,"HS40 — Natural Rubber, Balata, Chicle etc, Primary Form etc.",million USD,232.56688999999997
imports,hs2_sections,2008-09,89,HS89 — Vessels and Floating Structures for Scrapping,million USD,230.28243199999997
imports,hs2_sections,2008-09,73,"HS73 — Tubes, Pipes and Hollow Profiles Seamless of Iron or Steel",million USD,229.75031800000048
imports,hs2_sections,2008-09,34,HS34 — Organic Surf-Act Agents and Products other than Soap,million USD,157.686925
imports,hs2_sections,2008-09,76,HS76 — Aluminum Foil,million USD,141.92739699999993
imports,hs2_sections,2008-09,74,"HS74 — Copper Plates, Sheets and Strip, of Thickness above 0.15mm",million USD,110.46227300000004
imports,hs2_sections,2008-09,23,HS23 — Preparations Used In Animal Feeding,million USD,101.27013700000008
imports,hs2_sections,2008-09,26,HS26 — Iron Ores and Concentrates,million USD,96.46227499999998
imports,hs2_sections,2008-09,25,HS25 — Natural Steatite Roughly Trimmed etc.,million USD,95.99982799999998
imports,hs2_sections,2008-09,88,"HS88 — Parts of Balloons etc. Aircraft, Spacecraft etc.",million USD,87.33709200000001
imports,hs2_sections,2008-09,41,HS41 — Raw Skins of Sheep or Lambs NES,million USD,70.37985000000002
imports,hs2_sections,2008-09,44,"HS44 — Wood Sawn or Chip Length, Sliced etc.",million USD,68.46162199999996
imports,hs2_sections,2008-09,08,"HS08 — Coconuts, Brazil Nuts & Cashew Nuts, Fresh or Dry",million USD,66.89649399999999
imports,hs2_sections,2008-09,69,"HS69 — Refractory Ceramic Goods, Retorts, Tubes etc. NES",million USD,66.07947600000003
imports,hs2_sections,2008-09,17,HS17 — Sugar Confectionery including White Chocolate not Cocoa,million USD,65.222751
imports,hs2_sections,2008-09,47,"HS47 — Chemical Wood pulp, Soda or Sulfate, Not Dissolving Grades",million USD,62.667197000000016
imports,hs2_sections,2008-09,33,HS33 — Odoriferous Mixtures as Raw Materials for Industry,million USD,61.35215400000002
imports,hs2_sections,2008-09,53,"HS53 — Coconut, Abaca, Ramie etc NES not Spun",million USD,58.28527200000001
imports,hs2_sections,2008-09,01,"HS01 — Live Horses, Asses, Mules and Hinnies",million USD,48.47568099999999
imports,hs2_sections,2008-09,93,HS93 — Revolvers and Pistols Designed to Fire Live Ammo,million USD,45.97110499999999
imports,hs2_sections,2008-09,04,"HS04 — Whey and Milk Products NES, Flavored etc. or Not",million USD,44.02204699999999
imports,hs2_sections,2008-09,96,HS96 — Slide Fasteners and Parts Thereof,million USD,42.67577299999997
imports,hs2_sections,2008-09,78,"HS78 — Lead, Unwrought",million USD,36.458991999999995
imports,hs2_sections,2008-09,94,"HS94 — Seats and Parts Except Barber, Dental etc.",million USD,34.08032199999998
imports,hs2_sections,2008-09,19,HS19 — Malt Extracts; Food Prep. of Flour etc. Under 50% Cocoa etc.,million USD,32.829283
imports,hs2_sections,2008-09,70,HS70 — Glass Bead etc. and Articles NES,million USD,32.665876000000004
imports,hs2_sections,2008-09,35,"HS35 — Casein, Caseinates and other Casein Derivatives",million USD,31.102854999999987
imports,hs2_sections,2008-09,79,"HS79 — Zinc, Unwrought",million USD,28.320916999999998
imports,hs2_sections,2008-09,63,HS63 — Worn Clothing and other Worn Textile Articles,million USD,25.473689999999994
imports,hs2_sections,2008-09,59,HS59 — Tire Cord Fabric of High Tenacity Yarn of Nylon etc.,million USD,25.461519000000013
imports,hs2_sections,2008-09,82,"HS82 — Tools Like Handsaws, Blow, torches etc in Sets for Retail",million USD,25.263698999999995
imports,hs2_sections,2008-09,49,"HS49 — Printed Books, Brochures and Similar Printed Matter",million USD,24.056495000000005
imports,hs2_sections,2008-09,86,HS86 — Rail Locomotives Powered from an External Source,million USD,23.910743999999998
imports,hs2_sections,2008-09,21,HS21 — Food Preparations NES,million USD,20.193634000000003
imports,hs2_sections,2008-09,50,HS50 — Silkworm Cocoons Suitable for Reeling,million USD,19.099532999999994
imports,hs2_sections,2008-09,37,"HS37 — Photographic Chemicals, Unmixed Products Retail",million USD,19.058460999999987
imports,hs2_sections,2008-09,64,"HS64 — Parts of Footwear: Insoles, Gaiters etc. Parts",million USD,17.915451000000004
imports,hs2_sections,2008-09,20,"HS20 — Vegetable, Fruit, Nuts Etc, Prep Or Pres By Vinegar Etc",million USD,16.813094999999993
imports,hs2_sections,2008-09,83,"HS83 — Clasps, Frames, Buckles, Hooks etc. Beads and Spangles",million USD,16.434388000000016
imports,hs2_sections,2008-09,14,HS14 — Vegetable Products NES,million USD,15.190870000000002
imports,hs2_sections,2008-09,56,"HS56 — Nonwovens Impregnated, Coated, Covered or Lamented",million USD,14.992133
imports,hs2_sections,2008-09,75,HS75 — Articles of Nickel NES,million USD,13.090399000000001
imports,hs2_sections,2008-09,24,HS24 — Tobacco and Tobacco Substitutes Manufactured NES,million USD,12.5929
imports,hs2_sections,2008-09,18,HS18 — Chocolate and other Food Products Containing Cocoa,million USD,10.916966999999996
imports,hs2_sections,2008-09,68,HS68 — Friction Material and Articles thereof of Mineral Substances,million USD,10.373700000000003
imports,hs2_sections,2008-09,81,HS81 — Zirconium and Articles Thereof Include. Waste and Scrap,million USD,10.173137999999996
imports,hs2_sections,2008-09,51,"HS51 — Wool, Not Carded or Combed",million USD,9.630231
imports,hs2_sections,2008-09,58,HS58 — Narrow Woven Fabrics Except Labels,million USD,8.407248999999998
imports,hs2_sections,2008-09,91,HS91 — Time of Day Recording Apparatus etc.,million USD,7.521439
imports,hs2_sections,2008-09,57,"HS57 — Carpets and other Textile Floor Coverings, Tufted",million USD,6.605723
imports,hs2_sections,2008-09,95,"HS95 — Toys NES, Reduced Size, Puzzles of all Kinds",million USD,6.344556000000002
imports,hs2_sections,2008-09,13,"HS13 — Lac; Natural Gums, Resins, Gum-Resins and Balsams",million USD,6.161941000000001
imports,hs2_sections,2008-09,71,HS71 — Other Articles of Precious Metal or of Metal Clad,million USD,5.567896000000001
imports,hs2_sections,2008-09,60,HS60 — Warp Knit fabrics Not of Rubber and Pile Fabrics >30cm,million USD,5.332067000000002
imports,hs2_sections,2008-09,61,"HS61 — T-Shirts, Singlets and other Vests Kn/Cr",million USD,4.991244999999998
imports,hs2_sections,2008-09,11,HS11 — Wheat or Meslin Flour,million USD,3.869810000000001
imports,hs2_sections,2008-09,16,"HS16 — Prepared or Preserved Meat, Meat Offal and Blood NES",million USD,3.307196
imports,hs2_sections,2008-09,02,"HS02 — Meat of Bovine Animals, Fresh or Chilled",million USD,2.332943
imports,hs2_sections,2008-09,62,"HS62 — Men's or Boys' Suits, Ensembles etc, Not Knitted etc.",million USD,2.2369759999999994
imports,hs2_sections,2008-09,80,HS80 — Tin Tubes and Pipes Including Pipe and Tube Fittings,million USD,2.1728069999999997
imports,hs2_sections,2008-09,42,HS42 — Articles of Leather NES,million USD,1.9898050000000003
imports,hs2_sections,2008-09,05,HS05 — Bird Skins and other Feathered Parts and Down,million USD,1.7261309999999999
imports,hs2_sections,2008-09,22,"HS22 — Waters, Sweetened etc and other Nonalcoholic Beverage NES,",million USD,1.5808300000000002
imports,hs2_sections,2008-09,36,HS36 — Propellant Powders,million USD,1.073563
imports,hs2_sections,2008-09,03,"HS03 — Fish, Fresh or Chilled (Not Fish Fillets & other Fish Meat)",million USD,0.6614290000000002
imports,hs2_sections,2008-09,92,HS92 — Wind Musical Instruments NES,million USD,0.460085
imports,hs2_sections,2008-09,65,"HS65 — Hats and Headgear, Knitted etc. Lace etc.",million USD,0.3687730000000001
imports,hs2_sections,2008-09,43,"HS43 — Articles of Apparel etc, of Furskins",million USD,0.28152099999999997
imports,hs2_sections,2008-09,97,"HS97 — Paintings, Drawing etc By Hand",million USD,0.130994
imports,hs2_sections,2008-09,45,"HS45 — Natural Cork, Raw or Simply Prepared, Waste",million USD,0.095306
imports,hs2_sections,2008-09,66,"HS66 — Walking-Sticks, Seat-Sticks, Whips and Riding-Crops",million USD,0.060159000000000004
imports,hs2_sections,2008-09,67,"HS67 — Wigs, False Beards of Hair etc. Human Hair Articles NES",million USD,0.055599
imports,hs2_sections,2008-09,46,HS46 — Plaits etc and Products of Plaiting Materials,million USD,0.029136000000000002
imports,hs2_sections,2008-09,06,"HS06 — Bulbs, Tubers, Tuberous Roots, Corms, Chicory Plants & Root",million USD,0.003391
imports,hs2_sections,2009-10,27,"HS27 — Coal, Briquettes and Ovoid etc. Manufactures of Coal",million USD,10997.987645
imports,hs2_sections,2009-10,84,HS84 — Compression-Ignition Internal Combustion Piston Engines,million USD,2139.7839090000066
imports,hs2_sections,2009-10,85,HS85 — Electric Motors and Generators,million USD,1734.8088959999948
imports,hs2_sections,2009-10,29,HS29 — Halogenated Derivatives of Hydrocarbons,million USD,1603.2313430000029
imports,hs2_sections,2009-10,72,HS72 — Ferrous Waste and Scrap,million USD,1377.9216020000026
imports,hs2_sections,2009-10,15,HS15 — Fats of Bovine Animals,million USD,1336.0134550000007
imports,hs2_sections,2009-10,39,"HS39 — Polymers of Ethylene, in Primary Forms",million USD,1126.7796129999952
imports,hs2_sections,2009-10,99,HS99 — Special Transaction NES,million USD,947.5627180000001
imports,hs2_sections,2009-10,87,HS87 — Tractors Other Than Work Trucks used for Short Distance,million USD,943.5051169999997
imports,hs2_sections,2009-10,31,"HS31 — Fertilizer of Nitrogen, Phosphorus or Potassium",million USD,868.4825170000003
imports,hs2_sections,2009-10,52,"HS52 — Cotton, Not Carded Or Combed",million USD,622.1345540000001
imports,hs2_sections,2009-10,12,"HS12 — Seeds, Fruit and Spores, for Sowing",million USD,543.4543
imports,hs2_sections,2009-10,38,"HS38 — Insecticides, Rodenticides and Fungicides etc. Retail",million USD,505.4887140000002
imports,hs2_sections,2009-10,55,HS55 — Artificial Filament Tow,million USD,392.0906999999999
imports,hs2_sections,2009-10,89,HS89 — Vessels and Floating Structures for Scrapping,million USD,387.896761
imports,hs2_sections,2009-10,90,HS90 — Optical Fibers and Bundles etc.,million USD,362.08903399999986
imports,hs2_sections,2009-10,54,HS54 — Sewing Thread of Manmade Filaments,million USD,351.28358800000035
imports,hs2_sections,2009-10,28,HS28 — Diphosphorus Pentaoxide and Phosphoric Acid etc.,million USD,340.5825480000001
imports,hs2_sections,2009-10,30,HS30 — Human Blood or Animal Blood Prepared for Therapeutic,million USD,335.7506100000001
imports,hs2_sections,2009-10,48,"HS48 — Newsprint, in Rolls or Sheets",million USD,320.9066070000002
imports,hs2_sections,2009-10,09,HS09 — Tea Whether or not Flavored,million USD,319.9333330000003
imports,hs2_sections,2009-10,07,"HS07 — Tomatoes, Fresh or Chilled",million USD,313.0603150000001
imports,hs2_sections,2009-10,17,HS17 — Sugar Confectionery including White Chocolate not Cocoa,million USD,303.657856
imports,hs2_sections,2009-10,40,"HS40 — Natural Rubber, Balata, Chicle etc, Primary Form etc.",million USD,277.9949960000002
imports,hs2_sections,2009-10,32,HS32 — Tanning Extracts of Vegetable Origin,million USD,269.2877579999998
imports,hs2_sections,2009-10,73,"HS73 — Tubes, Pipes and Hollow Profiles Seamless of Iron or Steel",million USD,237.13697900000025
imports,hs2_sections,2009-10,76,HS76 — Aluminum Foil,million USD,154.423339
imports,hs2_sections,2009-10,88,"HS88 — Parts of Balloons etc. Aircraft, Spacecraft etc.",million USD,138.26546899999997
imports,hs2_sections,2009-10,34,HS34 — Organic Surf-Act Agents and Products other than Soap,million USD,133.75147100000004
imports,hs2_sections,2009-10,74,"HS74 — Copper Plates, Sheets and Strip, of Thickness above 0.15mm",million USD,114.839815
imports,hs2_sections,2009-10,23,HS23 — Preparations Used In Animal Feeding,million USD,114.51226199999998
imports,hs2_sections,2009-10,26,HS26 — Iron Ores and Concentrates,million USD,106.50294899999996
imports,hs2_sections,2009-10,47,"HS47 — Chemical Wood pulp, Soda or Sulfate, Not Dissolving Grades",million USD,77.80734199999999
imports,hs2_sections,2009-10,08,"HS08 — Coconuts, Brazil Nuts & Cashew Nuts, Fresh or Dry",million USD,70.34517099999997
imports,hs2_sections,2009-10,33,HS33 — Odoriferous Mixtures as Raw Materials for Industry,million USD,70.15091900000002
imports,hs2_sections,2009-10,25,HS25 — Natural Steatite Roughly Trimmed etc.,million USD,68.53042399999991
imports,hs2_sections,2009-10,53,"HS53 — Coconut, Abaca, Ramie etc NES not Spun",million USD,66.79665700000002
imports,hs2_sections,2009-10,44,"HS44 — Wood Sawn or Chip Length, Sliced etc.",million USD,63.71027200000005
imports,hs2_sections,2009-10,93,HS93 — Revolvers and Pistols Designed to Fire Live Ammo,million USD,60.687695000000026
imports,hs2_sections,2009-10,04,"HS04 — Whey and Milk Products NES, Flavored etc. or Not",million USD,59.76408699999996
imports,hs2_sections,2009-10,96,HS96 — Slide Fasteners and Parts Thereof,million USD,50.63587899999993
imports,hs2_sections,2009-10,69,"HS69 — Refractory Ceramic Goods, Retorts, Tubes etc. NES",million USD,47.75827700000003
imports,hs2_sections,2009-10,86,HS86 — Rail Locomotives Powered from an External Source,million USD,47.44861199999997
imports,hs2_sections,2009-10,41,HS41 — Raw Skins of Sheep or Lambs NES,million USD,43.06581500000004
imports,hs2_sections,2009-10,10,HS10 — Wheat and Meslin,million USD,42.44228100000002
imports,hs2_sections,2009-10,63,HS63 — Worn Clothing and other Worn Textile Articles,million USD,41.367723999999995
imports,hs2_sections,2009-10,19,HS19 — Malt Extracts; Food Prep. of Flour etc. Under 50% Cocoa etc.,million USD,41.30213400000001
imports,hs2_sections,2009-10,35,"HS35 — Casein, Caseinates and other Casein Derivatives",million USD,40.17294600000003
imports,hs2_sections,2009-10,78,"HS78 — Lead, Unwrought",million USD,40.14502100000001
imports,hs2_sections,2009-10,59,HS59 — Tire Cord Fabric of High Tenacity Yarn of Nylon etc.,million USD,35.75011399999998
imports,hs2_sections,2009-10,79,"HS79 — Zinc, Unwrought",million USD,33.36342699999999
imports,hs2_sections,2009-10,70,HS70 — Glass Bead etc. and Articles NES,million USD,30.875813000000022
imports,hs2_sections,2009-10,94,"HS94 — Seats and Parts Except Barber, Dental etc.",million USD,26.204795
imports,hs2_sections,2009-10,49,"HS49 — Printed Books, Brochures and Similar Printed Matter",million USD,24.609997000000018
imports,hs2_sections,2009-10,82,"HS82 — Tools Like Handsaws, Blow, torches etc in Sets for Retail",million USD,23.62522
imports,hs2_sections,2009-10,24,HS24 — Tobacco and Tobacco Substitutes Manufactured NES,million USD,21.810125000000006
imports,hs2_sections,2009-10,01,"HS01 — Live Horses, Asses, Mules and Hinnies",million USD,21.800501000000004
imports,hs2_sections,2009-10,37,"HS37 — Photographic Chemicals, Unmixed Products Retail",million USD,21.297465
imports,hs2_sections,2009-10,83,"HS83 — Clasps, Frames, Buckles, Hooks etc. Beads and Spangles",million USD,19.980218
imports,hs2_sections,2009-10,50,HS50 — Silkworm Cocoons Suitable for Reeling,million USD,19.600110000000004
imports,hs2_sections,2009-10,64,"HS64 — Parts of Footwear: Insoles, Gaiters etc. Parts",million USD,19.570054999999993
imports,hs2_sections,2009-10,56,"HS56 — Nonwovens Impregnated, Coated, Covered or Lamented",million USD,18.832921000000006
imports,hs2_sections,2009-10,20,"HS20 — Vegetable, Fruit, Nuts Etc, Prep Or Pres By Vinegar Etc",million USD,18.110596000000015
imports,hs2_sections,2009-10,21,HS21 — Food Preparations NES,million USD,17.830913
imports,hs2_sections,2009-10,60,HS60 — Warp Knit fabrics Not of Rubber and Pile Fabrics >30cm,million USD,16.309792
imports,hs2_sections,2009-10,62,"HS62 — Men's or Boys' Suits, Ensembles etc, Not Knitted etc.",million USD,16.060496999999987
imports,hs2_sections,2009-10,75,HS75 — Articles of Nickel NES,million USD,15.202752999999998
imports,hs2_sections,2009-10,18,HS18 — Chocolate and other Food Products Containing Cocoa,million USD,13.357646999999998
imports,hs2_sections,2009-10,68,HS68 — Friction Material and Articles thereof of Mineral Substances,million USD,13.338785999999997
imports,hs2_sections,2009-10,14,HS14 — Vegetable Products NES,million USD,12.068709999999994
imports,hs2_sections,2009-10,58,HS58 — Narrow Woven Fabrics Except Labels,million USD,11.95647999999999
imports,hs2_sections,2009-10,51,"HS51 — Wool, Not Carded or Combed",million USD,8.374674
imports,hs2_sections,2009-10,81,HS81 — Zirconium and Articles Thereof Include. Waste and Scrap,million USD,8.082813999999999
imports,hs2_sections,2009-10,57,"HS57 — Carpets and other Textile Floor Coverings, Tufted",million USD,7.841268000000003
imports,hs2_sections,2009-10,71,HS71 — Other Articles of Precious Metal or of Metal Clad,million USD,7.5104750000000005
imports,hs2_sections,2009-10,91,HS91 — Time of Day Recording Apparatus etc.,million USD,7.172868999999999
imports,hs2_sections,2009-10,95,"HS95 — Toys NES, Reduced Size, Puzzles of all Kinds",million USD,6.978598000000001
imports,hs2_sections,2009-10,13,"HS13 — Lac; Natural Gums, Resins, Gum-Resins and Balsams",million USD,6.294511999999997
imports,hs2_sections,2009-10,11,HS11 — Wheat or Meslin Flour,million USD,6.150214
imports,hs2_sections,2009-10,16,"HS16 — Prepared or Preserved Meat, Meat Offal and Blood NES",million USD,3.302343000000001
imports,hs2_sections,2009-10,61,"HS61 — T-Shirts, Singlets and other Vests Kn/Cr",million USD,3.300997999999999
imports,hs2_sections,2009-10,80,HS80 — Tin Tubes and Pipes Including Pipe and Tube Fittings,million USD,3.1705210000000004
imports,hs2_sections,2009-10,36,HS36 — Propellant Powders,million USD,3.099620000000001
imports,hs2_sections,2009-10,02,"HS02 — Meat of Bovine Animals, Fresh or Chilled",million USD,2.7560279999999993
imports,hs2_sections,2009-10,42,HS42 — Articles of Leather NES,million USD,1.8104039999999997
imports,hs2_sections,2009-10,22,"HS22 — Waters, Sweetened etc and other Nonalcoholic Beverage NES,",million USD,1.741938
imports,hs2_sections,2009-10,05,HS05 — Bird Skins and other Feathered Parts and Down,million USD,1.4096360000000001
imports,hs2_sections,2009-10,03,"HS03 — Fish, Fresh or Chilled (Not Fish Fillets & other Fish Meat)",million USD,0.9840040000000001
imports,hs2_sections,2009-10,97,"HS97 — Paintings, Drawing etc By Hand",million USD,0.8196500000000001
imports,hs2_sections,2009-10,43,"HS43 — Articles of Apparel etc, of Furskins",million USD,0.7827989999999998
imports,hs2_sections,2009-10,46,HS46 — Plaits etc and Products of Plaiting Materials,million USD,0.443368
imports,hs2_sections,2009-10,92,HS92 — Wind Musical Instruments NES,million USD,0.43419800000000003
imports,hs2_sections,2009-10,45,"HS45 — Natural Cork, Raw or Simply Prepared, Waste",million USD,0.41371500000000005
imports,hs2_sections,2009-10,65,"HS65 — Hats and Headgear, Knitted etc. Lace etc.",million USD,0.39949599999999996
imports,hs2_sections,2009-10,06,"HS06 — Bulbs, Tubers, Tuberous Roots, Corms, Chicory Plants & Root",million USD,0.37945
imports,hs2_sections,2009-10,66,"HS66 — Walking-Sticks, Seat-Sticks, Whips and Riding-Crops",million USD,0.049984
imports,hs2_sections,2009-10,67,"HS67 — Wigs, False Beards of Hair etc. Human Hair Articles NES",million USD,0.010372
imports,hs2_sections,2010-11,27,"HS27 — Coal, Briquettes and Ovoid etc. Manufactures of Coal",million USD,12940.595803999997
imports,hs2_sections,2010-11,84,HS84 — Compression-Ignition Internal Combustion Piston Engines,million USD,2249.1036579999977
imports,hs2_sections,2010-11,15,HS15 — Fats of Bovine Animals,million USD,2027.9436110000004
imports,hs2_sections,2010-11,29,HS29 — Halogenated Derivatives of Hydrocarbons,million USD,1966.3523150000037
imports,hs2_sections,2010-11,85,HS85 — Electric Motors and Generators,million USD,1542.022516000007
imports,hs2_sections,2010-11,72,HS72 — Ferrous Waste and Scrap,million USD,1399.6923620000002
imports,hs2_sections,2010-11,39,"HS39 — Polymers of Ethylene, in Primary Forms",million USD,1391.6133890000017
imports,hs2_sections,2010-11,99,HS99 — Special Transaction NES,million USD,1199.055148999998
imports,hs2_sections,2010-11,52,"HS52 — Cotton, Not Carded Or Combed",million USD,1090.94599
imports,hs2_sections,2010-11,87,HS87 — Tractors Other Than Work Trucks used for Short Distance,million USD,989.4765730000015
imports,hs2_sections,2010-11,17,HS17 — Sugar Confectionery including White Chocolate not Cocoa,million USD,709.683148
imports,hs2_sections,2010-11,12,"HS12 — Seeds, Fruit and Spores, for Sowing",million USD,583.313687
imports,hs2_sections,2010-11,55,HS55 — Artificial Filament Tow,million USD,581.6134289999991
imports,hs2_sections,2010-11,89,HS89 — Vessels and Floating Structures for Scrapping,million USD,568.9050149999999
imports,hs2_sections,2010-11,38,"HS38 — Insecticides, Rodenticides and Fungicides etc. Retail",million USD,528.452601
imports,hs2_sections,2010-11,54,HS54 — Sewing Thread of Manmade Filaments,million USD,526.2259900000001
imports,hs2_sections,2010-11,07,"HS07 — Tomatoes, Fresh or Chilled",million USD,492.7564539999999
imports,hs2_sections,2010-11,31,"HS31 — Fertilizer of Nitrogen, Phosphorus or Potassium",million USD,460.7676570000001
imports,hs2_sections,2010-11,28,HS28 — Diphosphorus Pentaoxide and Phosphoric Acid etc.,million USD,456.7105179999997
imports,hs2_sections,2010-11,48,"HS48 — Newsprint, in Rolls or Sheets",million USD,397.5286459999996
imports,hs2_sections,2010-11,09,HS09 — Tea Whether or not Flavored,million USD,393.91519299999993
imports,hs2_sections,2010-11,40,"HS40 — Natural Rubber, Balata, Chicle etc, Primary Form etc.",million USD,369.397038000001
imports,hs2_sections,2010-11,32,HS32 — Tanning Extracts of Vegetable Origin,million USD,308.31989300000066
imports,hs2_sections,2010-11,90,HS90 — Optical Fibers and Bundles etc.,million USD,291.3622170000006
imports,hs2_sections,2010-11,30,HS30 — Human Blood or Animal Blood Prepared for Therapeutic,million USD,281.5240370000002
imports,hs2_sections,2010-11,73,"HS73 — Tubes, Pipes and Hollow Profiles Seamless of Iron or Steel",million USD,175.53967499999968
imports,hs2_sections,2010-11,76,HS76 — Aluminum Foil,million USD,164.7185059999999
imports,hs2_sections,2010-11,23,HS23 — Preparations Used In Animal Feeding,million USD,162.60633500000003
imports,hs2_sections,2010-11,34,HS34 — Organic Surf-Act Agents and Products other than Soap,million USD,144.0072020000003
imports,hs2_sections,2010-11,74,"HS74 — Copper Plates, Sheets and Strip, of Thickness above 0.15mm",million USD,115.57984000000006
imports,hs2_sections,2010-11,04,"HS04 — Whey and Milk Products NES, Flavored etc. or Not",million USD,111.63127099999998
imports,hs2_sections,2010-11,47,"HS47 — Chemical Wood pulp, Soda or Sulfate, Not Dissolving Grades",million USD,98.403797
imports,hs2_sections,2010-11,44,"HS44 — Wood Sawn or Chip Length, Sliced etc.",million USD,82.68638100000008
imports,hs2_sections,2010-11,26,HS26 — Iron Ores and Concentrates,million USD,80.35095200000005
imports,hs2_sections,2010-11,88,"HS88 — Parts of Balloons etc. Aircraft, Spacecraft etc.",million USD,79.53047099999995
imports,hs2_sections,2010-11,53,"HS53 — Coconut, Abaca, Ramie etc NES not Spun",million USD,75.619015
imports,hs2_sections,2010-11,33,HS33 — Odoriferous Mixtures as Raw Materials for Industry,million USD,75.56605099999996
imports,hs2_sections,2010-11,96,HS96 — Slide Fasteners and Parts Thereof,million USD,72.21779800000012
imports,hs2_sections,2010-11,41,HS41 — Raw Skins of Sheep or Lambs NES,million USD,70.94108600000003
imports,hs2_sections,2010-11,08,"HS08 — Coconuts, Brazil Nuts & Cashew Nuts, Fresh or Dry",million USD,67.80766099999997
imports,hs2_sections,2010-11,25,HS25 — Natural Steatite Roughly Trimmed etc.,million USD,65.15525800000007
imports,hs2_sections,2010-11,63,HS63 — Worn Clothing and other Worn Textile Articles,million USD,62.42931599999997
imports,hs2_sections,2010-11,78,"HS78 — Lead, Unwrought",million USD,56.15145800000005
imports,hs2_sections,2010-11,10,HS10 — Wheat and Meslin,million USD,52.2025
imports,hs2_sections,2010-11,35,"HS35 — Casein, Caseinates and other Casein Derivatives",million USD,44.792154000000004
imports,hs2_sections,2010-11,19,HS19 — Malt Extracts; Food Prep. of Flour etc. Under 50% Cocoa etc.,million USD,43.73342700000002
imports,hs2_sections,2010-11,69,"HS69 — Refractory Ceramic Goods, Retorts, Tubes etc. NES",million USD,43.39559799999997
imports,hs2_sections,2010-11,59,HS59 — Tire Cord Fabric of High Tenacity Yarn of Nylon etc.,million USD,42.03956
imports,hs2_sections,2010-11,70,HS70 — Glass Bead etc. and Articles NES,million USD,41.91189499999996
imports,hs2_sections,2010-11,79,"HS79 — Zinc, Unwrought",million USD,39.64460899999999
imports,hs2_sections,2010-11,93,HS93 — Revolvers and Pistols Designed to Fire Live Ammo,million USD,36.39296099999999
imports,hs2_sections,2010-11,86,HS86 — Rail Locomotives Powered from an External Source,million USD,30.547599999999992
imports,hs2_sections,2010-11,64,"HS64 — Parts of Footwear: Insoles, Gaiters etc. Parts",million USD,30.068931999999997
imports,hs2_sections,2010-11,60,HS60 — Warp Knit fabrics Not of Rubber and Pile Fabrics >30cm,million USD,28.514200999999996
imports,hs2_sections,2010-11,82,"HS82 — Tools Like Handsaws, Blow, torches etc in Sets for Retail",million USD,25.264684000000024
imports,hs2_sections,2010-11,20,"HS20 — Vegetable, Fruit, Nuts Etc, Prep Or Pres By Vinegar Etc",million USD,23.400736
imports,hs2_sections,2010-11,83,"HS83 — Clasps, Frames, Buckles, Hooks etc. Beads and Spangles",million USD,22.749568999999994
imports,hs2_sections,2010-11,94,"HS94 — Seats and Parts Except Barber, Dental etc.",million USD,22.217833000000006
imports,hs2_sections,2010-11,58,HS58 — Narrow Woven Fabrics Except Labels,million USD,21.32126099999999
imports,hs2_sections,2010-11,21,HS21 — Food Preparations NES,million USD,21.249408000000006
imports,hs2_sections,2010-11,50,HS50 — Silkworm Cocoons Suitable for Reeling,million USD,20.868812
imports,hs2_sections,2010-11,56,"HS56 — Nonwovens Impregnated, Coated, Covered or Lamented",million USD,20.600396000000007
imports,hs2_sections,2010-11,18,HS18 — Chocolate and other Food Products Containing Cocoa,million USD,20.38218
imports,hs2_sections,2010-11,49,"HS49 — Printed Books, Brochures and Similar Printed Matter",million USD,19.104612000000003
imports,hs2_sections,2010-11,75,HS75 — Articles of Nickel NES,million USD,18.780344000000007
imports,hs2_sections,2010-11,37,"HS37 — Photographic Chemicals, Unmixed Products Retail",million USD,18.609127
imports,hs2_sections,2010-11,62,"HS62 — Men's or Boys' Suits, Ensembles etc, Not Knitted etc.",million USD,17.197778000000003
imports,hs2_sections,2010-11,68,HS68 — Friction Material and Articles thereof of Mineral Substances,million USD,16.081594
imports,hs2_sections,2010-11,01,"HS01 — Live Horses, Asses, Mules and Hinnies",million USD,15.899566000000004
imports,hs2_sections,2010-11,24,HS24 — Tobacco and Tobacco Substitutes Manufactured NES,million USD,13.370921000000001
imports,hs2_sections,2010-11,14,HS14 — Vegetable Products NES,million USD,12.923147000000004
imports,hs2_sections,2010-11,51,"HS51 — Wool, Not Carded or Combed",million USD,10.416757999999994
imports,hs2_sections,2010-11,57,"HS57 — Carpets and other Textile Floor Coverings, Tufted",million USD,9.905038999999997
imports,hs2_sections,2010-11,71,HS71 — Other Articles of Precious Metal or of Metal Clad,million USD,9.638469999999998
imports,hs2_sections,2010-11,91,HS91 — Time of Day Recording Apparatus etc.,million USD,9.397112000000003
imports,hs2_sections,2010-11,81,HS81 — Zirconium and Articles Thereof Include. Waste and Scrap,million USD,9.266293
imports,hs2_sections,2010-11,95,"HS95 — Toys NES, Reduced Size, Puzzles of all Kinds",million USD,8.281646000000002
imports,hs2_sections,2010-11,61,"HS61 — T-Shirts, Singlets and other Vests Kn/Cr",million USD,7.748550999999998
imports,hs2_sections,2010-11,13,"HS13 — Lac; Natural Gums, Resins, Gum-Resins and Balsams",million USD,6.634600999999998
imports,hs2_sections,2010-11,16,"HS16 — Prepared or Preserved Meat, Meat Offal and Blood NES",million USD,5.043399999999999
imports,hs2_sections,2010-11,11,HS11 — Wheat or Meslin Flour,million USD,4.885933999999999
imports,hs2_sections,2010-11,05,HS05 — Bird Skins and other Feathered Parts and Down,million USD,4.149027
imports,hs2_sections,2010-11,80,HS80 — Tin Tubes and Pipes Including Pipe and Tube Fittings,million USD,3.8607549999999993
imports,hs2_sections,2010-11,02,"HS02 — Meat of Bovine Animals, Fresh or Chilled",million USD,3.6933789999999993
imports,hs2_sections,2010-11,36,HS36 — Propellant Powders,million USD,3.6198529999999987
imports,hs2_sections,2010-11,42,HS42 — Articles of Leather NES,million USD,3.0194219999999996
imports,hs2_sections,2010-11,22,"HS22 — Waters, Sweetened etc and other Nonalcoholic Beverage NES,",million USD,2.503602999999999
imports,hs2_sections,2010-11,03,"HS03 — Fish, Fresh or Chilled (Not Fish Fillets & other Fish Meat)",million USD,2.323508
imports,hs2_sections,2010-11,43,"HS43 — Articles of Apparel etc, of Furskins",million USD,1.5995770000000002
imports,hs2_sections,2010-11,46,HS46 — Plaits etc and Products of Plaiting Materials,million USD,0.8951889999999999
imports,hs2_sections,2010-11,65,"HS65 — Hats and Headgear, Knitted etc. Lace etc.",million USD,0.258725
imports,hs2_sections,2010-11,67,"HS67 — Wigs, False Beards of Hair etc. Human Hair Articles NES",million USD,0.199995
imports,hs2_sections,2010-11,45,"HS45 — Natural Cork, Raw or Simply Prepared, Waste",million USD,0.17604800000000004
imports,hs2_sections,2010-11,97,"HS97 — Paintings, Drawing etc By Hand",million USD,0.16752
imports,hs2_sections,2010-11,92,HS92 — Wind Musical Instruments NES,million USD,0.140982
imports,hs2_sections,2010-11,06,"HS06 — Bulbs, Tubers, Tuberous Roots, Corms, Chicory Plants & Root",million USD,0.053405999999999995
imports,hs2_sections,2010-11,66,"HS66 — Walking-Sticks, Seat-Sticks, Whips and Riding-Crops",million USD,0.015177
imports,hs2_sections,2011-12,27,"HS27 — Coal, Briquettes and Ovoid etc. Manufactures of Coal",million USD,14877.940349000017
imports,hs2_sections,2011-12,15,HS15 — Fats of Bovine Animals,million USD,2629.1379320000005
imports,hs2_sections,2011-12,29,HS29 — Halogenated Derivatives of Hydrocarbons,million USD,2207.354861000009
imports,hs2_sections,2011-12,84,HS84 — Compression-Ignition Internal Combustion Piston Engines,million USD,2083.8110820000047
imports,hs2_sections,2011-12,72,HS72 — Ferrous Waste and Scrap,million USD,1679.6821949999974
imports,hs2_sections,2011-12,85,HS85 — Electric Motors and Generators,million USD,1654.1849160000015
imports,hs2_sections,2011-12,39,"HS39 — Polymers of Ethylene, in Primary Forms",million USD,1506.4589659999986
imports,hs2_sections,2011-12,87,HS87 — Tractors Other Than Work Trucks used for Short Distance,million USD,1107.002336000001
imports,hs2_sections,2011-12,31,"HS31 — Fertilizer of Nitrogen, Phosphorus or Potassium",million USD,1047.3245160000001
imports,hs2_sections,2011-12,99,HS99 — Special Transaction NES,million USD,966.0578600000008
imports,hs2_sections,2011-12,89,HS89 — Vessels and Floating Structures for Scrapping,million USD,701.975078
imports,hs2_sections,2011-12,12,"HS12 — Seeds, Fruit and Spores, for Sowing",million USD,667.7277160000003
imports,hs2_sections,2011-12,55,HS55 — Artificial Filament Tow,million USD,591.3214990000008
imports,hs2_sections,2011-12,52,"HS52 — Cotton, Not Carded Or Combed",million USD,567.2682550000001
imports,hs2_sections,2011-12,07,"HS07 — Tomatoes, Fresh or Chilled",million USD,551.9513139999999
imports,hs2_sections,2011-12,38,"HS38 — Insecticides, Rodenticides and Fungicides etc. Retail",million USD,549.0064249999997
imports,hs2_sections,2011-12,54,HS54 — Sewing Thread of Manmade Filaments,million USD,539.3911099999999
imports,hs2_sections,2011-12,28,HS28 — Diphosphorus Pentaoxide and Phosphoric Acid etc.,million USD,503.297975
imports,hs2_sections,2011-12,48,"HS48 — Newsprint, in Rolls or Sheets",million USD,463.791108
imports,hs2_sections,2011-12,40,"HS40 — Natural Rubber, Balata, Chicle etc, Primary Form etc.",million USD,415.32618600000023
imports,hs2_sections,2011-12,09,HS09 — Tea Whether or not Flavored,million USD,402.1042670000003
imports,hs2_sections,2011-12,30,HS30 — Human Blood or Animal Blood Prepared for Therapeutic,million USD,363.7135919999999
imports,hs2_sections,2011-12,90,HS90 — Optical Fibers and Bundles etc.,million USD,315.986584
imports,hs2_sections,2011-12,32,HS32 — Tanning Extracts of Vegetable Origin,million USD,307.3713670000006
imports,hs2_sections,2011-12,23,HS23 — Preparations Used In Animal Feeding,million USD,251.89257999999987
imports,hs2_sections,2011-12,73,"HS73 — Tubes, Pipes and Hollow Profiles Seamless of Iron or Steel",million USD,201.30357899999993
imports,hs2_sections,2011-12,76,HS76 — Aluminum Foil,million USD,146.93436699999992
imports,hs2_sections,2011-12,74,"HS74 — Copper Plates, Sheets and Strip, of Thickness above 0.15mm",million USD,136.5582410000001
imports,hs2_sections,2011-12,34,HS34 — Organic Surf-Act Agents and Products other than Soap,million USD,134.48298999999997
imports,hs2_sections,2011-12,04,"HS04 — Whey and Milk Products NES, Flavored etc. or Not",million USD,112.12608100000007
imports,hs2_sections,2011-12,88,"HS88 — Parts of Balloons etc. Aircraft, Spacecraft etc.",million USD,106.2507
imports,hs2_sections,2011-12,44,"HS44 — Wood Sawn or Chip Length, Sliced etc.",million USD,104.79658399999992
imports,hs2_sections,2011-12,63,HS63 — Worn Clothing and other Worn Textile Articles,million USD,94.65357300000004
imports,hs2_sections,2011-12,25,HS25 — Natural Steatite Roughly Trimmed etc.,million USD,93.95542899999992
imports,hs2_sections,2011-12,33,HS33 — Odoriferous Mixtures as Raw Materials for Industry,million USD,84.29976199999999
imports,hs2_sections,2011-12,08,"HS08 — Coconuts, Brazil Nuts & Cashew Nuts, Fresh or Dry",million USD,83.28031200000002
imports,hs2_sections,2011-12,41,HS41 — Raw Skins of Sheep or Lambs NES,million USD,78.56113499999992
imports,hs2_sections,2011-12,47,"HS47 — Chemical Wood pulp, Soda or Sulfate, Not Dissolving Grades",million USD,73.97521600000003
imports,hs2_sections,2011-12,96,HS96 — Slide Fasteners and Parts Thereof,million USD,66.494704
imports,hs2_sections,2011-12,69,"HS69 — Refractory Ceramic Goods, Retorts, Tubes etc. NES",million USD,63.819964000000056
imports,hs2_sections,2011-12,19,HS19 — Malt Extracts; Food Prep. of Flour etc. Under 50% Cocoa etc.,million USD,63.42770099999997
imports,hs2_sections,2011-12,10,HS10 — Wheat and Meslin,million USD,62.34586700000003
imports,hs2_sections,2011-12,53,"HS53 — Coconut, Abaca, Ramie etc NES not Spun",million USD,61.709652
imports,hs2_sections,2011-12,78,"HS78 — Lead, Unwrought",million USD,57.827116000000004
imports,hs2_sections,2011-12,35,"HS35 — Casein, Caseinates and other Casein Derivatives",million USD,49.868824999999994
imports,hs2_sections,2011-12,70,HS70 — Glass Bead etc. and Articles NES,million USD,48.24148900000001
imports,hs2_sections,2011-12,59,HS59 — Tire Cord Fabric of High Tenacity Yarn of Nylon etc.,million USD,45.24439
imports,hs2_sections,2011-12,17,HS17 — Sugar Confectionery including White Chocolate not Cocoa,million USD,41.763029000000024
imports,hs2_sections,2011-12,64,"HS64 — Parts of Footwear: Insoles, Gaiters etc. Parts",million USD,37.255601
imports,hs2_sections,2011-12,79,"HS79 — Zinc, Unwrought",million USD,31.699340000000007
imports,hs2_sections,2011-12,24,HS24 — Tobacco and Tobacco Substitutes Manufactured NES,million USD,30.533114
imports,hs2_sections,2011-12,20,"HS20 — Vegetable, Fruit, Nuts Etc, Prep Or Pres By Vinegar Etc",million USD,30.081072999999993
imports,hs2_sections,2011-12,94,"HS94 — Seats and Parts Except Barber, Dental etc.",million USD,29.534903999999994
imports,hs2_sections,2011-12,26,HS26 — Iron Ores and Concentrates,million USD,27.048688999999992
imports,hs2_sections,2011-12,60,HS60 — Warp Knit fabrics Not of Rubber and Pile Fabrics >30cm,million USD,25.992205000000006
imports,hs2_sections,2011-12,86,HS86 — Rail Locomotives Powered from an External Source,million USD,25.875808000000003
imports,hs2_sections,2011-12,21,HS21 — Food Preparations NES,million USD,24.63263199999999
imports,hs2_sections,2011-12,56,"HS56 — Nonwovens Impregnated, Coated, Covered or Lamented",million USD,24.389848999999984
imports,hs2_sections,2011-12,83,"HS83 — Clasps, Frames, Buckles, Hooks etc. Beads and Spangles",million USD,24.325997000000005
imports,hs2_sections,2011-12,82,"HS82 — Tools Like Handsaws, Blow, torches etc in Sets for Retail",million USD,24.101627
imports,hs2_sections,2011-12,37,"HS37 — Photographic Chemicals, Unmixed Products Retail",million USD,23.832052000000036
imports,hs2_sections,2011-12,18,HS18 — Chocolate and other Food Products Containing Cocoa,million USD,22.297600000000013
imports,hs2_sections,2011-12,49,"HS49 — Printed Books, Brochures and Similar Printed Matter",million USD,20.184198000000002
imports,hs2_sections,2011-12,58,HS58 — Narrow Woven Fabrics Except Labels,million USD,19.503177000000015
imports,hs2_sections,2011-12,62,"HS62 — Men's or Boys' Suits, Ensembles etc, Not Knitted etc.",million USD,19.390792999999988
imports,hs2_sections,2011-12,01,"HS01 — Live Horses, Asses, Mules and Hinnies",million USD,17.816500000000005
imports,hs2_sections,2011-12,75,HS75 — Articles of Nickel NES,million USD,17.281462
imports,hs2_sections,2011-12,50,HS50 — Silkworm Cocoons Suitable for Reeling,million USD,15.486430000000004
imports,hs2_sections,2011-12,68,HS68 — Friction Material and Articles thereof of Mineral Substances,million USD,14.682622999999992
imports,hs2_sections,2011-12,02,"HS02 — Meat of Bovine Animals, Fresh or Chilled",million USD,13.611089
imports,hs2_sections,2011-12,14,HS14 — Vegetable Products NES,million USD,13.097204000000001
imports,hs2_sections,2011-12,93,HS93 — Revolvers and Pistols Designed to Fire Live Ammo,million USD,12.914261999999994
imports,hs2_sections,2011-12,51,"HS51 — Wool, Not Carded or Combed",million USD,12.838501
imports,hs2_sections,2011-12,81,HS81 — Zirconium and Articles Thereof Include. Waste and Scrap,million USD,12.190303
imports,hs2_sections,2011-12,57,"HS57 — Carpets and other Textile Floor Coverings, Tufted",million USD,12.036175999999996
imports,hs2_sections,2011-12,61,"HS61 — T-Shirts, Singlets and other Vests Kn/Cr",million USD,11.295805999999997
imports,hs2_sections,2011-12,95,"HS95 — Toys NES, Reduced Size, Puzzles of all Kinds",million USD,10.540743999999993
imports,hs2_sections,2011-12,11,HS11 — Wheat or Meslin Flour,million USD,9.940800999999999
imports,hs2_sections,2011-12,91,HS91 — Time of Day Recording Apparatus etc.,million USD,9.420668999999998
imports,hs2_sections,2011-12,80,HS80 — Tin Tubes and Pipes Including Pipe and Tube Fittings,million USD,8.386746
imports,hs2_sections,2011-12,13,"HS13 — Lac; Natural Gums, Resins, Gum-Resins and Balsams",million USD,7.397704000000002
imports,hs2_sections,2011-12,42,HS42 — Articles of Leather NES,million USD,6.261328000000001
imports,hs2_sections,2011-12,71,HS71 — Other Articles of Precious Metal or of Metal Clad,million USD,4.571460999999999
imports,hs2_sections,2011-12,16,"HS16 — Prepared or Preserved Meat, Meat Offal and Blood NES",million USD,4.033092
imports,hs2_sections,2011-12,03,"HS03 — Fish, Fresh or Chilled (Not Fish Fillets & other Fish Meat)",million USD,3.664359
imports,hs2_sections,2011-12,05,HS05 — Bird Skins and other Feathered Parts and Down,million USD,2.3255810000000006
imports,hs2_sections,2011-12,22,"HS22 — Waters, Sweetened etc and other Nonalcoholic Beverage NES,",million USD,1.2615800000000001
imports,hs2_sections,2011-12,36,HS36 — Propellant Powders,million USD,1.144753
imports,hs2_sections,2011-12,46,HS46 — Plaits etc and Products of Plaiting Materials,million USD,1.034919
imports,hs2_sections,2011-12,43,"HS43 — Articles of Apparel etc, of Furskins",million USD,0.8543109999999999
imports,hs2_sections,2011-12,92,HS92 — Wind Musical Instruments NES,million USD,0.751714
imports,hs2_sections,2011-12,45,"HS45 — Natural Cork, Raw or Simply Prepared, Waste",million USD,0.32075599999999993
imports,hs2_sections,2011-12,65,"HS65 — Hats and Headgear, Knitted etc. Lace etc.",million USD,0.202324
imports,hs2_sections,2011-12,67,"HS67 — Wigs, False Beards of Hair etc. Human Hair Articles NES",million USD,0.11983200000000001
imports,hs2_sections,2011-12,97,"HS97 — Paintings, Drawing etc By Hand",million USD,0.07059
imports,hs2_sections,2011-12,06,"HS06 — Bulbs, Tubers, Tuberous Roots, Corms, Chicory Plants & Root",million USD,0.06378400000000001
imports,hs2_sections,2011-12,66,"HS66 — Walking-Sticks, Seat-Sticks, Whips and Riding-Crops",million USD,0.019374000000000002
imports,hs2_sections,2012-13,27,"HS27 — Coal, Briquettes and Ovoid etc. Manufactures of Coal",million USD,14629.110898000019
imports,hs2_sections,2012-13,84,HS84 — Compression-Ignition Internal Combustion Piston Engines,million USD,2174.5890899999918
imports,hs2_sections,2012-13,29,HS29 — Halogenated Derivatives of Hydrocarbons,million USD,2128.426761999994
imports,hs2_sections,2012-13,15,HS15 — Fats of Bovine Animals,million USD,2023.4859310000008
imports,hs2_sections,2012-13,72,HS72 — Ferrous Waste and Scrap,million USD,1735.830492000004
imports,hs2_sections,2012-13,85,HS85 — Electric Motors and Generators,million USD,1671.716619
imports,hs2_sections,2012-13,39,"HS39 — Polymers of Ethylene, in Primary Forms",million USD,1535.0531909999986
imports,hs2_sections,2012-13,99,HS99 — Special Transaction NES,million USD,1302.7030329999986
imports,hs2_sections,2012-13,52,"HS52 — Cotton, Not Carded Or Combed",million USD,1129.4327410000014
imports,hs2_sections,2012-13,87,HS87 — Tractors Other Than Work Trucks used for Short Distance,million USD,879.2278409999998
imports,hs2_sections,2012-13,89,HS89 — Vessels and Floating Structures for Scrapping,million USD,696.7804310000001
imports,hs2_sections,2012-13,31,"HS31 — Fertilizer of Nitrogen, Phosphorus or Potassium",million USD,612.6537599999997
imports,hs2_sections,2012-13,38,"HS38 — Insecticides, Rodenticides and Fungicides etc. Retail",million USD,589.8378180000002
imports,hs2_sections,2012-13,55,HS55 — Artificial Filament Tow,million USD,550.4722570000004
imports,hs2_sections,2012-13,54,HS54 — Sewing Thread of Manmade Filaments,million USD,528.4230580000002
imports,hs2_sections,2012-13,28,HS28 — Diphosphorus Pentaoxide and Phosphoric Acid etc.,million USD,522.7447029999997
imports,hs2_sections,2012-13,12,"HS12 — Seeds, Fruit and Spores, for Sowing",million USD,501.7181569999997
imports,hs2_sections,2012-13,48,"HS48 — Newsprint, in Rolls or Sheets",million USD,473.91715300000004
imports,hs2_sections,2012-13,07,"HS07 — Tomatoes, Fresh or Chilled",million USD,448.9084969999999
imports,hs2_sections,2012-13,09,HS09 — Tea Whether or not Flavored,million USD,441.44608099999994
imports,hs2_sections,2012-13,40,"HS40 — Natural Rubber, Balata, Chicle etc, Primary Form etc.",million USD,401.92931200000004
imports,hs2_sections,2012-13,90,HS90 — Optical Fibers and Bundles etc.,million USD,381.20334899999955
imports,hs2_sections,2012-13,23,HS23 — Preparations Used In Animal Feeding,million USD,377.2840130000004
imports,hs2_sections,2012-13,32,HS32 — Tanning Extracts of Vegetable Origin,million USD,326.1700679999997
imports,hs2_sections,2012-13,30,HS30 — Human Blood or Animal Blood Prepared for Therapeutic,million USD,324.95592700000014
imports,hs2_sections,2012-13,73,"HS73 — Tubes, Pipes and Hollow Profiles Seamless of Iron or Steel",million USD,227.46653399999963
imports,hs2_sections,2012-13,76,HS76 — Aluminum Foil,million USD,159.14918099999988
imports,hs2_sections,2012-13,34,HS34 — Organic Surf-Act Agents and Products other than Soap,million USD,141.46282499999998
imports,hs2_sections,2012-13,74,"HS74 — Copper Plates, Sheets and Strip, of Thickness above 0.15mm",million USD,129.38821399999998
imports,hs2_sections,2012-13,63,HS63 — Worn Clothing and other Worn Textile Articles,million USD,114.76505699999997
imports,hs2_sections,2012-13,04,"HS04 — Whey and Milk Products NES, Flavored etc. or Not",million USD,111.8608470000001
imports,hs2_sections,2012-13,44,"HS44 — Wood Sawn or Chip Length, Sliced etc.",million USD,108.49120200000009
imports,hs2_sections,2012-13,08,"HS08 — Coconuts, Brazil Nuts & Cashew Nuts, Fresh or Dry",million USD,104.57893399999986
imports,hs2_sections,2012-13,33,HS33 — Odoriferous Mixtures as Raw Materials for Industry,million USD,103.02785400000005
imports,hs2_sections,2012-13,47,"HS47 — Chemical Wood pulp, Soda or Sulfate, Not Dissolving Grades",million USD,96.08250100000002
imports,hs2_sections,2012-13,88,"HS88 — Parts of Balloons etc. Aircraft, Spacecraft etc.",million USD,95.43948999999994
imports,hs2_sections,2012-13,25,HS25 — Natural Steatite Roughly Trimmed etc.,million USD,82.39869599999999
imports,hs2_sections,2012-13,96,HS96 — Slide Fasteners and Parts Thereof,million USD,74.416151
imports,hs2_sections,2012-13,78,"HS78 — Lead, Unwrought",million USD,74.16090200000002
imports,hs2_sections,2012-13,19,HS19 — Malt Extracts; Food Prep. of Flour etc. Under 50% Cocoa etc.,million USD,72.44105000000002
imports,hs2_sections,2012-13,69,"HS69 — Refractory Ceramic Goods, Retorts, Tubes etc. NES",million USD,70.411824
imports,hs2_sections,2012-13,10,HS10 — Wheat and Meslin,million USD,69.72782799999999
imports,hs2_sections,2012-13,86,HS86 — Rail Locomotives Powered from an External Source,million USD,69.446851
imports,hs2_sections,2012-13,53,"HS53 — Coconut, Abaca, Ramie etc NES not Spun",million USD,69.419004
imports,hs2_sections,2012-13,41,HS41 — Raw Skins of Sheep or Lambs NES,million USD,68.22140199999996
imports,hs2_sections,2012-13,70,HS70 — Glass Bead etc. and Articles NES,million USD,50.895181999999984
imports,hs2_sections,2012-13,59,HS59 — Tire Cord Fabric of High Tenacity Yarn of Nylon etc.,million USD,50.70372200000003
imports,hs2_sections,2012-13,35,"HS35 — Casein, Caseinates and other Casein Derivatives",million USD,48.84872599999997
imports,hs2_sections,2012-13,01,"HS01 — Live Horses, Asses, Mules and Hinnies",million USD,43.33238800000001
imports,hs2_sections,2012-13,64,"HS64 — Parts of Footwear: Insoles, Gaiters etc. Parts",million USD,41.27701499999996
imports,hs2_sections,2012-13,94,"HS94 — Seats and Parts Except Barber, Dental etc.",million USD,40.44408899999999
imports,hs2_sections,2012-13,17,HS17 — Sugar Confectionery including White Chocolate not Cocoa,million USD,34.03152800000001
imports,hs2_sections,2012-13,20,"HS20 — Vegetable, Fruit, Nuts Etc, Prep Or Pres By Vinegar Etc",million USD,33.97495199999999
imports,hs2_sections,2012-13,79,"HS79 — Zinc, Unwrought",million USD,31.784816999999993
imports,hs2_sections,2012-13,21,HS21 — Food Preparations NES,million USD,31.219324999999998
imports,hs2_sections,2012-13,56,"HS56 — Nonwovens Impregnated, Coated, Covered or Lamented",million USD,30.376751000000016
imports,hs2_sections,2012-13,60,HS60 — Warp Knit fabrics Not of Rubber and Pile Fabrics >30cm,million USD,30.006664000000008
imports,hs2_sections,2012-13,37,"HS37 — Photographic Chemicals, Unmixed Products Retail",million USD,27.218989999999977
imports,hs2_sections,2012-13,82,"HS82 — Tools Like Handsaws, Blow, torches etc in Sets for Retail",million USD,26.735184000000014
imports,hs2_sections,2012-13,50,HS50 — Silkworm Cocoons Suitable for Reeling,million USD,25.847302
imports,hs2_sections,2012-13,83,"HS83 — Clasps, Frames, Buckles, Hooks etc. Beads and Spangles",million USD,25.008801000000016
imports,hs2_sections,2012-13,61,"HS61 — T-Shirts, Singlets and other Vests Kn/Cr",million USD,21.655291999999978
imports,hs2_sections,2012-13,93,HS93 — Revolvers and Pistols Designed to Fire Live Ammo,million USD,21.289707999999994
imports,hs2_sections,2012-13,18,HS18 — Chocolate and other Food Products Containing Cocoa,million USD,21.03102800000001
imports,hs2_sections,2012-13,58,HS58 — Narrow Woven Fabrics Except Labels,million USD,20.840745000000005
imports,hs2_sections,2012-13,49,"HS49 — Printed Books, Brochures and Similar Printed Matter",million USD,20.623621000000004
imports,hs2_sections,2012-13,62,"HS62 — Men's or Boys' Suits, Ensembles etc, Not Knitted etc.",million USD,18.150511999999992
imports,hs2_sections,2012-13,75,HS75 — Articles of Nickel NES,million USD,16.028991
imports,hs2_sections,2012-13,24,HS24 — Tobacco and Tobacco Substitutes Manufactured NES,million USD,15.826332999999998
imports,hs2_sections,2012-13,68,HS68 — Friction Material and Articles thereof of Mineral Substances,million USD,15.392592000000008
imports,hs2_sections,2012-13,14,HS14 — Vegetable Products NES,million USD,14.022552999999995
imports,hs2_sections,2012-13,26,HS26 — Iron Ores and Concentrates,million USD,13.948735
imports,hs2_sections,2012-13,57,"HS57 — Carpets and other Textile Floor Coverings, Tufted",million USD,12.276687
imports,hs2_sections,2012-13,42,HS42 — Articles of Leather NES,million USD,11.425615999999993
imports,hs2_sections,2012-13,13,"HS13 — Lac; Natural Gums, Resins, Gum-Resins and Balsams",million USD,10.901511999999995
imports,hs2_sections,2012-13,95,"HS95 — Toys NES, Reduced Size, Puzzles of all Kinds",million USD,10.622391
imports,hs2_sections,2012-13,81,HS81 — Zirconium and Articles Thereof Include. Waste and Scrap,million USD,9.866511
imports,hs2_sections,2012-13,51,"HS51 — Wool, Not Carded or Combed",million USD,9.724278
imports,hs2_sections,2012-13,11,HS11 — Wheat or Meslin Flour,million USD,9.547726999999997
imports,hs2_sections,2012-13,91,HS91 — Time of Day Recording Apparatus etc.,million USD,8.84643
imports,hs2_sections,2012-13,03,"HS03 — Fish, Fresh or Chilled (Not Fish Fillets & other Fish Meat)",million USD,7.111552999999999
imports,hs2_sections,2012-13,02,"HS02 — Meat of Bovine Animals, Fresh or Chilled",million USD,6.926997
imports,hs2_sections,2012-13,80,HS80 — Tin Tubes and Pipes Including Pipe and Tube Fittings,million USD,6.112895
imports,hs2_sections,2012-13,71,HS71 — Other Articles of Precious Metal or of Metal Clad,million USD,4.416675000000001
imports,hs2_sections,2012-13,22,"HS22 — Waters, Sweetened etc and other Nonalcoholic Beverage NES,",million USD,3.6400030000000005
imports,hs2_sections,2012-13,05,HS05 — Bird Skins and other Feathered Parts and Down,million USD,3.5858149999999998
imports,hs2_sections,2012-13,16,"HS16 — Prepared or Preserved Meat, Meat Offal and Blood NES",million USD,1.9033839999999997
imports,hs2_sections,2012-13,36,HS36 — Propellant Powders,million USD,0.920922
imports,hs2_sections,2012-13,46,HS46 — Plaits etc and Products of Plaiting Materials,million USD,0.6300960000000001
imports,hs2_sections,2012-13,43,"HS43 — Articles of Apparel etc, of Furskins",million USD,0.5541219999999999
imports,hs2_sections,2012-13,06,"HS06 — Bulbs, Tubers, Tuberous Roots, Corms, Chicory Plants & Root",million USD,0.453643
imports,hs2_sections,2012-13,92,HS92 — Wind Musical Instruments NES,million USD,0.27141099999999996
imports,hs2_sections,2012-13,65,"HS65 — Hats and Headgear, Knitted etc. Lace etc.",million USD,0.21570499999999998
imports,hs2_sections,2012-13,67,"HS67 — Wigs, False Beards of Hair etc. Human Hair Articles NES",million USD,0.15994699999999998
imports,hs2_sections,2012-13,66,"HS66 — Walking-Sticks, Seat-Sticks, Whips and Riding-Crops",million USD,0.080268
imports,hs2_sections,2012-13,45,"HS45 — Natural Cork, Raw or Simply Prepared, Waste",million USD,0.05050400000000001
imports,hs2_sections,2012-13,97,"HS97 — Paintings, Drawing etc By Hand",million USD,0.037163999999999996
imports,hs2_sections,2013-14,27,"HS27 — Coal, Briquettes and Ovoid etc. Manufactures of Coal",million USD,15408.653267000012
imports,hs2_sections,2013-14,72,HS72 — Ferrous Waste and Scrap,million USD,1924.089632000002
imports,hs2_sections,2013-14,84,HS84 — Spark-Ignition Reciprocating or Rotary Internal Comb Piston,million USD,1444.5530120000046
imports,hs2_sections,2013-14,84,HS84 — Compression-Ignition Internal Combustion Piston Engines,million USD,1306.8154500000016
imports,hs2_sections,2013-14,29,HS29 — Halogenated Derivatives of Hydrocarbons,million USD,1176.7831029999988
imports,hs2_sections,2013-14,15,HS15 — Soybean Oil and Its Fractions,million USD,1072.0293180000021
imports,hs2_sections,2013-14,85,HS85 — Electric Motors and Generators,million USD,1055.712667000001
imports,hs2_sections,2013-14,29,HS29 — Saturated Acyclic Monocarboxylic Acid etc.,million USD,1038.8441390000028
imports,hs2_sections,2013-14,15,HS15 — Fats of Bovine Animals,million USD,1008.2008799999993
imports,hs2_sections,2013-14,85,HS85 — Electrical Generating Sets and Rotary Converters,million USD,972.0773530000006
imports,hs2_sections,2013-14,39,"HS39 — Polymers of Propylene or other Olefins, Primary Forms",million USD,874.7109460000014
imports,hs2_sections,2013-14,39,"HS39 — Polymers of Ethylene, in Primary Forms",million USD,805.0859429999996
imports,hs2_sections,2013-14,52,"HS52 — Cotton, Not Carded Or Combed",million USD,724.6661179999999
imports,hs2_sections,2013-14,38,"HS38 — Insecticides, Rodenticides and Fungicides etc. Retail",million USD,717.0899620000009
imports,hs2_sections,2013-14,54,HS54 — Sewing Thread of Manmade Filaments,million USD,570.6044689999998
imports,hs2_sections,2013-14,99,HS99 — Cardiology / Cardiac Surgery Disposables,million USD,558.1891590000004
imports,hs2_sections,2013-14,48,"HS48 — Newsprint, in Rolls or Sheets",million USD,502.5933659999997
imports,hs2_sections,2013-14,99,HS99 — Special Transaction NES,million USD,478.69130100000035
imports,hs2_sections,2013-14,87,HS87 — Tractors Other Than Work Trucks used for Short Distance,million USD,464.8800790000001
imports,hs2_sections,2013-14,87,HS87 — Parts and Accessories for Motor Vehicles,million USD,435.41174999999976
imports,hs2_sections,2013-14,23,HS23 — Preparations Used In Animal Feeding,million USD,435.28842199999997
imports,hs2_sections,2013-14,31,"HS31 — Fertilizer of Nitrogen, Phosphorus or Potassium",million USD,428.37211000000013
imports,hs2_sections,2013-14,28,HS28 — Diphosphorus Pentaoxide and Phosphoric Acid etc.,million USD,391.0022080000001
imports,hs2_sections,2013-14,09,HS09 — Tea Whether or not Flavored,million USD,389.08324100000016
imports,hs2_sections,2013-14,30,HS30 — Human Blood or Animal Blood Prepared for Therapeutic,million USD,350.4885349999997
imports,hs2_sections,2013-14,89,HS89 — Vessels and Floating Structures for Scrapping,million USD,330.66460199999995
imports,hs2_sections,2013-14,32,HS32 — Synthetic Organic Coloring Matter,million USD,313.2665560000001
imports,hs2_sections,2013-14,90,HS90 — Optical Fibers and Bundles etc.,million USD,311.1394770000007
imports,hs2_sections,2013-14,55,HS55 — Synthetic Filament Tow,million USD,309.1247780000008
imports,hs2_sections,2013-14,55,HS55 — Artificial Filament Tow,million USD,271.990606
imports,hs2_sections,2013-14,31,"HS31 — Mineral or Chemical Fertilizers, Phosphatic",million USD,267.9713550000002
imports,hs2_sections,2013-14,12,"HS12 — Seeds, Fruit and Spores, for Sowing",million USD,242.4918340000001
imports,hs2_sections,2013-14,89,HS89 — Vessels for Transport of Persons or Goods,million USD,232.33350199999998
imports,hs2_sections,2013-14,12,HS12 — Peanuts-Nut not Roasted or otherwise Cooked,million USD,229.37159299999976
imports,hs2_sections,2013-14,07,"HS07 — Potatoes, Fresh or Chilled",million USD,228.78858199999988
imports,hs2_sections,2013-14,40,"HS40 — Natural Rubber, Balata, Chicle etc, Primary Form etc.",million USD,218.49126100000024
imports,hs2_sections,2013-14,07,"HS07 — Tomatoes, Fresh or Chilled",million USD,216.82103700000008
imports,hs2_sections,2013-14,90,"HS90 — Compound Optical Microscopes, Parts and Accessories",million USD,205.93832300000042
imports,hs2_sections,2013-14,10,HS10 — Wheat and Meslin,million USD,200.12025800000004
imports,hs2_sections,2013-14,32,HS32 — Tanning Extracts of Vegetable Origin,million USD,198.42829500000008
imports,hs2_sections,2013-14,40,HS40 — Waste of Rubber and Powder Obtain thereof,million USD,196.05841100000026
imports,hs2_sections,2013-14,34,HS34 — Organic Surf-Act Agents and Products other than Soap,million USD,155.75746500000008
imports,hs2_sections,2013-14,86,HS86 — Parts of Railway or Tramway Locomotives,million USD,117.75235599999998
imports,hs2_sections,2013-14,73,HS73 — Structures NES and Parts Thereof of Iron or Steel,million USD,115.28712300000008
imports,hs2_sections,2013-14,76,"HS76 — Aluminum, Unwrought",million USD,106.96916400000003
imports,hs2_sections,2013-14,44,"HS44 — Wood Sawn or Chip Length, Sliced etc.",million USD,106.239988
imports,hs2_sections,2013-14,73,"HS73 — Tubes, Pipes and Hollow Profiles Seamless of Iron or Steel",million USD,102.30904899999993
imports,hs2_sections,2013-14,78,"HS78 — Lead, Unwrought",million USD,100.01918899999998
imports,hs2_sections,2013-14,08,"HS08 — Coconuts, Brazil Nuts & Cashew Nuts, Fresh or Dry",million USD,98.342175
imports,hs2_sections,2013-14,88,"HS88 — Parts of Balloons etc. Aircraft, Spacecraft etc.",million USD,93.51011099999997
imports,hs2_sections,2013-14,63,"HS63 — Bed and Table Linen, Toilet and Kitchen Linen",million USD,84.53565800000005
imports,hs2_sections,2013-14,76,HS76 — Aluminum Foil,million USD,81.005661
imports,hs2_sections,2013-14,19,HS19 — Malt Extracts; Food Prep. of Flour etc. Under 50% Cocoa etc.,million USD,80.70782100000002
imports,hs2_sections,2013-14,74,"HS74 — Copper Plates, Sheets and Strip, of Thickness above 0.15mm",million USD,69.424372
imports,hs2_sections,2013-14,42,HS42 — Articles of Leather NES,million USD,67.802653
imports,hs2_sections,2013-14,74,HS74 — Copper Waste and Scrap,million USD,67.49252299999993
imports,hs2_sections,2013-14,63,HS63 — Worn Clothing and other Worn Textile Articles,million USD,64.45444299999997
imports,hs2_sections,2013-14,08,"HS08 — Grapes, Fresh or Dried",million USD,62.74007000000002
imports,hs2_sections,2013-14,33,HS33 — Beauty and Make-Up Preparations,million USD,59.60138499999999
imports,hs2_sections,2013-14,04,"HS04 — Whey and Milk Products NES, Flavored etc. or Not",million USD,57.826734999999964
imports,hs2_sections,2013-14,47,HS47 — Waste and Scrap of Paper or Paperboard,million USD,54.55500700000001
imports,hs2_sections,2013-14,96,"HS96 — Buttons, Press Studs, Button Mold and Blanks etc.",million USD,53.76645099999999
imports,hs2_sections,2013-14,33,HS33 — Odoriferous Mixtures as Raw Materials for Industry,million USD,53.286896999999975
imports,hs2_sections,2013-14,47,"HS47 — Chemical Wood pulp, Soda or Sulfate, Not Dissolving Grades",million USD,51.245243
imports,hs2_sections,2013-14,04,"HS04 — Milk and Cream, Concentrated or Sweetened",million USD,48.63335999999998
imports,hs2_sections,2013-14,21,HS21 — Food Preparations NES,million USD,45.536125
imports,hs2_sections,2013-14,96,HS96 — Slide Fasteners and Parts Thereof,million USD,44.63665000000002
imports,hs2_sections,2013-14,69,"HS69 — Refractory Bricks, Blocks, Tiles and Similar Ceramic",million USD,40.72066000000004
imports,hs2_sections,2013-14,41,HS41 — Raw Hides and Skins of Bovine or Equine Animals,million USD,38.86153299999999
imports,hs2_sections,2013-14,41,HS41 — Raw Skins of Sheep or Lambs NES,million USD,37.95467799999999
imports,hs2_sections,2013-14,79,"HS79 — Zinc, Unwrought",million USD,37.199607
imports,hs2_sections,2013-14,69,"HS69 — Refractory Ceramic Goods, Retorts, Tubes etc. NES",million USD,37.00725099999998
imports,hs2_sections,2013-14,25,"HS25 — Salt, Pure Sodium Chloride, Sea Water",million USD,36.28711399999999
imports,hs2_sections,2013-14,53,"HS53 — Coconut, Abaca, Ramie etc NES not Spun",million USD,35.897481000000006
imports,hs2_sections,2013-14,25,HS25 — Natural Steatite Roughly Trimmed etc.,million USD,31.795029000000003
imports,hs2_sections,2013-14,53,HS53 — Jute and other Textile Bast Fibers NES,million USD,31.56678999999998
imports,hs2_sections,2013-14,94,"HS94 — Seats and Parts Except Barber, Dental etc.",million USD,31.537656999999996
imports,hs2_sections,2013-14,70,"HS70 — Glass in Balls, Rods or Tubes Unworked",million USD,28.770493999999974
imports,hs2_sections,2013-14,59,HS59 — Gum Covered Fabric; Tracing Cloth; Paint Canvas,million USD,28.51406
imports,hs2_sections,2013-14,70,HS70 — Glass Bead etc. and Articles NES,million USD,25.819775
imports,hs2_sections,2013-14,50,HS50 — Silkworm Cocoons Suitable for Reeling,million USD,25.438671000000003
imports,hs2_sections,2013-14,59,HS59 — Tire Cord Fabric of High Tenacity Yarn of Nylon etc.,million USD,25.329027999999997
imports,hs2_sections,2013-14,01,"HS01 — Live Horses, Asses, Mules and Hinnies",million USD,24.854745
imports,hs2_sections,2013-14,86,HS86 — Rail Locomotives Powered from an External Source,million USD,24.816439000000003
imports,hs2_sections,2013-14,35,HS35 — Enzymes; Prepared Enzymes NES,million USD,24.663945999999974
imports,hs2_sections,2013-14,62,"HS62 — Men's or Boys' Suits, Ensembles etc, Not Knitted etc.",million USD,24.292806999999996
imports,hs2_sections,2013-14,94,"HS94 — Medical, Surgical, Dental or Veterinary Furniture etc.",million USD,23.74298100000001
imports,hs2_sections,2013-14,56,HS56 — Textile Wadding and Articles; Text Fiber Not Over 5 mm,million USD,23.733209999999993
imports,hs2_sections,2013-14,64,HS64 — Footwear NES,million USD,23.160883999999996
imports,hs2_sections,2013-14,20,HS20 — Vegetables Prepared or Preserved NES not Frozen,million USD,22.529370999999998
imports,hs2_sections,2013-14,18,HS18 — Chocolate and other Food Products Containing Cocoa,million USD,22.294098000000005
imports,hs2_sections,2013-14,64,"HS64 — Parts of Footwear: Insoles, Gaiters etc. Parts",million USD,21.376430999999993
imports,hs2_sections,2013-14,35,"HS35 — Casein, Caseinates and other Casein Derivatives",million USD,21.235745000000016
imports,hs2_sections,2013-14,56,"HS56 — Nonwovens Impregnated, Coated, Covered or Lamented",million USD,18.997369000000017
imports,hs2_sections,2013-14,82,HS82 — Hand tools and Tools Used in Agriculture etc.,million USD,18.70056200000002
imports,hs2_sections,2013-14,82,"HS82 — Tools Like Handsaws, Blow, torches etc in Sets for Retail",million USD,18.632317999999998
imports,hs2_sections,2013-14,26,HS26 — Iron Ores and Concentrates,million USD,18.33511899999999
imports,hs2_sections,2013-14,60,HS60 — Pile Fabrics and Terry Fabrics Knitted or Crocheted,million USD,18.285999
imports,hs2_sections,2013-14,17,HS17 — Cane or Beet Sugar and Sucrose in Solid Form,million USD,17.944556000000006
imports,hs2_sections,2013-14,83,"HS83 — Hardware, Fixtures, Castors etc. and Part",million USD,15.551273999999987
imports,hs2_sections,2013-14,14,HS14 — Vegetable Products NES,million USD,15.119072000000001
imports,hs2_sections,2013-14,20,"HS20 — Vegetable, Fruit, Nuts Etc, Prep Or Pres By Vinegar Etc",million USD,14.954634999999993
imports,hs2_sections,2013-14,58,"HS58 — Labels, Badges and Similar Type of Textiles Material",million USD,13.657983999999995
imports,hs2_sections,2013-14,17,HS17 — Sugar Confectionery including White Chocolate not Cocoa,million USD,12.639355000000007
imports,hs2_sections,2013-14,58,HS58 — Narrow Woven Fabrics Except Labels,million USD,12.246279000000003
imports,hs2_sections,2013-14,49,HS49 — Printed Matter including Pictures and Photographs NES,million USD,12.052441000000002
imports,hs2_sections,2013-14,93,"HS93 — Military Weapons other than Revolvers, Pistols etc",million USD,12.002451000000002
imports,hs2_sections,2013-14,83,"HS83 — Clasps, Frames, Buckles, Hooks etc. Beads and Spangles",million USD,11.816747000000003
imports,hs2_sections,2013-14,68,HS68 — Friction Material and Articles thereof of Mineral Substances,million USD,11.796538000000002
imports,hs2_sections,2013-14,49,"HS49 — Printed Books, Brochures and Similar Printed Matter",million USD,11.685401000000002
imports,hs2_sections,2013-14,60,HS60 — Warp Knit fabrics Not of Rubber and Pile Fabrics >30cm,million USD,11.585459
imports,hs2_sections,2013-14,37,"HS37 — Photo Plates and Film Flat, Sensitized, Unexposed",million USD,11.329027000000004
imports,hs2_sections,2013-14,68,"HS68 — Articles of Asbestos-Cement, Cellulose Fibre-Cements etc.",million USD,11.029264
imports,hs2_sections,2013-14,61,"HS61 — T-Shirts, Singlets and other Vests Kn/Cr",million USD,10.726255999999994
imports,hs2_sections,2013-14,37,"HS37 — Photographic Chemicals, Unmixed Products Retail",million USD,10.605507000000003
imports,hs2_sections,2013-14,95,HS95 — Articles and Equipments for Sports etc NES,million USD,10.295540000000003
imports,hs2_sections,2013-14,51,"HS51 — Wool, Not Carded or Combed",million USD,10.14077
imports,hs2_sections,2013-14,61,"HS61 — Ladies Suits, Ensembles etc. Kn/Cr",million USD,9.986659
imports,hs2_sections,2013-14,95,"HS95 — Toys NES, Reduced Size, Puzzles of all Kinds",million USD,9.202614999999996
imports,hs2_sections,2013-14,75,HS75 — Articles of Nickel NES,million USD,9.08379
imports,hs2_sections,2013-14,24,HS24 — Tobacco and Tobacco Substitutes Manufactured NES,million USD,7.321374000000001
imports,hs2_sections,2013-14,81,HS81 — Cobalt Mattes etc. Cobalt & Articles Including Waste & Scrap,million USD,7.203399999999999
imports,hs2_sections,2013-14,91,HS91 — Time of Day Recording Apparatus etc.,million USD,6.833130000000001
imports,hs2_sections,2013-14,11,HS11 — Starches; Inulin,million USD,6.785231999999997
imports,hs2_sections,2013-14,91,"HS91 — Watches, Wrist and Pocket etc.",million USD,6.665920000000002
imports,hs2_sections,2013-14,65,"HS65 — Hats and Headgear, Knitted etc. Lace etc.",million USD,6.351782
imports,hs2_sections,2013-14,75,"HS75 — Nickel Mattes, Nickel Oxide Sinters and other Products",million USD,6.246186000000002
imports,hs2_sections,2013-14,93,HS93 — Revolvers and Pistols Designed to Fire Live Ammo,million USD,6.029812000000001
imports,hs2_sections,2013-14,24,HS24 — Tobacco and Tobacco Refuse,million USD,5.775824999999999
imports,hs2_sections,2013-14,13,"HS13 — Vegetable Saps and Extracts: Pectates, Agar-Agar etc.",million USD,4.943844000000003
imports,hs2_sections,2013-14,03,"HS03 — Fish, Live",million USD,4.792993000000001
imports,hs2_sections,2013-14,03,"HS03 — Fish, Fresh or Chilled (Not Fish Fillets & other Fish Meat)",million USD,4.7872710000000005
imports,hs2_sections,2013-14,81,HS81 — Zirconium and Articles Thereof Include. Waste and Scrap,million USD,4.734659999999999
imports,hs2_sections,2013-14,11,HS11 — Wheat or Meslin Flour,million USD,4.451516
imports,hs2_sections,2013-14,02,"HS02 — Other Meat & Edible Offal ; Fresh, Chilled or Frozen",million USD,4.158873999999998
imports,hs2_sections,2013-14,26,HS26 — Chromium Ores and Concentrates,million USD,3.678033
imports,hs2_sections,2013-14,57,"HS57 — Carpets and other Textile Floor Coverings, Tufted",million USD,3.6566929999999997
imports,hs2_sections,2013-14,57,"HS57 — Carpets and other Textile Floor Coverings, Knotted",million USD,3.3114779999999993
imports,hs2_sections,2013-14,02,"HS02 — Meat of Bovine Animals, Fresh or Chilled",million USD,3.1589900000000006
imports,hs2_sections,2013-14,13,"HS13 — Lac; Natural Gums, Resins, Gum-Resins and Balsams",million USD,2.8313159999999997
imports,hs2_sections,2013-14,22,"HS22 — Waters, Sweetened etc and other Nonalcoholic Beverage NES,",million USD,2.640618
imports,hs2_sections,2013-14,05,"HS05 — Bones & Horn - Cores, Unworked, Defatted, Simply Prepared",million USD,2.2468049999999993
imports,hs2_sections,2013-14,71,HS71 — Precious and Semi Precious Stones NES,million USD,2.157968999999999
imports,hs2_sections,2013-14,80,"HS80 — Tin, Unwrought",million USD,2.1578889999999995
imports,hs2_sections,2013-14,67,HS67 — Skins and other Parts of Birds,million USD,2.000968
imports,hs2_sections,2013-14,16,HS16 — Sausages and Similar Products of Meat and Blood,million USD,1.989262
imports,hs2_sections,2013-14,16,"HS16 — Prepared or Preserved Meat, Meat Offal and Blood NES",million USD,1.9410030000000003
imports,hs2_sections,2013-14,71,HS71 — Other Articles of Precious Metal or of Metal Clad,million USD,1.8395280000000003
imports,hs2_sections,2013-14,05,HS05 — Bird Skins and other Feathered Parts and Down,million USD,1.804972
imports,hs2_sections,2013-14,92,HS92 — Percussion Musical Instruments Drums etc.,million USD,1.6996129999999998
imports,hs2_sections,2013-14,80,HS80 — Tin Tubes and Pipes Including Pipe and Tube Fittings,million USD,1.415345
imports,hs2_sections,2013-14,36,HS36 — Propellant Powders,million USD,1.3393929999999998
imports,hs2_sections,2013-14,43,"HS43 — Articles of Apparel etc, of Furskins",million USD,0.7403150000000001
imports,hs2_sections,2013-14,06,HS06 — Cut Flowers and Flower Buds for Bouquet or for Ornaments,million USD,0.5627329999999999
imports,hs2_sections,2013-14,06,"HS06 — Bulbs, Tubers, Tuberous Roots, Corms, Chicory Plants & Root",million USD,0.424207
imports,hs2_sections,2013-14,65,HS65 — Headgear NES,million USD,0.35218200000000005
imports,hs2_sections,2013-14,46,HS46 — Plaits etc and Products of Plaiting Materials,million USD,0.32454599999999995
imports,hs2_sections,2013-14,97,"HS97 — Paintings, Drawing etc By Hand",million USD,0.19197600000000004
imports,hs2_sections,2013-14,45,HS45 — Agglomerated Cork and Articles Thereof,million USD,0.18631399999999998
imports,hs2_sections,2013-14,66,"HS66 — Walking-Sticks, Seat-Sticks, Whips and Riding-Crops",million USD,0.184277
imports,hs2_sections,2013-14,45,"HS45 — Natural Cork, Raw or Simply Prepared, Waste",million USD,0.07833300000000001
imports,hs2_sections,2013-14,67,"HS67 — Wigs, False Beards of Hair etc. Human Hair Articles NES",million USD,0.030176
imports,hs2_sections,2013-14,97,HS97 — Collectors Item of Botanic and Historical Interest,million USD,0.014031000000000002
imports,hs2_sections,2013-14,92,HS92 — Wind Musical Instruments NES,million USD,0.013192
imports,hs2_sections,2014-15,27,"HS27 — Coal, Briquettes and Ovoid etc. Manufactures of Coal",million USD,12843.759815000003
imports,hs2_sections,2014-15,84,HS84 — Spark-Ignition Reciprocating or Rotary Internal Comb Piston,million USD,2898.6443349999918
imports,hs2_sections,2014-15,85,HS85 — Electrical Generating Sets and Rotary Converters,million USD,2545.2491760000025
imports,hs2_sections,2014-15,72,HS72 — Ferrous Waste and Scrap,million USD,2345.472897000002
imports,hs2_sections,2014-15,29,HS29 — Saturated Acyclic Monocarboxylic Acid etc.,million USD,1996.714379999996
imports,hs2_sections,2014-15,15,HS15 — Soybean Oil and Its Fractions,million USD,1953.3814250000016
imports,hs2_sections,2014-15,39,"HS39 — Polymers of Propylene or other Olefins, Primary Forms",million USD,1771.7582760000012
imports,hs2_sections,2014-15,87,HS87 — Parts and Accessories for Motor Vehicles,million USD,1055.5057560000007
imports,hs2_sections,2014-15,99,HS99 — Cardiology / Cardiac Surgery Disposables,million USD,1036.4698230000006
imports,hs2_sections,2014-15,12,HS12 — Peanuts-Nut not Roasted or otherwise Cooked,million USD,872.0364950000004
imports,hs2_sections,2014-15,31,"HS31 — Mineral or Chemical Fertilizers, Phosphatic",million USD,702.3647100000004
imports,hs2_sections,2014-15,89,HS89 — Vessels for Transport of Persons or Goods,million USD,683.8044019999999
imports,hs2_sections,2014-15,38,"HS38 — Insecticides, Rodenticides and Fungicides etc. Retail",million USD,676.6147000000002
imports,hs2_sections,2014-15,55,HS55 — Synthetic Filament Tow,million USD,669.646331999999
imports,hs2_sections,2014-15,52,"HS52 — Cotton, Not Carded Or Combed",million USD,625.8612559999995
imports,hs2_sections,2014-15,54,HS54 — Sewing Thread of Manmade Filaments,million USD,589.0070399999998
imports,hs2_sections,2014-15,48,"HS48 — Newsprint, in Rolls or Sheets",million USD,562.9927519999983
imports,hs2_sections,2014-15,23,HS23 — Preparations Used In Animal Feeding,million USD,517.6386719999998
imports,hs2_sections,2014-15,07,"HS07 — Potatoes, Fresh or Chilled",million USD,516.5653250000003
imports,hs2_sections,2014-15,90,"HS90 — Compound Optical Microscopes, Parts and Accessories",million USD,510.7922249999974
imports,hs2_sections,2014-15,28,HS28 — Diphosphorus Pentaoxide and Phosphoric Acid etc.,million USD,476.89328400000005
imports,hs2_sections,2014-15,09,HS09 — Tea Whether or not Flavored,million USD,450.73660400000017
imports,hs2_sections,2014-15,32,HS32 — Synthetic Organic Coloring Matter,million USD,392.5393579999996
imports,hs2_sections,2014-15,40,HS40 — Waste of Rubber and Powder Obtain thereof,million USD,379.40914700000013
imports,hs2_sections,2014-15,30,HS30 — Human Blood or Animal Blood Prepared for Therapeutic,million USD,372.0438600000005
imports,hs2_sections,2014-15,73,HS73 — Structures NES and Parts Thereof of Iron or Steel,million USD,349.6171329999995
imports,hs2_sections,2014-15,10,HS10 — Wheat and Meslin,million USD,259.33554399999997
imports,hs2_sections,2014-15,76,"HS76 — Aluminum, Unwrought",million USD,203.88804100000013
imports,hs2_sections,2014-15,63,"HS63 — Bed and Table Linen, Toilet and Kitchen Linen",million USD,179.07824000000002
imports,hs2_sections,2014-15,04,"HS04 — Milk and Cream, Concentrated or Sweetened",million USD,173.62032500000007
imports,hs2_sections,2014-15,86,HS86 — Parts of Railway or Tramway Locomotives,million USD,167.45890300000005
imports,hs2_sections,2014-15,34,HS34 — Organic Surf-Act Agents and Products other than Soap,million USD,158.23825700000017
imports,hs2_sections,2014-15,74,HS74 — Copper Waste and Scrap,million USD,135.95557199999996
imports,hs2_sections,2014-15,44,"HS44 — Wood Sawn or Chip Length, Sliced etc.",million USD,123.44269299999995
imports,hs2_sections,2014-15,96,"HS96 — Buttons, Press Studs, Button Mold and Blanks etc.",million USD,118.30716900000004
imports,hs2_sections,2014-15,33,HS33 — Beauty and Make-Up Preparations,million USD,116.46671199999992
imports,hs2_sections,2014-15,08,"HS08 — Grapes, Fresh or Dried",million USD,113.62318200000003
imports,hs2_sections,2014-15,47,HS47 — Waste and Scrap of Paper or Paperboard,million USD,100.36155099999993
imports,hs2_sections,2014-15,94,"HS94 — Medical, Surgical, Dental or Veterinary Furniture etc.",million USD,100.04839599999998
imports,hs2_sections,2014-15,69,"HS69 — Refractory Bricks, Blocks, Tiles and Similar Ceramic",million USD,97.24668299999995
imports,hs2_sections,2014-15,19,HS19 — Malt Extracts; Food Prep. of Flour etc. Under 50% Cocoa etc.,million USD,96.57823699999999
imports,hs2_sections,2014-15,25,"HS25 — Salt, Pure Sodium Chloride, Sea Water",million USD,94.31112199999995
imports,hs2_sections,2014-15,78,"HS78 — Lead, Unwrought",million USD,91.79640699999996
imports,hs2_sections,2014-15,88,"HS88 — Parts of Balloons etc. Aircraft, Spacecraft etc.",million USD,86.14893499999997
imports,hs2_sections,2014-15,70,"HS70 — Glass in Balls, Rods or Tubes Unworked",million USD,65.53876100000008
imports,hs2_sections,2014-15,41,HS41 — Raw Hides and Skins of Bovine or Equine Animals,million USD,61.453674000000014
imports,hs2_sections,2014-15,59,HS59 — Gum Covered Fabric; Tracing Cloth; Paint Canvas,million USD,61.3099829999999
imports,hs2_sections,2014-15,56,HS56 — Textile Wadding and Articles; Text Fiber Not Over 5 mm,million USD,60.49123700000001
imports,hs2_sections,2014-15,50,HS50 — Silkworm Cocoons Suitable for Reeling,million USD,54.197472000000005
imports,hs2_sections,2014-15,53,HS53 — Jute and other Textile Bast Fibers NES,million USD,51.01262999999997
imports,hs2_sections,2014-15,64,HS64 — Footwear NES,million USD,49.689366999999955
imports,hs2_sections,2014-15,35,HS35 — Enzymes; Prepared Enzymes NES,million USD,46.82292800000001
imports,hs2_sections,2014-15,79,"HS79 — Zinc, Unwrought",million USD,40.556356999999984
imports,hs2_sections,2014-15,61,"HS61 — Ladies Suits, Ensembles etc. Kn/Cr",million USD,40.514306
imports,hs2_sections,2014-15,17,HS17 — Cane or Beet Sugar and Sucrose in Solid Form,million USD,39.27786100000002
imports,hs2_sections,2014-15,20,HS20 — Vegetables Prepared or Preserved NES not Frozen,million USD,37.03744199999996
imports,hs2_sections,2014-15,18,HS18 — Chocolate and other Food Products Containing Cocoa,million USD,36.545497999999995
imports,hs2_sections,2014-15,26,HS26 — Chromium Ores and Concentrates,million USD,36.130672
imports,hs2_sections,2014-15,60,HS60 — Pile Fabrics and Terry Fabrics Knitted or Crocheted,million USD,35.76036099999998
imports,hs2_sections,2014-15,83,"HS83 — Hardware, Fixtures, Castors etc. and Part",million USD,35.053701999999994
imports,hs2_sections,2014-15,21,HS21 — Food Preparations NES,million USD,34.94731099999997
imports,hs2_sections,2014-15,42,HS42 — Articles of Leather NES,million USD,34.783289
imports,hs2_sections,2014-15,58,"HS58 — Labels, Badges and Similar Type of Textiles Material",million USD,33.72945400000003
imports,hs2_sections,2014-15,01,"HS01 — Live Horses, Asses, Mules and Hinnies",million USD,32.58117499999998
imports,hs2_sections,2014-15,95,HS95 — Articles and Equipments for Sports etc NES,million USD,32.361822000000046
imports,hs2_sections,2014-15,49,HS49 — Printed Matter including Pictures and Photographs NES,million USD,30.749155000000002
imports,hs2_sections,2014-15,93,"HS93 — Military Weapons other than Revolvers, Pistols etc",million USD,30.699251000000007
imports,hs2_sections,2014-15,82,HS82 — Hand tools and Tools Used in Agriculture etc.,million USD,30.622159000000025
imports,hs2_sections,2014-15,62,"HS62 — Men's or Boys' Suits, Ensembles etc, Not Knitted etc.",million USD,30.058920000000025
imports,hs2_sections,2014-15,68,"HS68 — Articles of Asbestos-Cement, Cellulose Fibre-Cements etc.",million USD,25.008575000000004
imports,hs2_sections,2014-15,37,"HS37 — Photo Plates and Film Flat, Sensitized, Unexposed",million USD,21.719420000000007
imports,hs2_sections,2014-15,11,HS11 — Starches; Inulin,million USD,20.568388000000017
imports,hs2_sections,2014-15,75,"HS75 — Nickel Mattes, Nickel Oxide Sinters and other Products",million USD,18.60866099999999
imports,hs2_sections,2014-15,14,HS14 — Vegetable Products NES,million USD,17.015618
imports,hs2_sections,2014-15,24,HS24 — Tobacco and Tobacco Refuse,million USD,16.976829999999993
imports,hs2_sections,2014-15,91,"HS91 — Watches, Wrist and Pocket etc.",million USD,16.094638999999997
imports,hs2_sections,2014-15,03,"HS03 — Fish, Live",million USD,14.804953999999999
imports,hs2_sections,2014-15,51,"HS51 — Wool, Not Carded or Combed",million USD,11.819637999999994
imports,hs2_sections,2014-15,13,"HS13 — Vegetable Saps and Extracts: Pectates, Agar-Agar etc.",million USD,9.945012000000002
imports,hs2_sections,2014-15,81,HS81 — Cobalt Mattes etc. Cobalt & Articles Including Waste & Scrap,million USD,9.629694000000002
imports,hs2_sections,2014-15,57,"HS57 — Carpets and other Textile Floor Coverings, Knotted",million USD,8.880719999999997
imports,hs2_sections,2014-15,22,"HS22 — Waters, Sweetened etc and other Nonalcoholic Beverage NES,",million USD,6.081143999999997
imports,hs2_sections,2014-15,16,HS16 — Sausages and Similar Products of Meat and Blood,million USD,5.704583999999998
imports,hs2_sections,2014-15,80,"HS80 — Tin, Unwrought",million USD,5.576343000000001
imports,hs2_sections,2014-15,02,"HS02 — Other Meat & Edible Offal ; Fresh, Chilled or Frozen",million USD,5.558833
imports,hs2_sections,2014-15,71,HS71 — Precious and Semi Precious Stones NES,million USD,5.325316999999999
imports,hs2_sections,2014-15,05,"HS05 — Bones & Horn - Cores, Unworked, Defatted, Simply Prepared",million USD,3.6488920000000005
imports,hs2_sections,2014-15,92,HS92 — Percussion Musical Instruments Drums etc.,million USD,2.865807
imports,hs2_sections,2014-15,65,HS65 — Headgear NES,million USD,2.78633
imports,hs2_sections,2014-15,36,HS36 — Propellant Powders,million USD,0.867148
imports,hs2_sections,2014-15,06,HS06 — Cut Flowers and Flower Buds for Bouquet or for Ornaments,million USD,0.7190840000000001
imports,hs2_sections,2014-15,43,"HS43 — Articles of Apparel etc, of Furskins",million USD,0.6709099999999999
imports,hs2_sections,2014-15,45,HS45 — Agglomerated Cork and Articles Thereof,million USD,0.6604040000000001
imports,hs2_sections,2014-15,67,HS67 — Skins and other Parts of Birds,million USD,0.5256119999999999
imports,hs2_sections,2014-15,66,"HS66 — Walking-Sticks, Seat-Sticks, Whips and Riding-Crops",million USD,0.393335
imports,hs2_sections,2014-15,97,HS97 — Collectors Item of Botanic and Historical Interest,million USD,0.130037
imports,hs2_sections,2014-15,46,HS46 — Plaits etc and Products of Plaiting Materials,million USD,0.118806
imports,hs2_sections,2015-16,27,"HS27 — Coal, Briquettes and Ovoid etc. Manufactures of Coal",million USD,8812.489726000002
imports,hs2_sections,2015-16,84,HS84 — Spark-Ignition Reciprocating or Rotary Internal Comb Piston,million USD,3448.0974829999914
imports,hs2_sections,2015-16,85,HS85 — Electrical Generating Sets and Rotary Converters,million USD,3405.8947400000106
imports,hs2_sections,2015-16,72,HS72 — Ferrous Waste and Scrap,million USD,2400.648617
imports,hs2_sections,2015-16,29,HS29 — Saturated Acyclic Monocarboxylic Acid etc.,million USD,1863.8568650000025
imports,hs2_sections,2015-16,15,HS15 — Soybean Oil and Its Fractions,million USD,1839.5948889999993
imports,hs2_sections,2015-16,39,"HS39 — Polymers of Propylene or other Olefins, Primary Forms",million USD,1791.3020870000043
imports,hs2_sections,2015-16,99,HS99 — Cardiology / Cardiac Surgery Disposables,million USD,1543.5513479999988
imports,hs2_sections,2015-16,52,"HS52 — Cotton, Not Carded Or Combed",million USD,1347.5324890000009
imports,hs2_sections,2015-16,87,HS87 — Parts and Accessories for Motor Vehicles,million USD,1287.3765340000011
imports,hs2_sections,2015-16,12,HS12 — Peanuts-Nut not Roasted or otherwise Cooked,million USD,851.6578700000008
imports,hs2_sections,2015-16,31,"HS31 — Mineral or Chemical Fertilizers, Phosphatic",million USD,735.3277710000002
imports,hs2_sections,2015-16,38,"HS38 — Insecticides, Rodenticides and Fungicides etc. Retail",million USD,639.6956130000007
imports,hs2_sections,2015-16,55,HS55 — Synthetic Filament Tow,million USD,635.5365230000002
imports,hs2_sections,2015-16,07,"HS07 — Potatoes, Fresh or Chilled",million USD,607.7988929999999
imports,hs2_sections,2015-16,09,HS09 — Tea Whether or not Flavored,million USD,589.1918480000004
imports,hs2_sections,2015-16,54,HS54 — Sewing Thread of Manmade Filaments,million USD,581.7646019999992
imports,hs2_sections,2015-16,48,"HS48 — Newsprint, in Rolls or Sheets",million USD,578.6521330000011
imports,hs2_sections,2015-16,90,"HS90 — Compound Optical Microscopes, Parts and Accessories",million USD,568.4152670000002
imports,hs2_sections,2015-16,73,HS73 — Structures NES and Parts Thereof of Iron or Steel,million USD,529.8939310000005
imports,hs2_sections,2015-16,28,HS28 — Diphosphorus Pentaoxide and Phosphoric Acid etc.,million USD,475.7128179999997
imports,hs2_sections,2015-16,30,HS30 — Human Blood or Animal Blood Prepared for Therapeutic,million USD,447.5290900000002
imports,hs2_sections,2015-16,40,HS40 — Waste of Rubber and Powder Obtain thereof,million USD,413.33116000000035
imports,hs2_sections,2015-16,89,HS89 — Vessels for Transport of Persons or Goods,million USD,408.5286810000001
imports,hs2_sections,2015-16,32,HS32 — Synthetic Organic Coloring Matter,million USD,395.14933599999966
imports,hs2_sections,2015-16,23,HS23 — Preparations Used In Animal Feeding,million USD,366.5669059999999
imports,hs2_sections,2015-16,76,"HS76 — Aluminum, Unwrought",million USD,266.6006979999999
imports,hs2_sections,2015-16,74,HS74 — Copper Waste and Scrap,million USD,210.8213909999999
imports,hs2_sections,2015-16,63,"HS63 — Bed and Table Linen, Toilet and Kitchen Linen",million USD,173.06831999999997
imports,hs2_sections,2015-16,34,HS34 — Organic Surf-Act Agents and Products other than Soap,million USD,171.7869690000003
imports,hs2_sections,2015-16,96,"HS96 — Buttons, Press Studs, Button Mold and Blanks etc.",million USD,163.470389
imports,hs2_sections,2015-16,04,"HS04 — Milk and Cream, Concentrated or Sweetened",million USD,158.51786200000006
imports,hs2_sections,2015-16,44,"HS44 — Wood Sawn or Chip Length, Sliced etc.",million USD,154.4116439999999
imports,hs2_sections,2015-16,33,HS33 — Beauty and Make-Up Preparations,million USD,152.516137
imports,hs2_sections,2015-16,10,HS10 — Wheat and Meslin,million USD,143.20256300000017
imports,hs2_sections,2015-16,88,"HS88 — Parts of Balloons etc. Aircraft, Spacecraft etc.",million USD,127.649356
imports,hs2_sections,2015-16,08,"HS08 — Grapes, Fresh or Dried",million USD,122.93479500000002
imports,hs2_sections,2015-16,19,HS19 — Malt Extracts; Food Prep. of Flour etc. Under 50% Cocoa etc.,million USD,110.4616799999999
imports,hs2_sections,2015-16,69,"HS69 — Refractory Bricks, Blocks, Tiles and Similar Ceramic",million USD,105.4373080000001
imports,hs2_sections,2015-16,78,"HS78 — Lead, Unwrought",million USD,90.41360700000001
imports,hs2_sections,2015-16,47,HS47 — Waste and Scrap of Paper or Paperboard,million USD,87.72039699999999
imports,hs2_sections,2015-16,70,"HS70 — Glass in Balls, Rods or Tubes Unworked",million USD,79.42313100000005
imports,hs2_sections,2015-16,25,"HS25 — Salt, Pure Sodium Chloride, Sea Water",million USD,77.492179
imports,hs2_sections,2015-16,56,HS56 — Textile Wadding and Articles; Text Fiber Not Over 5 mm,million USD,75.99939299999997
imports,hs2_sections,2015-16,94,"HS94 — Medical, Surgical, Dental or Veterinary Furniture etc.",million USD,73.608599
imports,hs2_sections,2015-16,59,HS59 — Gum Covered Fabric; Tracing Cloth; Paint Canvas,million USD,72.17848099999995
imports,hs2_sections,2015-16,50,HS50 — Silkworm Cocoons Suitable for Reeling,million USD,63.39935900000001
imports,hs2_sections,2015-16,86,HS86 — Parts of Railway or Tramway Locomotives,million USD,61.34364199999999
imports,hs2_sections,2015-16,64,HS64 — Footwear NES,million USD,55.870880000000035
imports,hs2_sections,2015-16,21,HS21 — Food Preparations NES,million USD,52.388972999999986
imports,hs2_sections,2015-16,79,"HS79 — Zinc, Unwrought",million USD,51.261290999999986
imports,hs2_sections,2015-16,35,HS35 — Enzymes; Prepared Enzymes NES,million USD,49.56774400000004
imports,hs2_sections,2015-16,60,HS60 — Pile Fabrics and Terry Fabrics Knitted or Crocheted,million USD,49.52355399999997
imports,hs2_sections,2015-16,61,"HS61 — Ladies Suits, Ensembles etc. Kn/Cr",million USD,43.03782699999999
imports,hs2_sections,2015-16,82,HS82 — Hand tools and Tools Used in Agriculture etc.,million USD,42.25086400000001
imports,hs2_sections,2015-16,01,"HS01 — Live Horses, Asses, Mules and Hinnies",million USD,41.159025
imports,hs2_sections,2015-16,41,HS41 — Raw Hides and Skins of Bovine or Equine Animals,million USD,41.14032899999998
imports,hs2_sections,2015-16,62,"HS62 — Men's or Boys' Suits, Ensembles etc, Not Knitted etc.",million USD,40.96537900000001
imports,hs2_sections,2015-16,53,HS53 — Jute and other Textile Bast Fibers NES,million USD,38.89919599999997
imports,hs2_sections,2015-16,58,"HS58 — Labels, Badges and Similar Type of Textiles Material",million USD,38.20347800000005
imports,hs2_sections,2015-16,42,HS42 — Articles of Leather NES,million USD,38.13257
imports,hs2_sections,2015-16,83,"HS83 — Hardware, Fixtures, Castors etc. and Part",million USD,37.13776899999999
imports,hs2_sections,2015-16,20,HS20 — Vegetables Prepared or Preserved NES not Frozen,million USD,36.51411200000001
imports,hs2_sections,2015-16,49,HS49 — Printed Matter including Pictures and Photographs NES,million USD,36.38321900000001
imports,hs2_sections,2015-16,68,"HS68 — Articles of Asbestos-Cement, Cellulose Fibre-Cements etc.",million USD,33.192440000000005
imports,hs2_sections,2015-16,17,HS17 — Cane or Beet Sugar and Sucrose in Solid Form,million USD,29.046978999999997
imports,hs2_sections,2015-16,18,HS18 — Chocolate and other Food Products Containing Cocoa,million USD,28.23398700000001
imports,hs2_sections,2015-16,37,"HS37 — Photo Plates and Film Flat, Sensitized, Unexposed",million USD,26.928431000000018
imports,hs2_sections,2015-16,95,HS95 — Articles and Equipments for Sports etc NES,million USD,24.592926000000006
imports,hs2_sections,2015-16,91,"HS91 — Watches, Wrist and Pocket etc.",million USD,23.620947000000005
imports,hs2_sections,2015-16,93,"HS93 — Military Weapons other than Revolvers, Pistols etc",million USD,20.671889999999998
imports,hs2_sections,2015-16,75,"HS75 — Nickel Mattes, Nickel Oxide Sinters and other Products",million USD,19.146204999999995
imports,hs2_sections,2015-16,14,HS14 — Vegetable Products NES,million USD,16.311364999999995
imports,hs2_sections,2015-16,03,"HS03 — Fish, Live",million USD,15.575617
imports,hs2_sections,2015-16,57,"HS57 — Carpets and other Textile Floor Coverings, Knotted",million USD,15.052427000000003
imports,hs2_sections,2015-16,13,"HS13 — Vegetable Saps and Extracts: Pectates, Agar-Agar etc.",million USD,14.696083999999994
imports,hs2_sections,2015-16,24,HS24 — Tobacco and Tobacco Refuse,million USD,13.819288000000006
imports,hs2_sections,2015-16,11,HS11 — Starches; Inulin,million USD,13.814771000000002
imports,hs2_sections,2015-16,81,HS81 — Cobalt Mattes etc. Cobalt & Articles Including Waste & Scrap,million USD,10.799328999999998
imports,hs2_sections,2015-16,26,HS26 — Chromium Ores and Concentrates,million USD,10.442336999999998
imports,hs2_sections,2015-16,51,"HS51 — Wool, Not Carded or Combed",million USD,9.427086999999998
imports,hs2_sections,2015-16,71,HS71 — Precious and Semi Precious Stones NES,million USD,6.4108430000000025
imports,hs2_sections,2015-16,02,"HS02 — Other Meat & Edible Offal ; Fresh, Chilled or Frozen",million USD,5.296614999999998
imports,hs2_sections,2015-16,05,"HS05 — Bones & Horn - Cores, Unworked, Defatted, Simply Prepared",million USD,5.2883580000000014
imports,hs2_sections,2015-16,36,HS36 — Propellant Powders,million USD,4.393282999999999
imports,hs2_sections,2015-16,16,HS16 — Sausages and Similar Products of Meat and Blood,million USD,4.360653000000001
imports,hs2_sections,2015-16,80,"HS80 — Tin, Unwrought",million USD,3.7565180000000002
imports,hs2_sections,2015-16,22,"HS22 — Waters, Sweetened etc and other Nonalcoholic Beverage NES,",million USD,3.647315
imports,hs2_sections,2015-16,65,HS65 — Headgear NES,million USD,2.2363320000000004
imports,hs2_sections,2015-16,43,"HS43 — Articles of Apparel etc, of Furskins",million USD,0.7982119999999998
imports,hs2_sections,2015-16,92,HS92 — Percussion Musical Instruments Drums etc.,million USD,0.577755
imports,hs2_sections,2015-16,45,HS45 — Agglomerated Cork and Articles Thereof,million USD,0.41341799999999995
imports,hs2_sections,2015-16,67,HS67 — Skins and other Parts of Birds,million USD,0.37686299999999995
imports,hs2_sections,2015-16,06,HS06 — Cut Flowers and Flower Buds for Bouquet or for Ornaments,million USD,0.352769
imports,hs2_sections,2015-16,66,"HS66 — Walking-Sticks, Seat-Sticks, Whips and Riding-Crops",million USD,0.23828899999999997
imports,hs2_sections,2015-16,46,HS46 — Plaits etc and Products of Plaiting Materials,million USD,0.21530699999999997
imports,hs2_sections,2015-16,97,HS97 — Collectors Item of Botanic and Historical Interest,million USD,0.209782
imports,hs2_sections,2016-17,27,"HS27 — Coal, Briquettes and Ovoid etc. Manufactures of Coal",million USD,11366.029739999987
imports,hs2_sections,2016-17,84,HS84 — Spark-Ignition Reciprocating or Rotary Internal Comb Piston,million USD,5336.872915999981
imports,hs2_sections,2016-17,85,HS85 — Electrical Generating Sets and Rotary Converters,million USD,2698.9371520000127
imports,hs2_sections,2016-17,72,HS72 — Ferrous Waste and Scrap,million USD,2495.0096160000044
imports,hs2_sections,2016-17,29,HS29 — Saturated Acyclic Monocarboxylic Acid etc.,million USD,2115.7075400000053
imports,hs2_sections,2016-17,15,HS15 — Soybean Oil and Its Fractions,million USD,1979.1562439999998
imports,hs2_sections,2016-17,39,"HS39 — Polymers of Propylene or other Olefins, Primary Forms",million USD,1875.104484999997
imports,hs2_sections,2016-17,87,HS87 — Parts and Accessories for Motor Vehicles,million USD,1796.916862999998
imports,hs2_sections,2016-17,99,HS99 — Cardiology / Cardiac Surgery Disposables,million USD,1740.859003999999
imports,hs2_sections,2016-17,52,"HS52 — Cotton, Not Carded Or Combed",million USD,1467.2018789999993
imports,hs2_sections,2016-17,12,HS12 — Peanuts-Nut not Roasted or otherwise Cooked,million USD,1082.1345869999996
imports,hs2_sections,2016-17,07,"HS07 — Potatoes, Fresh or Chilled",million USD,969.3865710000006
imports,hs2_sections,2016-17,38,"HS38 — Insecticides, Rodenticides and Fungicides etc. Retail",million USD,702.9735680000006
imports,hs2_sections,2016-17,55,HS55 — Synthetic Filament Tow,million USD,686.9953630000016
imports,hs2_sections,2016-17,54,HS54 — Sewing Thread of Manmade Filaments,million USD,667.7274780000004
imports,hs2_sections,2016-17,90,"HS90 — Compound Optical Microscopes, Parts and Accessories",million USD,648.1787910000004
imports,hs2_sections,2016-17,09,HS09 — Tea Whether or not Flavored,million USD,640.2644339999996
imports,hs2_sections,2016-17,48,"HS48 — Newsprint, in Rolls or Sheets",million USD,593.6086090000006
imports,hs2_sections,2016-17,31,"HS31 — Mineral or Chemical Fertilizers, Phosphatic",million USD,573.6250870000003
imports,hs2_sections,2016-17,73,HS73 — Structures NES and Parts Thereof of Iron or Steel,million USD,566.3995639999987
imports,hs2_sections,2016-17,32,HS32 — Synthetic Organic Coloring Matter,million USD,557.8373660000005
imports,hs2_sections,2016-17,40,HS40 — Waste of Rubber and Powder Obtain thereof,million USD,549.7071060000001
imports,hs2_sections,2016-17,30,HS30 — Human Blood or Animal Blood Prepared for Therapeutic,million USD,448.75452000000035
imports,hs2_sections,2016-17,28,HS28 — Diphosphorus Pentaoxide and Phosphoric Acid etc.,million USD,443.11394399999944
imports,hs2_sections,2016-17,89,HS89 — Vessels for Transport of Persons or Goods,million USD,403.9580920000001
imports,hs2_sections,2016-17,76,"HS76 — Aluminum, Unwrought",million USD,281.0199670000001
imports,hs2_sections,2016-17,23,HS23 — Preparations Used In Animal Feeding,million USD,266.5118890000002
imports,hs2_sections,2016-17,86,HS86 — Parts of Railway or Tramway Locomotives,million USD,262.4108209999999
imports,hs2_sections,2016-17,88,"HS88 — Parts of Balloons etc. Aircraft, Spacecraft etc.",million USD,202.84124499999996
imports,hs2_sections,2016-17,34,HS34 — Organic Surf-Act Agents and Products other than Soap,million USD,181.02331600000005
imports,hs2_sections,2016-17,44,"HS44 — Wood Sawn or Chip Length, Sliced etc.",million USD,173.24237700000003
imports,hs2_sections,2016-17,63,"HS63 — Bed and Table Linen, Toilet and Kitchen Linen",million USD,170.09701399999977
imports,hs2_sections,2016-17,33,HS33 — Beauty and Make-Up Preparations,million USD,168.71445999999986
imports,hs2_sections,2016-17,96,"HS96 — Buttons, Press Studs, Button Mold and Blanks etc.",million USD,163.18732000000023
imports,hs2_sections,2016-17,08,"HS08 — Grapes, Fresh or Dried",million USD,159.33735799999974
imports,hs2_sections,2016-17,60,HS60 — Pile Fabrics and Terry Fabrics Knitted or Crocheted,million USD,156.10348300000018
imports,hs2_sections,2016-17,74,HS74 — Copper Waste and Scrap,million USD,149.99831799999998
imports,hs2_sections,2016-17,04,"HS04 — Milk and Cream, Concentrated or Sweetened",million USD,138.86436400000017
imports,hs2_sections,2016-17,19,HS19 — Malt Extracts; Food Prep. of Flour etc. Under 50% Cocoa etc.,million USD,137.99046200000006
imports,hs2_sections,2016-17,69,"HS69 — Refractory Bricks, Blocks, Tiles and Similar Ceramic",million USD,130.85050599999994
imports,hs2_sections,2016-17,56,HS56 — Textile Wadding and Articles; Text Fiber Not Over 5 mm,million USD,112.4610550000002
imports,hs2_sections,2016-17,94,"HS94 — Medical, Surgical, Dental or Veterinary Furniture etc.",million USD,110.39382999999985
imports,hs2_sections,2016-17,47,HS47 — Waste and Scrap of Paper or Paperboard,million USD,108.956733
imports,hs2_sections,2016-17,78,"HS78 — Lead, Unwrought",million USD,106.84678700000003
imports,hs2_sections,2016-17,70,"HS70 — Glass in Balls, Rods or Tubes Unworked",million USD,105.8007650000001
imports,hs2_sections,2016-17,10,HS10 — Wheat and Meslin,million USD,104.17295300000004
imports,hs2_sections,2016-17,59,HS59 — Gum Covered Fabric; Tracing Cloth; Paint Canvas,million USD,98.7865240000002
imports,hs2_sections,2016-17,25,"HS25 — Salt, Pure Sodium Chloride, Sea Water",million USD,94.09041099999988
imports,hs2_sections,2016-17,93,"HS93 — Military Weapons other than Revolvers, Pistols etc",million USD,86.47347999999994
imports,hs2_sections,2016-17,64,HS64 — Footwear NES,million USD,72.01466099999993
imports,hs2_sections,2016-17,35,HS35 — Enzymes; Prepared Enzymes NES,million USD,64.74926599999999
imports,hs2_sections,2016-17,21,HS21 — Food Preparations NES,million USD,54.70900000000001
imports,hs2_sections,2016-17,82,HS82 — Hand tools and Tools Used in Agriculture etc.,million USD,52.43936200000004
imports,hs2_sections,2016-17,58,"HS58 — Labels, Badges and Similar Type of Textiles Material",million USD,52.43310599999999
imports,hs2_sections,2016-17,83,"HS83 — Hardware, Fixtures, Castors etc. and Part",million USD,51.57835999999998
imports,hs2_sections,2016-17,61,"HS61 — Ladies Suits, Ensembles etc. Kn/Cr",million USD,50.374251999999984
imports,hs2_sections,2016-17,79,"HS79 — Zinc, Unwrought",million USD,48.99705000000002
imports,hs2_sections,2016-17,01,"HS01 — Live Horses, Asses, Mules and Hinnies",million USD,47.61743199999998
imports,hs2_sections,2016-17,20,HS20 — Vegetables Prepared or Preserved NES not Frozen,million USD,47.40046700000002
imports,hs2_sections,2016-17,49,HS49 — Printed Matter including Pictures and Photographs NES,million USD,46.630789
imports,hs2_sections,2016-17,53,HS53 — Jute and other Textile Bast Fibers NES,million USD,46.420778
imports,hs2_sections,2016-17,41,HS41 — Raw Hides and Skins of Bovine or Equine Animals,million USD,45.69372599999998
imports,hs2_sections,2016-17,50,HS50 — Silkworm Cocoons Suitable for Reeling,million USD,45.08571299999999
imports,hs2_sections,2016-17,62,"HS62 — Men's or Boys' Suits, Ensembles etc, Not Knitted etc.",million USD,44.46561600000004
imports,hs2_sections,2016-17,95,HS95 — Articles and Equipments for Sports etc NES,million USD,42.54466100000003
imports,hs2_sections,2016-17,68,"HS68 — Articles of Asbestos-Cement, Cellulose Fibre-Cements etc.",million USD,40.320063999999974
imports,hs2_sections,2016-17,17,HS17 — Cane or Beet Sugar and Sucrose in Solid Form,million USD,37.80213199999996
imports,hs2_sections,2016-17,42,HS42 — Articles of Leather NES,million USD,30.289840999999996
imports,hs2_sections,2016-17,37,"HS37 — Photo Plates and Film Flat, Sensitized, Unexposed",million USD,27.189633000000015
imports,hs2_sections,2016-17,18,HS18 — Chocolate and other Food Products Containing Cocoa,million USD,26.171444999999995
imports,hs2_sections,2016-17,14,HS14 — Vegetable Products NES,million USD,22.840430999999995
imports,hs2_sections,2016-17,91,"HS91 — Watches, Wrist and Pocket etc.",million USD,21.198195000000002
imports,hs2_sections,2016-17,51,"HS51 — Wool, Not Carded or Combed",million USD,19.162714999999995
imports,hs2_sections,2016-17,13,"HS13 — Vegetable Saps and Extracts: Pectates, Agar-Agar etc.",million USD,18.937732000000008
imports,hs2_sections,2016-17,11,HS11 — Starches; Inulin,million USD,18.437238999999998
imports,hs2_sections,2016-17,03,"HS03 — Fish, Live",million USD,17.365655000000004
imports,hs2_sections,2016-17,75,"HS75 — Nickel Mattes, Nickel Oxide Sinters and other Products",million USD,17.238808
imports,hs2_sections,2016-17,24,HS24 — Tobacco and Tobacco Refuse,million USD,13.914782
imports,hs2_sections,2016-17,57,"HS57 — Carpets and other Textile Floor Coverings, Knotted",million USD,12.637635999999999
imports,hs2_sections,2016-17,81,HS81 — Cobalt Mattes etc. Cobalt & Articles Including Waste & Scrap,million USD,9.725103
imports,hs2_sections,2016-17,02,"HS02 — Other Meat & Edible Offal ; Fresh, Chilled or Frozen",million USD,7.623067
imports,hs2_sections,2016-17,16,HS16 — Sausages and Similar Products of Meat and Blood,million USD,6.965329000000002
imports,hs2_sections,2016-17,26,HS26 — Chromium Ores and Concentrates,million USD,6.733453999999999
imports,hs2_sections,2016-17,80,"HS80 — Tin, Unwrought",million USD,6.452799999999998
imports,hs2_sections,2016-17,05,"HS05 — Bones & Horn - Cores, Unworked, Defatted, Simply Prepared",million USD,5.972950999999998
imports,hs2_sections,2016-17,22,"HS22 — Waters, Sweetened etc and other Nonalcoholic Beverage NES,",million USD,5.858528000000001
imports,hs2_sections,2016-17,71,HS71 — Precious and Semi Precious Stones NES,million USD,5.360289
imports,hs2_sections,2016-17,65,HS65 — Headgear NES,million USD,5.141762999999999
imports,hs2_sections,2016-17,06,HS06 — Cut Flowers and Flower Buds for Bouquet or for Ornaments,million USD,1.6063180000000006
imports,hs2_sections,2016-17,36,HS36 — Propellant Powders,million USD,1.195178
imports,hs2_sections,2016-17,43,"HS43 — Articles of Apparel etc, of Furskins",million USD,0.6672070000000002
imports,hs2_sections,2016-17,67,HS67 — Skins and other Parts of Birds,million USD,0.524788
imports,hs2_sections,2016-17,92,HS92 — Percussion Musical Instruments Drums etc.,million USD,0.48142000000000007
imports,hs2_sections,2016-17,66,"HS66 — Walking-Sticks, Seat-Sticks, Whips and Riding-Crops",million USD,0.434365
imports,hs2_sections,2016-17,45,HS45 — Agglomerated Cork and Articles Thereof,million USD,0.25931699999999996
imports,hs2_sections,2016-17,46,HS46 — Plaits etc and Products of Plaiting Materials,million USD,0.23307999999999998
imports,hs2_sections,2016-17,97,HS97 — Collectors Item of Botanic and Historical Interest,million USD,0.07014200000000001
imports,hs2_sections,2017-18,27,"HS27 — Coal, Briquettes and Ovoid etc. Manufactures of Coal",million USD,14507.105986999997
imports,hs2_sections,2017-18,84,HS84 — Spark-Ignition Reciprocating or Rotary Internal Comb Piston,million USD,4773.352337000021
imports,hs2_sections,2017-18,85,HS85 — Electrical Generating Sets and Rotary Converters,million USD,3646.8322990000047
imports,hs2_sections,2017-18,72,HS72 — Ferrous Waste and Scrap,million USD,3323.3297239999956
imports,hs2_sections,2017-18,29,HS29 — Saturated Acyclic Monocarboxylic Acid etc.,million USD,2611.4594860000016
imports,hs2_sections,2017-18,39,"HS39 — Polymers of Propylene or other Olefins, Primary Forms",million USD,2311.9328460000042
imports,hs2_sections,2017-18,87,HS87 — Parts and Accessories for Motor Vehicles,million USD,2236.4057909999997
imports,hs2_sections,2017-18,15,HS15 — Soybean Oil and Its Fractions,million USD,2152.002918000001
imports,hs2_sections,2017-18,99,HS99 — Cardiology / Cardiac Surgery Disposables,million USD,1684.9356820000003
imports,hs2_sections,2017-18,52,"HS52 — Cotton, Not Carded Or Combed",million USD,1655.9123909999998
imports,hs2_sections,2017-18,12,HS12 — Peanuts-Nut not Roasted or otherwise Cooked,million USD,1335.1653550000005
imports,hs2_sections,2017-18,90,"HS90 — Compound Optical Microscopes, Parts and Accessories",million USD,869.4323989999983
imports,hs2_sections,2017-18,31,"HS31 — Mineral or Chemical Fertilizers, Phosphatic",million USD,790.9471660000003
imports,hs2_sections,2017-18,54,HS54 — Sewing Thread of Manmade Filaments,million USD,728.3368180000004
imports,hs2_sections,2017-18,55,HS55 — Synthetic Filament Tow,million USD,719.7388610000014
imports,hs2_sections,2017-18,09,HS09 — Tea Whether or not Flavored,million USD,718.2566300000002
imports,hs2_sections,2017-18,38,"HS38 — Insecticides, Rodenticides and Fungicides etc. Retail",million USD,708.4529940000006
imports,hs2_sections,2017-18,89,HS89 — Vessels for Transport of Persons or Goods,million USD,649.956228
imports,hs2_sections,2017-18,48,"HS48 — Newsprint, in Rolls or Sheets",million USD,601.5639010000003
imports,hs2_sections,2017-18,40,HS40 — Waste of Rubber and Powder Obtain thereof,million USD,554.8532729999993
imports,hs2_sections,2017-18,73,HS73 — Structures NES and Parts Thereof of Iron or Steel,million USD,532.1847090000001
imports,hs2_sections,2017-18,32,HS32 — Synthetic Organic Coloring Matter,million USD,521.3895719999999
imports,hs2_sections,2017-18,07,"HS07 — Potatoes, Fresh or Chilled",million USD,518.5335239999997
imports,hs2_sections,2017-18,30,HS30 — Human Blood or Animal Blood Prepared for Therapeutic,million USD,505.1332320000006
imports,hs2_sections,2017-18,28,HS28 — Diphosphorus Pentaoxide and Phosphoric Acid etc.,million USD,444.06730399999964
imports,hs2_sections,2017-18,76,"HS76 — Aluminum, Unwrought",million USD,343.1582549999997
imports,hs2_sections,2017-18,88,"HS88 — Parts of Balloons etc. Aircraft, Spacecraft etc.",million USD,290.07941600000004
imports,hs2_sections,2017-18,96,"HS96 — Buttons, Press Studs, Button Mold and Blanks etc.",million USD,222.68243099999975
imports,hs2_sections,2017-18,63,"HS63 — Bed and Table Linen, Toilet and Kitchen Linen",million USD,221.98716900000008
imports,hs2_sections,2017-18,60,HS60 — Pile Fabrics and Terry Fabrics Knitted or Crocheted,million USD,198.48234499999995
imports,hs2_sections,2017-18,34,HS34 — Organic Surf-Act Agents and Products other than Soap,million USD,198.36547400000012
imports,hs2_sections,2017-18,74,HS74 — Copper Waste and Scrap,million USD,197.54167000000012
imports,hs2_sections,2017-18,44,"HS44 — Wood Sawn or Chip Length, Sliced etc.",million USD,186.0135789999999
imports,hs2_sections,2017-18,04,"HS04 — Milk and Cream, Concentrated or Sweetened",million USD,184.80161900000022
imports,hs2_sections,2017-18,33,HS33 — Beauty and Make-Up Preparations,million USD,173.3278210000001
imports,hs2_sections,2017-18,47,HS47 — Waste and Scrap of Paper or Paperboard,million USD,166.9857
imports,hs2_sections,2017-18,94,"HS94 — Medical, Surgical, Dental or Veterinary Furniture etc.",million USD,163.42884699999996
imports,hs2_sections,2017-18,69,"HS69 — Refractory Bricks, Blocks, Tiles and Similar Ceramic",million USD,152.17182799999975
imports,hs2_sections,2017-18,56,HS56 — Textile Wadding and Articles; Text Fiber Not Over 5 mm,million USD,151.68982800000026
imports,hs2_sections,2017-18,19,HS19 — Malt Extracts; Food Prep. of Flour etc. Under 50% Cocoa etc.,million USD,149.90149300000007
imports,hs2_sections,2017-18,23,HS23 — Preparations Used In Animal Feeding,million USD,140.10568900000007
imports,hs2_sections,2017-18,61,"HS61 — Ladies Suits, Ensembles etc. Kn/Cr",million USD,123.648312
imports,hs2_sections,2017-18,59,HS59 — Gum Covered Fabric; Tracing Cloth; Paint Canvas,million USD,118.00854399999986
imports,hs2_sections,2017-18,70,"HS70 — Glass in Balls, Rods or Tubes Unworked",million USD,113.1362809999999
imports,hs2_sections,2017-18,08,"HS08 — Grapes, Fresh or Dried",million USD,108.47784099999994
imports,hs2_sections,2017-18,25,"HS25 — Salt, Pure Sodium Chloride, Sea Water",million USD,106.64891099999996
imports,hs2_sections,2017-18,10,HS10 — Wheat and Meslin,million USD,99.74528700000006
imports,hs2_sections,2017-18,79,"HS79 — Zinc, Unwrought",million USD,94.33347900000004
imports,hs2_sections,2017-18,78,"HS78 — Lead, Unwrought",million USD,90.28751500000001
imports,hs2_sections,2017-18,86,HS86 — Parts of Railway or Tramway Locomotives,million USD,84.160134
imports,hs2_sections,2017-18,82,HS82 — Hand tools and Tools Used in Agriculture etc.,million USD,83.06678500000002
imports,hs2_sections,2017-18,64,HS64 — Footwear NES,million USD,77.77088900000008
imports,hs2_sections,2017-18,21,HS21 — Food Preparations NES,million USD,77.76223899999998
imports,hs2_sections,2017-18,58,"HS58 — Labels, Badges and Similar Type of Textiles Material",million USD,71.19473299999993
imports,hs2_sections,2017-18,93,"HS93 — Military Weapons other than Revolvers, Pistols etc",million USD,71.13801799999999
imports,hs2_sections,2017-18,35,HS35 — Enzymes; Prepared Enzymes NES,million USD,65.127902
imports,hs2_sections,2017-18,83,"HS83 — Hardware, Fixtures, Castors etc. and Part",million USD,61.385301999999925
imports,hs2_sections,2017-18,53,HS53 — Jute and other Textile Bast Fibers NES,million USD,57.489812999999984
imports,hs2_sections,2017-18,41,HS41 — Raw Hides and Skins of Bovine or Equine Animals,million USD,50.96218899999999
imports,hs2_sections,2017-18,95,HS95 — Articles and Equipments for Sports etc NES,million USD,47.57848800000008
imports,hs2_sections,2017-18,20,HS20 — Vegetables Prepared or Preserved NES not Frozen,million USD,47.21128499999998
imports,hs2_sections,2017-18,49,HS49 — Printed Matter including Pictures and Photographs NES,million USD,44.051942000000025
imports,hs2_sections,2017-18,68,"HS68 — Articles of Asbestos-Cement, Cellulose Fibre-Cements etc.",million USD,44.04881700000001
imports,hs2_sections,2017-18,01,"HS01 — Live Horses, Asses, Mules and Hinnies",million USD,43.79989500000001
imports,hs2_sections,2017-18,17,HS17 — Cane or Beet Sugar and Sucrose in Solid Form,million USD,40.791394999999945
imports,hs2_sections,2017-18,42,HS42 — Articles of Leather NES,million USD,37.58725499999998
imports,hs2_sections,2017-18,50,HS50 — Silkworm Cocoons Suitable for Reeling,million USD,36.929091000000014
imports,hs2_sections,2017-18,18,HS18 — Chocolate and other Food Products Containing Cocoa,million USD,30.206195999999988
imports,hs2_sections,2017-18,62,"HS62 — Men's or Boys' Suits, Ensembles etc, Not Knitted etc.",million USD,29.382428000000022
imports,hs2_sections,2017-18,14,HS14 — Vegetable Products NES,million USD,29.19480599999999
imports,hs2_sections,2017-18,37,"HS37 — Photo Plates and Film Flat, Sensitized, Unexposed",million USD,26.264774999999997
imports,hs2_sections,2017-18,11,HS11 — Starches; Inulin,million USD,21.132511
imports,hs2_sections,2017-18,13,"HS13 — Vegetable Saps and Extracts: Pectates, Agar-Agar etc.",million USD,19.259631000000013
imports,hs2_sections,2017-18,75,"HS75 — Nickel Mattes, Nickel Oxide Sinters and other Products",million USD,18.252328
imports,hs2_sections,2017-18,57,"HS57 — Carpets and other Textile Floor Coverings, Knotted",million USD,17.160054
imports,hs2_sections,2017-18,03,"HS03 — Fish, Live",million USD,16.393402999999996
imports,hs2_sections,2017-18,91,"HS91 — Watches, Wrist and Pocket etc.",million USD,12.708918999999991
imports,hs2_sections,2017-18,81,HS81 — Cobalt Mattes etc. Cobalt & Articles Including Waste & Scrap,million USD,11.878500999999998
imports,hs2_sections,2017-18,24,HS24 — Tobacco and Tobacco Refuse,million USD,11.026094000000002
imports,hs2_sections,2017-18,22,"HS22 — Waters, Sweetened etc and other Nonalcoholic Beverage NES,",million USD,10.092449
imports,hs2_sections,2017-18,51,"HS51 — Wool, Not Carded or Combed",million USD,9.660238000000001
imports,hs2_sections,2017-18,02,"HS02 — Other Meat & Edible Offal ; Fresh, Chilled or Frozen",million USD,9.301105999999997
imports,hs2_sections,2017-18,16,HS16 — Sausages and Similar Products of Meat and Blood,million USD,7.371247000000001
imports,hs2_sections,2017-18,71,HS71 — Precious and Semi Precious Stones NES,million USD,6.868201999999999
imports,hs2_sections,2017-18,80,"HS80 — Tin, Unwrought",million USD,6.458047999999999
imports,hs2_sections,2017-18,65,HS65 — Headgear NES,million USD,3.9455399999999994
imports,hs2_sections,2017-18,05,"HS05 — Bones & Horn - Cores, Unworked, Defatted, Simply Prepared",million USD,3.670002000000001
imports,hs2_sections,2017-18,26,HS26 — Chromium Ores and Concentrates,million USD,3.352901000000001
imports,hs2_sections,2017-18,06,HS06 — Cut Flowers and Flower Buds for Bouquet or for Ornaments,million USD,2.541756
imports,hs2_sections,2017-18,67,HS67 — Skins and other Parts of Birds,million USD,0.9232450000000002
imports,hs2_sections,2017-18,43,"HS43 — Articles of Apparel etc, of Furskins",million USD,0.6372760000000002
imports,hs2_sections,2017-18,66,"HS66 — Walking-Sticks, Seat-Sticks, Whips and Riding-Crops",million USD,0.617623
imports,hs2_sections,2017-18,97,HS97 — Collectors Item of Botanic and Historical Interest,million USD,0.5378280000000001
imports,hs2_sections,2017-18,92,HS92 — Percussion Musical Instruments Drums etc.,million USD,0.4229220000000001
imports,hs2_sections,2017-18,36,HS36 — Propellant Powders,million USD,0.37493800000000005
imports,hs2_sections,2017-18,46,HS46 — Plaits etc and Products of Plaiting Materials,million USD,0.30587100000000006
imports,hs2_sections,2017-18,45,HS45 — Agglomerated Cork and Articles Thereof,million USD,0.19083799999999992
imports,hs2_sections,2018-19,27,"HS27 — Coal, Briquettes and Ovoid etc. Manufactures of Coal",million USD,15473.91655599999
imports,hs2_sections,2018-19,84,HS84 — Spark-Ignition Reciprocating or Rotary Internal Comb Piston,million USD,3890.8811070000183
imports,hs2_sections,2018-19,72,HS72 — Ferrous Waste and Scrap,million USD,2778.872745000001
imports,hs2_sections,2018-19,29,HS29 — Saturated Acyclic Monocarboxylic Acid etc.,million USD,2672.2026240000096
imports,hs2_sections,2018-19,85,HS85 — Electrical Generating Sets and Rotary Converters,million USD,2608.689229999997
imports,hs2_sections,2018-19,39,"HS39 — Polymers of Propylene or other Olefins, Primary Forms",million USD,2273.3497660000094
imports,hs2_sections,2018-19,87,HS87 — Parts and Accessories for Motor Vehicles,million USD,1961.4502660000012
imports,hs2_sections,2018-19,15,HS15 — Soybean Oil and Its Fractions,million USD,1856.1803880000014
imports,hs2_sections,2018-19,99,HS99 — Cardiology / Cardiac Surgery Disposables,million USD,1705.36455
imports,hs2_sections,2018-19,52,"HS52 — Cotton, Not Carded Or Combed",million USD,1615.4047239999975
imports,hs2_sections,2018-19,12,HS12 — Peanuts-Nut not Roasted or otherwise Cooked,million USD,1231.8257719999995
imports,hs2_sections,2018-19,31,"HS31 — Mineral or Chemical Fertilizers, Phosphatic",million USD,776.9725049999994
imports,hs2_sections,2018-19,55,HS55 — Synthetic Filament Tow,million USD,749.2214080000009
imports,hs2_sections,2018-19,54,HS54 — Sewing Thread of Manmade Filaments,million USD,734.4626070000007
imports,hs2_sections,2018-19,38,"HS38 — Insecticides, Rodenticides and Fungicides etc. Retail",million USD,707.1564630000006
imports,hs2_sections,2018-19,90,"HS90 — Compound Optical Microscopes, Parts and Accessories",million USD,690.6805140000007
imports,hs2_sections,2018-19,09,HS09 — Tea Whether or not Flavored,million USD,634.2382719999995
imports,hs2_sections,2018-19,32,HS32 — Synthetic Organic Coloring Matter,million USD,576.5870509999993
imports,hs2_sections,2018-19,48,"HS48 — Newsprint, in Rolls or Sheets",million USD,566.4234480000006
imports,hs2_sections,2018-19,28,HS28 — Diphosphorus Pentaoxide and Phosphoric Acid etc.,million USD,546.2576400000014
imports,hs2_sections,2018-19,30,HS30 — Human Blood or Animal Blood Prepared for Therapeutic,million USD,445.4593820000002
imports,hs2_sections,2018-19,07,"HS07 — Potatoes, Fresh or Chilled",million USD,412.9534459999999
imports,hs2_sections,2018-19,73,HS73 — Structures NES and Parts Thereof of Iron or Steel,million USD,384.7658999999994
imports,hs2_sections,2018-19,40,HS40 — Waste of Rubber and Powder Obtain thereof,million USD,372.4993530000002
imports,hs2_sections,2018-19,76,"HS76 — Aluminum, Unwrought",million USD,320.77743100000043
imports,hs2_sections,2018-19,96,"HS96 — Buttons, Press Studs, Button Mold and Blanks etc.",million USD,209.622365
imports,hs2_sections,2018-19,89,HS89 — Vessels for Transport of Persons or Goods,million USD,197.77528400000006
imports,hs2_sections,2018-19,44,"HS44 — Wood Sawn or Chip Length, Sliced etc.",million USD,189.2782840000003
imports,hs2_sections,2018-19,47,HS47 — Waste and Scrap of Paper or Paperboard,million USD,186.59566500000017
imports,hs2_sections,2018-19,23,HS23 — Preparations Used In Animal Feeding,million USD,183.01487599999976
imports,hs2_sections,2018-19,34,HS34 — Organic Surf-Act Agents and Products other than Soap,million USD,179.34859300000025
imports,hs2_sections,2018-19,33,HS33 — Beauty and Make-Up Preparations,million USD,171.62947300000005
imports,hs2_sections,2018-19,74,HS74 — Copper Waste and Scrap,million USD,159.82965700000005
imports,hs2_sections,2018-19,63,"HS63 — Bed and Table Linen, Toilet and Kitchen Linen",million USD,150.19989699999988
imports,hs2_sections,2018-19,19,HS19 — Malt Extracts; Food Prep. of Flour etc. Under 50% Cocoa etc.,million USD,140.9127599999999
imports,hs2_sections,2018-19,60,HS60 — Pile Fabrics and Terry Fabrics Knitted or Crocheted,million USD,138.809902
imports,hs2_sections,2018-19,04,"HS04 — Milk and Cream, Concentrated or Sweetened",million USD,132.99285199999994
imports,hs2_sections,2018-19,56,HS56 — Textile Wadding and Articles; Text Fiber Not Over 5 mm,million USD,129.80257999999992
imports,hs2_sections,2018-19,94,"HS94 — Medical, Surgical, Dental or Veterinary Furniture etc.",million USD,128.51905500000004
imports,hs2_sections,2018-19,69,"HS69 — Refractory Bricks, Blocks, Tiles and Similar Ceramic",million USD,112.20665700000004
imports,hs2_sections,2018-19,25,"HS25 — Salt, Pure Sodium Chloride, Sea Water",million USD,105.04703199999997
imports,hs2_sections,2018-19,59,HS59 — Gum Covered Fabric; Tracing Cloth; Paint Canvas,million USD,102.346491
imports,hs2_sections,2018-19,70,"HS70 — Glass in Balls, Rods or Tubes Unworked",million USD,97.70779100000006
imports,hs2_sections,2018-19,88,"HS88 — Parts of Balloons etc. Aircraft, Spacecraft etc.",million USD,94.64285499999998
imports,hs2_sections,2018-19,10,HS10 — Wheat and Meslin,million USD,88.60343800000004
imports,hs2_sections,2018-19,86,HS86 — Parts of Railway or Tramway Locomotives,million USD,88.36213200000003
imports,hs2_sections,2018-19,61,"HS61 — Ladies Suits, Ensembles etc. Kn/Cr",million USD,82.37757000000005
imports,hs2_sections,2018-19,21,HS21 — Food Preparations NES,million USD,75.79411000000005
imports,hs2_sections,2018-19,58,"HS58 — Labels, Badges and Similar Type of Textiles Material",million USD,73.72046
imports,hs2_sections,2018-19,82,HS82 — Hand tools and Tools Used in Agriculture etc.,million USD,66.49335900000001
imports,hs2_sections,2018-19,64,HS64 — Footwear NES,million USD,65.319498
imports,hs2_sections,2018-19,83,"HS83 — Hardware, Fixtures, Castors etc. and Part",million USD,65.12301199999997
imports,hs2_sections,2018-19,79,"HS79 — Zinc, Unwrought",million USD,63.40377999999999
imports,hs2_sections,2018-19,35,HS35 — Enzymes; Prepared Enzymes NES,million USD,62.26430500000001
imports,hs2_sections,2018-19,95,HS95 — Articles and Equipments for Sports etc NES,million USD,44.84072800000001
imports,hs2_sections,2018-19,53,HS53 — Jute and other Textile Bast Fibers NES,million USD,42.75046900000002
imports,hs2_sections,2018-19,68,"HS68 — Articles of Asbestos-Cement, Cellulose Fibre-Cements etc.",million USD,42.20145200000003
imports,hs2_sections,2018-19,41,HS41 — Raw Hides and Skins of Bovine or Equine Animals,million USD,40.89559599999999
imports,hs2_sections,2018-19,17,HS17 — Cane or Beet Sugar and Sucrose in Solid Form,million USD,38.62371100000001
imports,hs2_sections,2018-19,20,HS20 — Vegetables Prepared or Preserved NES not Frozen,million USD,37.896435
imports,hs2_sections,2018-19,18,HS18 — Chocolate and other Food Products Containing Cocoa,million USD,36.36843900000003
imports,hs2_sections,2018-19,08,"HS08 — Grapes, Fresh or Dried",million USD,36.154732
imports,hs2_sections,2018-19,01,"HS01 — Live Horses, Asses, Mules and Hinnies",million USD,33.94530899999999
imports,hs2_sections,2018-19,78,"HS78 — Lead, Unwrought",million USD,33.287341000000005
imports,hs2_sections,2018-19,49,HS49 — Printed Matter including Pictures and Photographs NES,million USD,32.012871000000004
imports,hs2_sections,2018-19,42,HS42 — Articles of Leather NES,million USD,30.958578999999986
imports,hs2_sections,2018-19,93,"HS93 — Military Weapons other than Revolvers, Pistols etc",million USD,29.139644000000004
imports,hs2_sections,2018-19,14,HS14 — Vegetable Products NES,million USD,27.780420999999993
imports,hs2_sections,2018-19,37,"HS37 — Photo Plates and Film Flat, Sensitized, Unexposed",million USD,26.39645599999998
imports,hs2_sections,2018-19,50,HS50 — Silkworm Cocoons Suitable for Reeling,million USD,24.94542000000001
imports,hs2_sections,2018-19,62,"HS62 — Men's or Boys' Suits, Ensembles etc, Not Knitted etc.",million USD,24.860164000000022
imports,hs2_sections,2018-19,11,HS11 — Starches; Inulin,million USD,21.803550000000005
imports,hs2_sections,2018-19,13,"HS13 — Vegetable Saps and Extracts: Pectates, Agar-Agar etc.",million USD,20.708809000000002
imports,hs2_sections,2018-19,24,HS24 — Tobacco and Tobacco Refuse,million USD,18.26395100000001
imports,hs2_sections,2018-19,75,"HS75 — Nickel Mattes, Nickel Oxide Sinters and other Products",million USD,15.580271999999992
imports,hs2_sections,2018-19,81,HS81 — Cobalt Mattes etc. Cobalt & Articles Including Waste & Scrap,million USD,11.821402999999997
imports,hs2_sections,2018-19,91,"HS91 — Watches, Wrist and Pocket etc.",million USD,11.133406999999997
imports,hs2_sections,2018-19,03,"HS03 — Fish, Live",million USD,10.384259000000002
imports,hs2_sections,2018-19,57,"HS57 — Carpets and other Textile Floor Coverings, Knotted",million USD,10.324833999999989
imports,hs2_sections,2018-19,02,"HS02 — Other Meat & Edible Offal ; Fresh, Chilled or Frozen",million USD,9.273923999999996
imports,hs2_sections,2018-19,51,"HS51 — Wool, Not Carded or Combed",million USD,9.120574000000001
imports,hs2_sections,2018-19,71,HS71 — Precious and Semi Precious Stones NES,million USD,7.3603450000000015
imports,hs2_sections,2018-19,80,"HS80 — Tin, Unwrought",million USD,7.353221
imports,hs2_sections,2018-19,22,"HS22 — Waters, Sweetened etc and other Nonalcoholic Beverage NES,",million USD,6.706568000000002
imports,hs2_sections,2018-19,65,HS65 — Headgear NES,million USD,5.937435000000001
imports,hs2_sections,2018-19,16,HS16 — Sausages and Similar Products of Meat and Blood,million USD,3.0390999999999986
imports,hs2_sections,2018-19,05,"HS05 — Bones & Horn - Cores, Unworked, Defatted, Simply Prepared",million USD,3.007505
imports,hs2_sections,2018-19,36,HS36 — Propellant Powders,million USD,1.898461
imports,hs2_sections,2018-19,06,HS06 — Cut Flowers and Flower Buds for Bouquet or for Ornaments,million USD,1.8882479999999995
imports,hs2_sections,2018-19,92,HS92 — Percussion Musical Instruments Drums etc.,million USD,1.2042089999999999
imports,hs2_sections,2018-19,67,HS67 — Skins and other Parts of Birds,million USD,1.168766
imports,hs2_sections,2018-19,26,HS26 — Chromium Ores and Concentrates,million USD,1.110292
imports,hs2_sections,2018-19,97,HS97 — Collectors Item of Botanic and Historical Interest,million USD,0.8749020000000001
imports,hs2_sections,2018-19,66,"HS66 — Walking-Sticks, Seat-Sticks, Whips and Riding-Crops",million USD,0.6469959999999999
imports,hs2_sections,2018-19,43,"HS43 — Articles of Apparel etc, of Furskins",million USD,0.5531390000000002
imports,hs2_sections,2018-19,45,HS45 — Agglomerated Cork and Articles Thereof,million USD,0.334049
imports,hs2_sections,2018-19,46,HS46 — Plaits etc and Products of Plaiting Materials,million USD,0.18322
imports,hs2_sections,2019-20,27,"HS27 — Coal, Briquettes and Ovoid etc. Manufactures of Coal",million USD,10540.721316000003
imports,hs2_sections,2019-20,72,HS72 — Ferrous Waste and Scrap,million USD,2410.0889769999976
imports,hs2_sections,2019-20,15,HS15 — Soybean Oil and Its Fractions,million USD,1878.3780390000006
imports,hs2_sections,2019-20,52,"HS52 — Cotton, Not Carded Or Combed",million USD,1704.596787
imports,hs2_sections,2019-20,84,HS84 — Spark-Ignition Reciprocating or Rotary Internal Comb Piston,million USD,1624.7236629999966
imports,hs2_sections,2019-20,85,HS85 — Electrical Generating Sets and Rotary Converters,million USD,1521.4071459999996
imports,hs2_sections,2019-20,85,HS85 — Electric Motors and Generators,million USD,1420.6288440000021
imports,hs2_sections,2019-20,84,HS84 — Parts For Combustion Engines etc.,million USD,1404.0758330000008
imports,hs2_sections,2019-20,87,HS87 — Parts and Accessories for Motor Vehicles,million USD,1300.5563979999988
imports,hs2_sections,2019-20,12,HS12 — Peanuts-Nut not Roasted or otherwise Cooked,million USD,1150.0636259999997
imports,hs2_sections,2019-20,29,HS29 — Saturated Acyclic Monocarboxylic Acid etc.,million USD,1106.425235000002
imports,hs2_sections,2019-20,99,HS99 — Special Transaction NES,million USD,1059.925198
imports,hs2_sections,2019-20,29,HS29 — Acyclic Alcohols and Halogenated Derivatives,million USD,1052.2156560000012
imports,hs2_sections,2019-20,39,"HS39 — Polymers of Propylene or other Olefins, Primary Forms",million USD,970.6808480000016
imports,hs2_sections,2019-20,39,"HS39 — Polymers of Ethylene, in Primary Forms",million USD,970.674150000002
imports,hs2_sections,2019-20,99,HS99 — Cardiology / Cardiac Surgery Disposables,million USD,913.3928089999996
imports,hs2_sections,2019-20,07,"HS07 — Potatoes, Fresh or Chilled",million USD,533.1838190000002
imports,hs2_sections,2019-20,32,HS32 — Synthetic Organic Coloring Matter,million USD,506.7354399999995
imports,hs2_sections,2019-20,30,HS30 — Human Blood or Animal Blood Prepared for Therapeutic,million USD,469.3811179999998
imports,hs2_sections,2019-20,31,"HS31 — Mineral or Chemical Fertilizers, Phosphatic",million USD,393.2764500000003
imports,hs2_sections,2019-20,38,"HS38 — Finishing Agents etc. for Textiles, Paper etc NES",million USD,345.381281
imports,hs2_sections,2019-20,09,"HS09 — Pepper, Genus Piper; Genus Capsicum or Pimento",million USD,342.62583900000016
imports,hs2_sections,2019-20,40,HS40 — Waste of Rubber and Powder Obtain thereof,million USD,336.3587820000001
imports,hs2_sections,2019-20,90,"HS90 — Mechano-Therapy, Massage etc Apparatus",million USD,322.45979900000077
imports,hs2_sections,2019-20,38,"HS38 — Insecticides, Rodenticides and Fungicides etc. Retail",million USD,321.5690389999998
imports,hs2_sections,2019-20,90,"HS90 — Compound Optical Microscopes, Parts and Accessories",million USD,308.43827299999936
imports,hs2_sections,2019-20,54,HS54 — Sewing Thread of Manmade Filaments,million USD,301.1917140000003
imports,hs2_sections,2019-20,09,HS09 — Tea Whether or not Flavored,million USD,286.9565370000001
imports,hs2_sections,2019-20,55,HS55 — Synthetic Filament Tow,million USD,283.347126
imports,hs2_sections,2019-20,28,HS28 — Diphosphorus Pentaoxide and Phosphoric Acid etc.,million USD,250.2352769999997
imports,hs2_sections,2019-20,55,"HS55 — Artificial Staple Fibers, Not Carded, Combed etc.",million USD,249.80472700000013
imports,hs2_sections,2019-20,54,"HS54 — Artificial Filament Yarn Not Sewing Thread, Not Retail",million USD,239.83507
imports,hs2_sections,2019-20,48,"HS48 — Newsprint, in Rolls or Sheets",million USD,212.21976199999995
imports,hs2_sections,2019-20,48,"HS48 — Paper and Paperboard, Coated With Kaolin etc",million USD,208.16396500000025
imports,hs2_sections,2019-20,47,HS47 — Waste and Scrap of Paper or Paperboard,million USD,172.10611800000007
imports,hs2_sections,2019-20,28,HS28 — Carbon NES,million USD,170.81782599999994
imports,hs2_sections,2019-20,88,"HS88 — Parts of Balloons etc. Aircraft, Spacecraft etc.",million USD,154.060589
imports,hs2_sections,2019-20,34,HS34 — Organic Surf-Act Agents and Products other than Soap,million USD,148.10930700000011
imports,hs2_sections,2019-20,96,"HS96 — Buttons, Press Studs, Button Mold and Blanks etc.",million USD,144.23323099999996
imports,hs2_sections,2019-20,31,"HS31 — Mineral or Chemical Fertilizers, Potassic",million USD,138.36161500000006
imports,hs2_sections,2019-20,76,"HS76 — Aluminum, Unwrought",million USD,137.98514899999995
imports,hs2_sections,2019-20,73,HS73 — Structures NES and Parts Thereof of Iron or Steel,million USD,133.68495199999995
imports,hs2_sections,2019-20,73,"HS73 — Screws, Bolts, Nuts, Washers etc. Iron or Steel",million USD,132.0993889999998
imports,hs2_sections,2019-20,19,HS19 — Malt Extracts; Food Prep. of Flour etc. Under 50% Cocoa etc.,million USD,116.52431199999998
imports,hs2_sections,2019-20,76,HS76 — Aluminum Waste and Scrap,million USD,109.80736199999993
imports,hs2_sections,2019-20,25,"HS25 — Salt, Pure Sodium Chloride, Sea Water",million USD,99.62914399999991
imports,hs2_sections,2019-20,23,HS23 — Preparations Used In Animal Feeding,million USD,92.160424
imports,hs2_sections,2019-20,44,"HS44 — Wood Sawn or Chip Length, Sliced etc.",million USD,77.29853000000004
imports,hs2_sections,2019-20,33,HS33 — Odoriferous Mixtures as Raw Materials for Industry,million USD,76.82493099999999
imports,hs2_sections,2019-20,44,HS44 — Tableware and Kitchenware of Wood,million USD,74.15793000000001
imports,hs2_sections,2019-20,33,HS33 — Beauty and Make-Up Preparations,million USD,68.25310899999994
imports,hs2_sections,2019-20,58,"HS58 — Labels, Badges and Similar Type of Textiles Material",million USD,67.692197
imports,hs2_sections,2019-20,56,HS56 — Textile Wadding and Articles; Text Fiber Not Over 5 mm,million USD,64.16455199999997
imports,hs2_sections,2019-20,21,HS21 — Food Preparations NES,million USD,63.85991500000001
imports,hs2_sections,2019-20,74,HS74 — Copper Waste and Scrap,million USD,61.77339599999998
imports,hs2_sections,2019-20,74,HS74 — Copper Foil Thickness above 0.15mm,million USD,61.382374999999975
imports,hs2_sections,2019-20,89,HS89 — Vessels for Transport of Persons or Goods,million USD,53.947182
imports,hs2_sections,2019-20,56,"HS56 — Twine, Cordage, Rope and Cables",million USD,51.87182499999996
imports,hs2_sections,2019-20,04,"HS04 — Milk and Cream, Concentrated or Sweetened",million USD,50.82931899999999
imports,hs2_sections,2019-20,10,"HS10 — Buckwheat, Millet and Canary Seed; other Cereals",million USD,50.04327
imports,hs2_sections,2019-20,59,HS59 — Gum Covered Fabric; Tracing Cloth; Paint Canvas,million USD,49.312723999999974
imports,hs2_sections,2019-20,94,"HS94 — Medical, Surgical, Dental or Veterinary Furniture etc.",million USD,49.18628200000002
imports,hs2_sections,2019-20,63,"HS63 — Used or New Rags, Scrap Twine etc of Text Material",million USD,48.451204999999995
imports,hs2_sections,2019-20,60,HS60 — Knitted or Crocheted Fabrics of Rubber of Width <30 cm,million USD,46.82560200000001
imports,hs2_sections,2019-20,10,HS10 — Wheat and Meslin,million USD,46.31069
imports,hs2_sections,2019-20,63,"HS63 — Bed and Table Linen, Toilet and Kitchen Linen",million USD,44.849796999999974
imports,hs2_sections,2019-20,04,HS04 — Cheese and Curd,million USD,44.57105399999997
imports,hs2_sections,2019-20,60,HS60 — Pile Fabrics and Terry Fabrics Knitted or Crocheted,million USD,43.05180100000001
imports,hs2_sections,2019-20,69,"HS69 — Refractory Bricks, Blocks, Tiles and Similar Ceramic",million USD,42.95334600000001
imports,hs2_sections,2019-20,70,HS70 — Glass Fibers and Articles Thereof (Yarn Etc.),million USD,42.629472999999955
imports,hs2_sections,2019-20,79,"HS79 — Zinc, Unwrought",million USD,42.49142499999999
imports,hs2_sections,2019-20,70,"HS70 — Glass in Balls, Rods or Tubes Unworked",million USD,38.62943099999998
imports,hs2_sections,2019-20,94,HS94 — Lamps and Lighting Fittings and Parts etc NES,million USD,38.188681000000024
imports,hs2_sections,2019-20,14,HS14 — Vegetable Products NES,million USD,34.885924
imports,hs2_sections,2019-20,59,HS59 — Textile Products and Articles for Technical uses,million USD,34.72030199999997
imports,hs2_sections,2019-20,69,"HS69 — Unglazed Ceramic Flags and Paving, Hearth Wall Tiles etc.",million USD,32.020272999999996
imports,hs2_sections,2019-20,18,HS18 — Chocolate and other Food Products Containing Cocoa,million USD,31.801699000000006
imports,hs2_sections,2019-20,82,HS82 — Hand tools and Tools Used in Agriculture etc.,million USD,31.114449999999998
imports,hs2_sections,2019-20,64,HS64 — Footwear NES,million USD,29.09294600000002
imports,hs2_sections,2019-20,35,HS35 — Enzymes; Prepared Enzymes NES,million USD,28.98114700000001
imports,hs2_sections,2019-20,83,"HS83 — Hardware, Fixtures, Castors etc. and Part",million USD,28.137148000000025
imports,hs2_sections,2019-20,35,HS35 — Prepared Glues and Adhesives NES,million USD,27.929883999999998
imports,hs2_sections,2019-20,83,"HS83 — Clasps, Frames, Buckles, Hooks etc. Beads and Spangles",million USD,23.349731999999992
imports,hs2_sections,2019-20,37,"HS37 — Photo Plates and Film Flat, Sensitized, Unexposed",million USD,23.313151000000005
imports,hs2_sections,2019-20,24,HS24 — Tobacco and Tobacco Refuse,million USD,22.013144
imports,hs2_sections,2019-20,53,"HS53 — Flax, Raw or Processed but Not Spun, Flax Tow and Waste",million USD,21.025269000000005
imports,hs2_sections,2019-20,82,HS82 — Interchange Tools for Hand or Machine Tools,million USD,20.97430200000002
imports,hs2_sections,2019-20,61,"HS61 — Ladies Suits, Ensembles etc. Kn/Cr",million USD,20.845933
imports,hs2_sections,2019-20,95,HS95 — Articles and Equipments for Sports etc NES,million USD,20.807353999999993
imports,hs2_sections,2019-20,20,"HS20 — Vegetable, Fruit, Nuts Etc, Prep Or Pres By Vinegar Etc",million USD,20.107134000000006
imports,hs2_sections,2019-20,08,"HS08 — Grapes, Fresh or Dried",million USD,18.92577999999999
imports,hs2_sections,2019-20,17,HS17 — Other Sugar NES,million USD,18.725576000000004
imports,hs2_sections,2019-20,86,HS86 — Parts of Railway or Tramway Locomotives,million USD,17.784148000000002
imports,hs2_sections,2019-20,49,HS49 — Printed Matter including Pictures and Photographs NES,million USD,17.766123000000007
imports,hs2_sections,2019-20,68,"HS68 — Articles of Asbestos-Cement, Cellulose Fibre-Cements etc.",million USD,17.502105999999984
imports,hs2_sections,2019-20,68,"HS68 — Panel, Boards, Tiles & Similar Articles of Vegetable Fibre",million USD,16.839217000000005
imports,hs2_sections,2019-20,53,HS53 — Jute and other Textile Bast Fibers NES,million USD,16.329688
imports,hs2_sections,2019-20,95,"HS95 — Toys NES, Reduced Size, Puzzles of all Kinds",million USD,16.148543999999998
imports,hs2_sections,2019-20,01,"HS01 — Live Horses, Asses, Mules and Hinnies",million USD,15.717556
imports,hs2_sections,2019-20,20,HS20 — Vegetables Prepared or Preserved NES not Frozen,million USD,15.509554999999999
imports,hs2_sections,2019-20,41,HS41 — Raw Hides and Skins of Bovine or Equine Animals,million USD,15.468069000000002
imports,hs2_sections,2019-20,41,HS41 — Raw Hides and Skins NES,million USD,15.168946999999994
imports,hs2_sections,2019-20,08,HS08 — Other Nuts NES Fresh or Dried Whether Shelled or Peeled,million USD,14.969006999999994
imports,hs2_sections,2019-20,93,HS93 — Revolvers and Pistols Designed to Fire Live Ammo,million USD,14.880359999999998
imports,hs2_sections,2019-20,17,HS17 — Cane or Beet Sugar and Sucrose in Solid Form,million USD,14.73034100000001
imports,hs2_sections,2019-20,49,"HS49 — Printed Books, Brochures and Similar Printed Matter",million USD,13.812937000000002
imports,hs2_sections,2019-20,64,"HS64 — Footwear, Outer Sole Rubber, Plastic or Textile",million USD,13.707667000000004
imports,hs2_sections,2019-20,42,HS42 — Articles of Leather NES,million USD,13.592102999999998
imports,hs2_sections,2019-20,78,"HS78 — Lead, Unwrought",million USD,12.135329000000002
imports,hs2_sections,2019-20,86,HS86 — Containers for One or More Modes of Transport,million USD,10.397783000000002
imports,hs2_sections,2019-20,93,"HS93 — Military Weapons other than Revolvers, Pistols etc",million USD,10.309996
imports,hs2_sections,2019-20,13,"HS13 — Lac; Natural Gums, Resins, Gum-Resins and Balsams",million USD,10.099727000000003
imports,hs2_sections,2019-20,61,"HS61 — Track Suits, Ski Suits and Swimwear Kn/Cr",million USD,10.015471000000003
imports,hs2_sections,2019-20,13,"HS13 — Vegetable Saps and Extracts: Pectates, Agar-Agar etc.",million USD,8.684107000000001
imports,hs2_sections,2019-20,42,"HS42 — Travel Goods, Handbags, Wallets, Jewelry Cases etc.",million USD,8.144398000000004
imports,hs2_sections,2019-20,11,HS11 — Starches; Inulin,million USD,7.868262999999996
imports,hs2_sections,2019-20,75,"HS75 — Nickel Mattes, Nickel Oxide Sinters and other Products",million USD,7.396350000000003
imports,hs2_sections,2019-20,62,"HS62 — Men's or Boys' Suits, Ensembles etc, Not Knitted etc.",million USD,7.205477
imports,hs2_sections,2019-20,11,"HS11 — Cereal Grains, Worked Like Hulled, Rolled, Flaked etc.",million USD,7.131327
imports,hs2_sections,2019-20,75,"HS75 — Nickel Tubes, Pipes and Tube or Pipe Fittings",million USD,6.766209
imports,hs2_sections,2019-20,57,"HS57 — Carpets and other Textile Floor Coverings, Knotted",million USD,6.575021999999999
imports,hs2_sections,2019-20,62,HS62 — Made-Up Clothing Accessories NES,million USD,5.4526639999999995
imports,hs2_sections,2019-20,03,"HS03 — Fish, Live",million USD,5.127758000000001
imports,hs2_sections,2019-20,50,HS50 — Silkworm Cocoons Suitable for Reeling,million USD,4.563446999999999
imports,hs2_sections,2019-20,91,"HS91 — Watches, Wrist and Pocket etc.",million USD,4.543934
imports,hs2_sections,2019-20,80,"HS80 — Tin, Unwrought",million USD,4.196999
imports,hs2_sections,2019-20,51,"HS51 — Fine or Coarse Animal Hair, Not Carded or Combed",million USD,3.9625680000000005
imports,hs2_sections,2019-20,22,"HS22 — Waters, Sweetened etc and other Nonalcoholic Beverage NES,",million USD,3.7866529999999994
imports,hs2_sections,2019-20,26,HS26 — Chromium Ores and Concentrates,million USD,3.2460579999999997
imports,hs2_sections,2019-20,51,"HS51 — Wool, Not Carded or Combed",million USD,3.1670409999999993
imports,hs2_sections,2019-20,71,HS71 — Precious and Semi Precious Stones NES,million USD,2.809651
imports,hs2_sections,2019-20,03,HS03 — Fish Frozen (Not Fish Fillets & other Fish Meat),million USD,2.77639
imports,hs2_sections,2019-20,81,HS81 — Cobalt Mattes etc. Cobalt & Articles Including Waste & Scrap,million USD,2.687213
imports,hs2_sections,2019-20,91,HS91 — Instrument Panel Clocks and Similar Type for Vehicle etc.,million USD,2.5929480000000003
imports,hs2_sections,2019-20,36,HS36 — Propellant Powders,million USD,2.5014389999999995
imports,hs2_sections,2019-20,50,HS50 — Yarn Spun From Silk Waste Not for Retail Sale,million USD,2.3644940000000005
imports,hs2_sections,2019-20,65,HS65 — Headgear NES,million USD,2.2346930000000005
imports,hs2_sections,2019-20,81,HS81 — Titanium and Articles Thereof Include. Waste and Scrap,million USD,2.0667560000000003
imports,hs2_sections,2019-20,65,"HS65 — Hats and Headgear, Knitted etc. Lace etc.",million USD,1.7543889999999998
imports,hs2_sections,2019-20,05,"HS05 — Guts, Bladders, Stomachs of Animals (Not Fish) Fre/Ch/Fro",million USD,1.3259130000000001
imports,hs2_sections,2019-20,05,"HS05 — Bones & Horn - Cores, Unworked, Defatted, Simply Prepared",million USD,1.1829530000000004
imports,hs2_sections,2019-20,16,HS16 — Sausages and Similar Products of Meat and Blood,million USD,1.0157999999999998
imports,hs2_sections,2019-20,02,"HS02 — Meat of Sheep or Goats, Fresh, Chilled or Frozen",million USD,0.9670809999999997
imports,hs2_sections,2019-20,02,"HS02 — Other Meat & Edible Offal ; Fresh, Chilled or Frozen",million USD,0.9582729999999999
imports,hs2_sections,2019-20,16,"HS16 — Prepared or Preserved Meat, Meat Offal and Blood NES",million USD,0.705942
imports,hs2_sections,2019-20,06,HS06 — Cut Flowers and Flower Buds for Bouquet or for Ornaments,million USD,0.6026750000000001
imports,hs2_sections,2019-20,97,"HS97 — Paintings, Drawing etc By Hand",million USD,0.450483
imports,hs2_sections,2019-20,06,"HS06 — Other Live Plants and their Roots NES, Cuttings and Slips,",million USD,0.436257
imports,hs2_sections,2019-20,45,HS45 — Agglomerated Cork and Articles Thereof,million USD,0.43133000000000005
imports,hs2_sections,2019-20,67,HS67 — Skins and other Parts of Birds,million USD,0.34252699999999997
imports,hs2_sections,2019-20,66,"HS66 — Walking-Sticks, Seat-Sticks, Whips and Riding-Crops",million USD,0.26782200000000006
imports,hs2_sections,2019-20,43,"HS43 — Articles of Apparel etc, of Furskins",million USD,0.24766800000000003
imports,hs2_sections,2019-20,43,HS43 — Raw Furskins NES,million USD,0.243517
imports,hs2_sections,2019-20,66,"HS66 — Umbrellas, Sun Umbrellas and Other Umbrellas",million USD,0.21766599999999997
imports,hs2_sections,2019-20,92,HS92 — Percussion Musical Instruments Drums etc.,million USD,0.16630699999999998
imports,hs2_sections,2019-20,67,"HS67 — Artificial Flowers, Foliage and Fruit Parts thereof",million USD,0.15102200000000002
imports,hs2_sections,2019-20,92,HS92 — Musical Instruments With Sound Electrically Produced etc.,million USD,0.11056
imports,hs2_sections,2019-20,46,HS46 — Plaits etc and Products of Plaiting Materials,million USD,0.049096
imports,hs2_sections,2019-20,97,HS97 — Collectors Item of Botanic and Historical Interest,million USD,0.02553
imports,hs2_sections,2020-21,27,"HS27 — Coal, Briquettes and Ovoid etc. Manufactures of Coal",million USD,11250.775698859983
imports,hs2_sections,2020-21,85,HS85 — Electric Motors and Generators,million USD,4417.5766282599925
imports,hs2_sections,2020-21,84,HS84 — Parts For Combustion Engines etc.,million USD,3708.663803566617
imports,hs2_sections,2020-21,72,HS72 — Ferrous Waste and Scrap,million USD,3511.629830000007
imports,hs2_sections,2020-21,15,HS15 — Soybean Oil and Its Fractions,million USD,2610.420260000001
imports,hs2_sections,2020-21,52,"HS52 — Cotton, Not Carded Or Combed",million USD,2492.6880700000015
imports,hs2_sections,2020-21,39,"HS39 — Polymers of Ethylene, in Primary Forms",million USD,2459.550669250005
imports,hs2_sections,2020-21,29,HS29 — Acyclic Alcohols and Halogenated Derivatives,million USD,2443.7058790000037
imports,hs2_sections,2020-21,87,HS87 — Parts and Accessories for Motor Vehicles,million USD,2168.003354999999
imports,hs2_sections,2020-21,12,HS12 — Peanuts-Nut not Roasted or otherwise Cooked,million USD,1606.7974819999993
imports,hs2_sections,2020-21,99,HS99 — Special Transaction NES,million USD,1602.9755500000008
imports,hs2_sections,2020-21,10,"HS10 — Buckwheat, Millet and Canary Seed; other Cereals",million USD,1017.5853109999999
imports,hs2_sections,2020-21,38,"HS38 — Finishing Agents etc. for Textiles, Paper etc NES",million USD,837.5109470299996
imports,hs2_sections,2020-21,55,"HS55 — Artificial Staple Fibers, Not Carded, Combed etc.",million USD,814.3207519999999
imports,hs2_sections,2020-21,54,"HS54 — Artificial Filament Yarn Not Sewing Thread, Not Retail",million USD,767.0750509999995
imports,hs2_sections,2020-21,07,"HS07 — Potatoes, Fresh or Chilled",million USD,697.6330599999998
imports,hs2_sections,2020-21,31,"HS31 — Mineral or Chemical Fertilizers, Potassic",million USD,695.0801079999999
imports,hs2_sections,2020-21,09,"HS09 — Pepper, Genus Piper; Genus Capsicum or Pimento",million USD,691.4005199999986
imports,hs2_sections,2020-21,90,"HS90 — Mechano-Therapy, Massage etc Apparatus",million USD,681.2488739734023
imports,hs2_sections,2020-21,40,HS40 — Waste of Rubber and Powder Obtain thereof,million USD,616.8877301600004
imports,hs2_sections,2020-21,32,HS32 — Synthetic Organic Coloring Matter,million USD,607.3403309999987
imports,hs2_sections,2020-21,30,HS30 — Human Blood or Animal Blood Prepared for Therapeutic,million USD,602.4746290000008
imports,hs2_sections,2020-21,48,"HS48 — Paper and Paperboard, Coated With Kaolin etc",million USD,495.8099449999999
imports,hs2_sections,2020-21,28,HS28 — Carbon NES,million USD,485.41253500000084
imports,hs2_sections,2020-21,89,HS89 — Vessels for Transport of Persons or Goods,million USD,462.14247799999987
imports,hs2_sections,2020-21,73,"HS73 — Screws, Bolts, Nuts, Washers etc. Iron or Steel",million USD,313.11097400000006
imports,hs2_sections,2020-21,76,HS76 — Aluminum Waste and Scrap,million USD,266.09125481999973
imports,hs2_sections,2020-21,74,HS74 — Copper Foil Thickness above 0.15mm,million USD,187.04030999999998
imports,hs2_sections,2020-21,47,HS47 — Waste and Scrap of Paper or Paperboard,million USD,175.3862599999998
imports,hs2_sections,2020-21,34,HS34 — Organic Surf-Act Agents and Products other than Soap,million USD,175.213837
imports,hs2_sections,2020-21,44,HS44 — Tableware and Kitchenware of Wood,million USD,168.62983800000006
imports,hs2_sections,2020-21,96,"HS96 — Buttons, Press Studs, Button Mold and Blanks etc.",million USD,166.7540219999999
imports,hs2_sections,2020-21,33,HS33 — Odoriferous Mixtures as Raw Materials for Industry,million USD,163.06582099999986
imports,hs2_sections,2020-21,17,HS17 — Other Sugar NES,million USD,149.30241499999985
imports,hs2_sections,2020-21,63,"HS63 — Used or New Rags, Scrap Twine etc of Text Material",million USD,142.41584799999993
imports,hs2_sections,2020-21,60,HS60 — Knitted or Crocheted Fabrics of Rubber of Width <30 cm,million USD,141.80169267999995
imports,hs2_sections,2020-21,19,HS19 — Malt Extracts; Food Prep. of Flour etc. Under 50% Cocoa etc.,million USD,138.83126800000016
imports,hs2_sections,2020-21,56,"HS56 — Twine, Cordage, Rope and Cables",million USD,125.75292700000004
imports,hs2_sections,2020-21,88,"HS88 — Parts of Balloons etc. Aircraft, Spacecraft etc.",million USD,125.74361300000004
imports,hs2_sections,2020-21,23,HS23 — Preparations Used In Animal Feeding,million USD,125.46530100000008
imports,hs2_sections,2020-21,25,"HS25 — Salt, Pure Sodium Chloride, Sea Water",million USD,115.94092000000003
imports,hs2_sections,2020-21,70,HS70 — Glass Fibers and Articles Thereof (Yarn Etc.),million USD,108.31312300000008
imports,hs2_sections,2020-21,59,HS59 — Textile Products and Articles for Technical uses,million USD,102.65575700000012
imports,hs2_sections,2020-21,04,HS04 — Cheese and Curd,million USD,101.08859700000006
imports,hs2_sections,2020-21,94,HS94 — Lamps and Lighting Fittings and Parts etc NES,million USD,96.30900800000006
imports,hs2_sections,2020-21,58,"HS58 — Labels, Badges and Similar Type of Textiles Material",million USD,86.18355500000001
imports,hs2_sections,2020-21,79,"HS79 — Zinc, Unwrought",million USD,82.70052999999996
imports,hs2_sections,2020-21,21,HS21 — Food Preparations NES,million USD,73.7584169999999
imports,hs2_sections,2020-21,83,"HS83 — Clasps, Frames, Buckles, Hooks etc. Beads and Spangles",million USD,72.77983199999993
imports,hs2_sections,2020-21,69,"HS69 — Unglazed Ceramic Flags and Paving, Hearth Wall Tiles etc.",million USD,72.6377
imports,hs2_sections,2020-21,35,HS35 — Prepared Glues and Adhesives NES,million USD,67.85801400000003
imports,hs2_sections,2020-21,08,HS08 — Other Nuts NES Fresh or Dried Whether Shelled or Peeled,million USD,64.05309300000005
imports,hs2_sections,2020-21,53,"HS53 — Flax, Raw or Processed but Not Spun, Flax Tow and Waste",million USD,62.74722700000002
imports,hs2_sections,2020-21,82,HS82 — Interchange Tools for Hand or Machine Tools,million USD,59.914406000000035
imports,hs2_sections,2020-21,68,"HS68 — Panel, Boards, Tiles & Similar Articles of Vegetable Fibre",million USD,48.30901599999998
imports,hs2_sections,2020-21,78,"HS78 — Lead, Unwrought",million USD,46.133919000000006
imports,hs2_sections,2020-21,20,"HS20 — Vegetable, Fruit, Nuts Etc, Prep Or Pres By Vinegar Etc",million USD,40.787763999999974
imports,hs2_sections,2020-21,61,"HS61 — Track Suits, Ski Suits and Swimwear Kn/Cr",million USD,38.054318
imports,hs2_sections,2020-21,18,HS18 — Chocolate and other Food Products Containing Cocoa,million USD,36.992492000000034
imports,hs2_sections,2020-21,93,HS93 — Revolvers and Pistols Designed to Fire Live Ammo,million USD,35.75356099999997
imports,hs2_sections,2020-21,95,"HS95 — Toys NES, Reduced Size, Puzzles of all Kinds",million USD,35.57943700000001
imports,hs2_sections,2020-21,14,HS14 — Vegetable Products NES,million USD,33.74602300000001
imports,hs2_sections,2020-21,41,HS41 — Raw Hides and Skins NES,million USD,31.425589999999993
imports,hs2_sections,2020-21,64,"HS64 — Footwear, Outer Sole Rubber, Plastic or Textile",million USD,27.20260799999999
imports,hs2_sections,2020-21,37,"HS37 — Photo Plates and Film Flat, Sensitized, Unexposed",million USD,26.998086000000022
imports,hs2_sections,2020-21,49,"HS49 — Printed Books, Brochures and Similar Printed Matter",million USD,22.248691000000008
imports,hs2_sections,2020-21,75,"HS75 — Nickel Tubes, Pipes and Tube or Pipe Fittings",million USD,20.849652
imports,hs2_sections,2020-21,24,HS24 — Tobacco and Tobacco Refuse,million USD,19.864183000000004
imports,hs2_sections,2020-21,91,HS91 — Instrument Panel Clocks and Similar Type for Vehicle etc.,million USD,19.480556000000007
imports,hs2_sections,2020-21,42,"HS42 — Travel Goods, Handbags, Wallets, Jewelry Cases etc.",million USD,18.811058000000006
imports,hs2_sections,2020-21,13,"HS13 — Lac; Natural Gums, Resins, Gum-Resins and Balsams",million USD,17.980162999999983
imports,hs2_sections,2020-21,11,"HS11 — Cereal Grains, Worked Like Hulled, Rolled, Flaked etc.",million USD,17.838411999999998
imports,hs2_sections,2020-21,01,"HS01 — Live Horses, Asses, Mules and Hinnies",million USD,15.876937999999996
imports,hs2_sections,2020-21,86,HS86 — Containers for One or More Modes of Transport,million USD,15.036736
imports,hs2_sections,2020-21,81,HS81 — Titanium and Articles Thereof Include. Waste and Scrap,million USD,14.399439999999998
imports,hs2_sections,2020-21,71,HS71 — Precious and Semi Precious Stones NES,million USD,11.277117999999998
imports,hs2_sections,2020-21,62,HS62 — Made-Up Clothing Accessories NES,million USD,11.274044999999996
imports,hs2_sections,2020-21,80,"HS80 — Tin, Unwrought",million USD,8.913392
imports,hs2_sections,2020-21,57,"HS57 — Carpets and other Textile Floor Coverings, Knotted",million USD,8.002826
imports,hs2_sections,2020-21,50,HS50 — Yarn Spun From Silk Waste Not for Retail Sale,million USD,7.708117000000001
imports,hs2_sections,2020-21,03,HS03 — Fish Frozen (Not Fish Fillets & other Fish Meat),million USD,7.173219
imports,hs2_sections,2020-21,51,"HS51 — Fine or Coarse Animal Hair, Not Carded or Combed",million USD,6.710700999999999
imports,hs2_sections,2020-21,26,HS26 — Chromium Ores and Concentrates,million USD,6.5574259999999995
imports,hs2_sections,2020-21,22,"HS22 — Waters, Sweetened etc and other Nonalcoholic Beverage NES,",million USD,5.212681000000004
imports,hs2_sections,2020-21,05,"HS05 — Guts, Bladders, Stomachs of Animals (Not Fish) Fre/Ch/Fro",million USD,3.831582
imports,hs2_sections,2020-21,65,"HS65 — Hats and Headgear, Knitted etc. Lace etc.",million USD,2.9484860000000017
imports,hs2_sections,2020-21,16,"HS16 — Prepared or Preserved Meat, Meat Offal and Blood NES",million USD,2.1007100000000003
imports,hs2_sections,2020-21,02,"HS02 — Meat of Sheep or Goats, Fresh, Chilled or Frozen",million USD,1.6144240000000005
imports,hs2_sections,2020-21,36,HS36 — Propellant Powders,million USD,1.4589590000000001
imports,hs2_sections,2020-21,06,"HS06 — Other Live Plants and their Roots NES, Cuttings and Slips,",million USD,1.3640370000000004
imports,hs2_sections,2020-21,66,"HS66 — Umbrellas, Sun Umbrellas and Other Umbrellas",million USD,1.1236760000000001
imports,hs2_sections,2020-21,67,"HS67 — Artificial Flowers, Foliage and Fruit Parts thereof",million USD,0.731845
imports,hs2_sections,2020-21,92,HS92 — Musical Instruments With Sound Electrically Produced etc.,million USD,0.6663290000000001
imports,hs2_sections,2020-21,43,HS43 — Raw Furskins NES,million USD,0.47583699999999995
imports,hs2_sections,2020-21,97,"HS97 — Paintings, Drawing etc By Hand",million USD,0.409358
imports,hs2_sections,2020-21,45,HS45 — Agglomerated Cork and Articles Thereof,million USD,0.29247199999999995
imports,hs2_sections,2020-21,46,HS46 — Plaits etc and Products of Plaiting Materials,million USD,0.220562
imports,hs2_sections,2021-22,27,"HS27 — Coal, Briquettes and Ovoid etc. Manufactures of Coal",million USD,21029.006746999985
imports,hs2_sections,2021-22,84,HS84 — Parts For Combustion Engines etc.,million USD,5041.418172059992
imports,hs2_sections,2021-22,72,HS72 — Ferrous Waste and Scrap,million USD,4596.722025999992
imports,hs2_sections,2021-22,85,HS85 — Electric Motors and Generators,million USD,4357.633584589992
imports,hs2_sections,2021-22,15,HS15 — Soybean Oil and Its Fractions,million USD,3526.8438970000075
imports,hs2_sections,2021-22,39,"HS39 — Polymers of Ethylene, in Primary Forms",million USD,3250.663789999993
imports,hs2_sections,2021-22,29,HS29 — Acyclic Alcohols and Halogenated Derivatives,million USD,3239.578729000017
imports,hs2_sections,2021-22,87,HS87 — Parts and Accessories for Motor Vehicles,million USD,3045.2673950000035
imports,hs2_sections,2021-22,52,"HS52 — Cotton, Not Carded Or Combed",million USD,2949.2258240000006
imports,hs2_sections,2021-22,99,HS99 — Special Transaction NES,million USD,2005.0142080000003
imports,hs2_sections,2021-22,12,HS12 — Peanuts-Nut not Roasted or otherwise Cooked,million USD,1488.8132410000005
imports,hs2_sections,2021-22,54,"HS54 — Artificial Filament Yarn Not Sewing Thread, Not Retail",million USD,979.4726460000003
imports,hs2_sections,2021-22,55,"HS55 — Artificial Staple Fibers, Not Carded, Combed etc.",million USD,942.8311220000004
imports,hs2_sections,2021-22,38,"HS38 — Finishing Agents etc. for Textiles, Paper etc NES",million USD,930.9488581100011
imports,hs2_sections,2021-22,10,"HS10 — Buckwheat, Millet and Canary Seed; other Cereals",million USD,891.641467
imports,hs2_sections,2021-22,90,"HS90 — Mechano-Therapy, Massage etc Apparatus",million USD,800.9300863499994
imports,hs2_sections,2021-22,28,HS28 — Carbon NES,million USD,742.4369659999996
imports,hs2_sections,2021-22,31,"HS31 — Mineral or Chemical Fertilizers, Potassic",million USD,727.247272
imports,hs2_sections,2021-22,09,"HS09 — Pepper, Genus Piper; Genus Capsicum or Pimento",million USD,722.6195999999997
imports,hs2_sections,2021-22,32,HS32 — Synthetic Organic Coloring Matter,million USD,698.7721680000006
imports,hs2_sections,2021-22,07,"HS07 — Potatoes, Fresh or Chilled",million USD,604.24869
imports,hs2_sections,2021-22,40,HS40 — Waste of Rubber and Powder Obtain thereof,million USD,595.7934111900005
imports,hs2_sections,2021-22,30,HS30 — Human Blood or Animal Blood Prepared for Therapeutic,million USD,567.5707829999996
imports,hs2_sections,2021-22,48,"HS48 — Paper and Paperboard, Coated With Kaolin etc",million USD,523.5029829999987
imports,hs2_sections,2021-22,89,HS89 — Vessels for Transport of Persons or Goods,million USD,479.4762379999999
imports,hs2_sections,2021-22,76,HS76 — Aluminum Waste and Scrap,million USD,365.9613730000001
imports,hs2_sections,2021-22,73,"HS73 — Screws, Bolts, Nuts, Washers etc. Iron or Steel",million USD,363.4598124500006
imports,hs2_sections,2021-22,47,HS47 — Waste and Scrap of Paper or Paperboard,million USD,266.19879799999995
imports,hs2_sections,2021-22,74,HS74 — Copper Foil Thickness above 0.15mm,million USD,258.34736299999986
imports,hs2_sections,2021-22,17,HS17 — Other Sugar NES,million USD,235.74334899999985
imports,hs2_sections,2021-22,34,HS34 — Organic Surf-Act Agents and Products other than Soap,million USD,227.1901100000002
imports,hs2_sections,2021-22,60,HS60 — Knitted or Crocheted Fabrics of Rubber of Width <30 cm,million USD,206.75419200000007
imports,hs2_sections,2021-22,33,HS33 — Odoriferous Mixtures as Raw Materials for Industry,million USD,191.8339340000001
imports,hs2_sections,2021-22,25,"HS25 — Salt, Pure Sodium Chloride, Sea Water",million USD,184.44918200000018
imports,hs2_sections,2021-22,96,"HS96 — Buttons, Press Studs, Button Mold and Blanks etc.",million USD,170.38923000000005
imports,hs2_sections,2021-22,44,HS44 — Tableware and Kitchenware of Wood,million USD,168.8593080000001
imports,hs2_sections,2021-22,63,"HS63 — Used or New Rags, Scrap Twine etc of Text Material",million USD,145.629521
imports,hs2_sections,2021-22,19,HS19 — Malt Extracts; Food Prep. of Flour etc. Under 50% Cocoa etc.,million USD,145.15844200000004
imports,hs2_sections,2021-22,59,HS59 — Textile Products and Articles for Technical uses,million USD,140.99320799999978
imports,hs2_sections,2021-22,23,HS23 — Preparations Used In Animal Feeding,million USD,131.31391700000015
imports,hs2_sections,2021-22,70,HS70 — Glass Fibers and Articles Thereof (Yarn Etc.),million USD,123.52852100000013
imports,hs2_sections,2021-22,58,"HS58 — Labels, Badges and Similar Type of Textiles Material",million USD,118.14943699999992
imports,hs2_sections,2021-22,94,HS94 — Lamps and Lighting Fittings and Parts etc NES,million USD,115.51578499999998
imports,hs2_sections,2021-22,56,"HS56 — Twine, Cordage, Rope and Cables",million USD,112.13217700000006
imports,hs2_sections,2021-22,83,"HS83 — Clasps, Frames, Buckles, Hooks etc. Beads and Spangles",million USD,95.08331587
imports,hs2_sections,2021-22,35,HS35 — Prepared Glues and Adhesives NES,million USD,90.53679499999986
imports,hs2_sections,2021-22,79,"HS79 — Zinc, Unwrought",million USD,88.41916999999997
imports,hs2_sections,2021-22,21,HS21 — Food Preparations NES,million USD,85.96174199999993
imports,hs2_sections,2021-22,88,"HS88 — Parts of Balloons etc. Aircraft, Spacecraft etc.",million USD,85.03301799999998
imports,hs2_sections,2021-22,04,HS04 — Cheese and Curd,million USD,75.01619400000004
imports,hs2_sections,2021-22,69,"HS69 — Unglazed Ceramic Flags and Paving, Hearth Wall Tiles etc.",million USD,71.50602099999999
imports,hs2_sections,2021-22,53,"HS53 — Flax, Raw or Processed but Not Spun, Flax Tow and Waste",million USD,70.9700249999999
imports,hs2_sections,2021-22,82,HS82 — Interchange Tools for Hand or Machine Tools,million USD,63.01324299999993
imports,hs2_sections,2021-22,08,HS08 — Other Nuts NES Fresh or Dried Whether Shelled or Peeled,million USD,61.62870800000002
imports,hs2_sections,2021-22,68,"HS68 — Panel, Boards, Tiles & Similar Articles of Vegetable Fibre",million USD,54.86578199999997
imports,hs2_sections,2021-22,86,HS86 — Containers for One or More Modes of Transport,million USD,54.21460299999999
imports,hs2_sections,2021-22,61,"HS61 — Track Suits, Ski Suits and Swimwear Kn/Cr",million USD,52.22800799999997
imports,hs2_sections,2021-22,18,HS18 — Chocolate and other Food Products Containing Cocoa,million USD,49.25126299999997
imports,hs2_sections,2021-22,95,"HS95 — Toys NES, Reduced Size, Puzzles of all Kinds",million USD,41.80340399999995
imports,hs2_sections,2021-22,49,"HS49 — Printed Books, Brochures and Similar Printed Matter",million USD,39.413332
imports,hs2_sections,2021-22,64,"HS64 — Footwear, Outer Sole Rubber, Plastic or Textile",million USD,38.90595600000001
imports,hs2_sections,2021-22,20,"HS20 — Vegetable, Fruit, Nuts Etc, Prep Or Pres By Vinegar Etc",million USD,38.519410999999984
imports,hs2_sections,2021-22,41,HS41 — Raw Hides and Skins NES,million USD,30.525163999999997
imports,hs2_sections,2021-22,01,"HS01 — Live Horses, Asses, Mules and Hinnies",million USD,29.781678000000003
imports,hs2_sections,2021-22,93,HS93 — Revolvers and Pistols Designed to Fire Live Ammo,million USD,29.32084999999999
imports,hs2_sections,2021-22,37,"HS37 — Photo Plates and Film Flat, Sensitized, Unexposed",million USD,28.277870999999994
imports,hs2_sections,2021-22,14,HS14 — Vegetable Products NES,million USD,27.164568000000006
imports,hs2_sections,2021-22,42,"HS42 — Travel Goods, Handbags, Wallets, Jewelry Cases etc.",million USD,25.895262000000002
imports,hs2_sections,2021-22,78,"HS78 — Lead, Unwrought",million USD,25.445628999999997
imports,hs2_sections,2021-22,13,"HS13 — Lac; Natural Gums, Resins, Gum-Resins and Balsams",million USD,25.270932999999978
imports,hs2_sections,2021-22,91,HS91 — Instrument Panel Clocks and Similar Type for Vehicle etc.,million USD,23.353417000000004
imports,hs2_sections,2021-22,75,"HS75 — Nickel Tubes, Pipes and Tube or Pipe Fittings",million USD,19.851216000000008
imports,hs2_sections,2021-22,24,HS24 — Tobacco and Tobacco Refuse,million USD,18.515694000000003
imports,hs2_sections,2021-22,62,HS62 — Made-Up Clothing Accessories NES,million USD,16.668186000000006
imports,hs2_sections,2021-22,11,"HS11 — Cereal Grains, Worked Like Hulled, Rolled, Flaked etc.",million USD,16.412350999999994
imports,hs2_sections,2021-22,26,HS26 — Chromium Ores and Concentrates,million USD,13.784993000000004
imports,hs2_sections,2021-22,71,HS71 — Precious and Semi Precious Stones NES,million USD,10.966193000000002
imports,hs2_sections,2021-22,81,HS81 — Titanium and Articles Thereof Include. Waste and Scrap,million USD,10.55455
imports,hs2_sections,2021-22,80,"HS80 — Tin, Unwrought",million USD,9.633629
imports,hs2_sections,2021-22,03,HS03 — Fish Frozen (Not Fish Fillets & other Fish Meat),million USD,9.202287
imports,hs2_sections,2021-22,50,HS50 — Yarn Spun From Silk Waste Not for Retail Sale,million USD,9.090587
imports,hs2_sections,2021-22,57,"HS57 — Carpets and other Textile Floor Coverings, Knotted",million USD,7.901344000000001
imports,hs2_sections,2021-22,51,"HS51 — Fine or Coarse Animal Hair, Not Carded or Combed",million USD,7.243254999999999
imports,hs2_sections,2021-22,22,"HS22 — Waters, Sweetened etc and other Nonalcoholic Beverage NES,",million USD,5.258491
imports,hs2_sections,2021-22,05,"HS05 — Guts, Bladders, Stomachs of Animals (Not Fish) Fre/Ch/Fro",million USD,3.9099470000000003
imports,hs2_sections,2021-22,65,"HS65 — Hats and Headgear, Knitted etc. Lace etc.",million USD,3.3480410000000007
imports,hs2_sections,2021-22,16,"HS16 — Prepared or Preserved Meat, Meat Offal and Blood NES",million USD,2.763533
imports,hs2_sections,2021-22,36,HS36 — Propellant Powders,million USD,1.9166880000000002
imports,hs2_sections,2021-22,02,"HS02 — Meat of Sheep or Goats, Fresh, Chilled or Frozen",million USD,1.6164289999999994
imports,hs2_sections,2021-22,06,"HS06 — Other Live Plants and their Roots NES, Cuttings and Slips,",million USD,1.302901
imports,hs2_sections,2021-22,66,"HS66 — Umbrellas, Sun Umbrellas and Other Umbrellas",million USD,1.0666039999999999
imports,hs2_sections,2021-22,67,"HS67 — Artificial Flowers, Foliage and Fruit Parts thereof",million USD,0.952265
imports,hs2_sections,2021-22,43,HS43 — Raw Furskins NES,million USD,0.902921
imports,hs2_sections,2021-22,92,HS92 — Musical Instruments With Sound Electrically Produced etc.,million USD,0.5133770000000002
imports,hs2_sections,2021-22,97,"HS97 — Paintings, Drawing etc By Hand",million USD,0.422611
imports,hs2_sections,2021-22,45,HS45 — Agglomerated Cork and Articles Thereof,million USD,0.27955599999999997
imports,hs2_sections,2021-22,46,HS46 — Plaits etc and Products of Plaiting Materials,million USD,0.223445
imports,hs2_sections,2022-23,27,"HS27 — Coal, Briquettes and Ovoid etc. Manufactures of Coal",million USD,19914.52736492002
imports,hs2_sections,2022-23,15,HS15 — Soybean Oil and Its Fractions,million USD,3775.151517799998
imports,hs2_sections,2022-23,52,"HS52 — Cotton, Not Carded Or Combed",million USD,2742.1888517
imports,hs2_sections,2022-23,29,HS29 — Acyclic Alcohols and Halogenated Derivatives,million USD,2674.6993843000096
imports,hs2_sections,2022-23,72,HS72 — Ferrous Waste and Scrap,million USD,2475.843526400004
imports,hs2_sections,2022-23,84,HS84 — Parts For Combustion Engines etc.,million USD,2432.0532393599988
imports,hs2_sections,2022-23,39,"HS39 — Polymers of Ethylene, in Primary Forms",million USD,2196.6750834000045
imports,hs2_sections,2022-23,85,HS85 — Electric Motors and Generators,million USD,1819.7720002000056
imports,hs2_sections,2022-23,10,"HS10 — Buckwheat, Millet and Canary Seed; other Cereals",million USD,1206.4251670999995
imports,hs2_sections,2022-23,12,HS12 — Peanuts-Nut not Roasted or otherwise Cooked,million USD,1147.541832899999
imports,hs2_sections,2022-23,87,HS87 — Parts and Accessories for Motor Vehicles,million USD,1077.4347243999996
imports,hs2_sections,2022-23,07,"HS07 — Potatoes, Fresh or Chilled",million USD,844.4715339999992
imports,hs2_sections,2022-23,38,"HS38 — Finishing Agents etc. for Textiles, Paper etc NES",million USD,784.7471539199987
imports,hs2_sections,2022-23,28,HS28 — Carbon NES,million USD,720.7336259000007
imports,hs2_sections,2022-23,90,"HS90 — Mechano-Therapy, Massage etc Apparatus",million USD,663.505390499999
imports,hs2_sections,2022-23,54,"HS54 — Artificial Filament Yarn Not Sewing Thread, Not Retail",million USD,644.2343345
imports,hs2_sections,2022-23,55,"HS55 — Artificial Staple Fibers, Not Carded, Combed etc.",million USD,642.4868495999999
imports,hs2_sections,2022-23,31,"HS31 — Mineral or Chemical Fertilizers, Potassic",million USD,625.8172740999996
imports,hs2_sections,2022-23,09,"HS09 — Pepper, Genus Piper; Genus Capsicum or Pimento",million USD,605.8019497999991
imports,hs2_sections,2022-23,99,HS99 — Special Transaction NES,million USD,508.0060417000002
imports,hs2_sections,2022-23,32,HS32 — Synthetic Organic Coloring Matter,million USD,479.3814214999995
imports,hs2_sections,2022-23,30,HS30 — Human Blood or Animal Blood Prepared for Therapeutic,million USD,400.78210129999985
imports,hs2_sections,2022-23,48,"HS48 — Paper and Paperboard, Coated With Kaolin etc",million USD,390.2091295999996
imports,hs2_sections,2022-23,40,HS40 — Waste of Rubber and Powder Obtain thereof,million USD,334.87597286999966
imports,hs2_sections,2022-23,76,HS76 — Aluminum Waste and Scrap,million USD,323.7669355
imports,hs2_sections,2022-23,73,"HS73 — Screws, Bolts, Nuts, Washers etc. Iron or Steel",million USD,272.33522347999957
imports,hs2_sections,2022-23,47,HS47 — Waste and Scrap of Paper or Paperboard,million USD,245.1496038
imports,hs2_sections,2022-23,34,HS34 — Organic Surf-Act Agents and Products other than Soap,million USD,164.89904879999995
imports,hs2_sections,2022-23,74,HS74 — Copper Foil Thickness above 0.15mm,million USD,148.81478600000008
imports,hs2_sections,2022-23,33,HS33 — Odoriferous Mixtures as Raw Materials for Industry,million USD,137.77368249999992
imports,hs2_sections,2022-23,25,"HS25 — Salt, Pure Sodium Chloride, Sea Water",million USD,135.42307029999995
imports,hs2_sections,2022-23,60,HS60 — Knitted or Crocheted Fabrics of Rubber of Width <30 cm,million USD,130.5218760999999
imports,hs2_sections,2022-23,96,"HS96 — Buttons, Press Studs, Button Mold and Blanks etc.",million USD,121.3843594999998
imports,hs2_sections,2022-23,19,HS19 — Malt Extracts; Food Prep. of Flour etc. Under 50% Cocoa etc.,million USD,103.0066752000001
imports,hs2_sections,2022-23,63,"HS63 — Used or New Rags, Scrap Twine etc of Text Material",million USD,97.29161509999993
imports,hs2_sections,2022-23,44,HS44 — Tableware and Kitchenware of Wood,million USD,92.2949593
imports,hs2_sections,2022-23,59,HS59 — Textile Products and Articles for Technical uses,million USD,88.89459230000003
imports,hs2_sections,2022-23,23,HS23 — Preparations Used In Animal Feeding,million USD,86.90031439999994
imports,hs2_sections,2022-23,89,HS89 — Vessels for Transport of Persons or Goods,million USD,86.08942789999998
imports,hs2_sections,2022-23,04,HS04 — Cheese and Curd,million USD,84.47456469999999
imports,hs2_sections,2022-23,58,"HS58 — Labels, Badges and Similar Type of Textiles Material",million USD,81.40820099999996
imports,hs2_sections,2022-23,56,"HS56 — Twine, Cordage, Rope and Cables",million USD,75.93673608000007
imports,hs2_sections,2022-23,70,HS70 — Glass Fibers and Articles Thereof (Yarn Etc.),million USD,75.85540600000006
imports,hs2_sections,2022-23,21,HS21 — Food Preparations NES,million USD,75.48637500000004
imports,hs2_sections,2022-23,35,HS35 — Prepared Glues and Adhesives NES,million USD,73.17158001999984
imports,hs2_sections,2022-23,83,"HS83 — Clasps, Frames, Buckles, Hooks etc. Beads and Spangles",million USD,68.70077539999996
imports,hs2_sections,2022-23,94,HS94 — Lamps and Lighting Fittings and Parts etc NES,million USD,65.72790079999999
imports,hs2_sections,2022-23,53,"HS53 — Flax, Raw or Processed but Not Spun, Flax Tow and Waste",million USD,65.2868086
imports,hs2_sections,2022-23,86,HS86 — Containers for One or More Modes of Transport,million USD,57.274831400000025
imports,hs2_sections,2022-23,88,"HS88 — Parts of Balloons etc. Aircraft, Spacecraft etc.",million USD,49.271490099999994
imports,hs2_sections,2022-23,17,HS17 — Other Sugar NES,million USD,48.96601539999998
imports,hs2_sections,2022-23,79,"HS79 — Zinc, Unwrought",million USD,44.1308839
imports,hs2_sections,2022-23,82,HS82 — Interchange Tools for Hand or Machine Tools,million USD,43.15092539999996
imports,hs2_sections,2022-23,78,"HS78 — Lead, Unwrought",million USD,40.40185359999999
imports,hs2_sections,2022-23,69,"HS69 — Unglazed Ceramic Flags and Paving, Hearth Wall Tiles etc.",million USD,40.34756289999998
imports,hs2_sections,2022-23,68,"HS68 — Panel, Boards, Tiles & Similar Articles of Vegetable Fibre",million USD,37.121376500000025
imports,hs2_sections,2022-23,18,HS18 — Chocolate and other Food Products Containing Cocoa,million USD,34.461488300000006
imports,hs2_sections,2022-23,95,"HS95 — Toys NES, Reduced Size, Puzzles of all Kinds",million USD,29.43295420000002
imports,hs2_sections,2022-23,41,HS41 — Raw Hides and Skins NES,million USD,27.596510199999994
imports,hs2_sections,2022-23,49,"HS49 — Printed Books, Brochures and Similar Printed Matter",million USD,26.94196459999998
imports,hs2_sections,2022-23,37,"HS37 — Photo Plates and Film Flat, Sensitized, Unexposed",million USD,22.158697499999988
imports,hs2_sections,2022-23,24,HS24 — Tobacco and Tobacco Refuse,million USD,21.225937400000003
imports,hs2_sections,2022-23,64,"HS64 — Footwear, Outer Sole Rubber, Plastic or Textile",million USD,21.157802100000005
imports,hs2_sections,2022-23,13,"HS13 — Lac; Natural Gums, Resins, Gum-Resins and Balsams",million USD,19.920410200000003
imports,hs2_sections,2022-23,20,"HS20 — Vegetable, Fruit, Nuts Etc, Prep Or Pres By Vinegar Etc",million USD,19.06112510000002
imports,hs2_sections,2022-23,93,HS93 — Revolvers and Pistols Designed to Fire Live Ammo,million USD,18.121061799999996
imports,hs2_sections,2022-23,61,"HS61 — Track Suits, Ski Suits and Swimwear Kn/Cr",million USD,17.912087800000002
imports,hs2_sections,2022-23,14,HS14 — Vegetable Products NES,million USD,17.330600000000008
imports,hs2_sections,2022-23,01,"HS01 — Live Horses, Asses, Mules and Hinnies",million USD,15.501467499999997
imports,hs2_sections,2022-23,75,"HS75 — Nickel Tubes, Pipes and Tube or Pipe Fittings",million USD,14.889778400000003
imports,hs2_sections,2022-23,08,HS08 — Other Nuts NES Fresh or Dried Whether Shelled or Peeled,million USD,14.7033015
imports,hs2_sections,2022-23,62,HS62 — Made-Up Clothing Accessories NES,million USD,13.930303400000007
imports,hs2_sections,2022-23,11,"HS11 — Cereal Grains, Worked Like Hulled, Rolled, Flaked etc.",million USD,13.712318900000003
imports,hs2_sections,2022-23,81,HS81 — Titanium and Articles Thereof Include. Waste and Scrap,million USD,11.535004600000004
imports,hs2_sections,2022-23,91,HS91 — Instrument Panel Clocks and Similar Type for Vehicle etc.,million USD,9.906886399999998
imports,hs2_sections,2022-23,71,HS71 — Precious and Semi Precious Stones NES,million USD,8.585768600000002
imports,hs2_sections,2022-23,42,"HS42 — Travel Goods, Handbags, Wallets, Jewelry Cases etc.",million USD,7.935737200000004
imports,hs2_sections,2022-23,80,"HS80 — Tin, Unwrought",million USD,5.8429815
imports,hs2_sections,2022-23,51,"HS51 — Fine or Coarse Animal Hair, Not Carded or Combed",million USD,5.7310319
imports,hs2_sections,2022-23,26,HS26 — Chromium Ores and Concentrates,million USD,5.514413500000001
imports,hs2_sections,2022-23,03,HS03 — Fish Frozen (Not Fish Fillets & other Fish Meat),million USD,5.431082899999999
imports,hs2_sections,2022-23,50,HS50 — Yarn Spun From Silk Waste Not for Retail Sale,million USD,4.4990662
imports,hs2_sections,2022-23,57,"HS57 — Carpets and other Textile Floor Coverings, Knotted",million USD,3.9794181999999996
imports,hs2_sections,2022-23,05,"HS05 — Guts, Bladders, Stomachs of Animals (Not Fish) Fre/Ch/Fro",million USD,3.1453281
imports,hs2_sections,2022-23,22,"HS22 — Waters, Sweetened etc and other Nonalcoholic Beverage NES,",million USD,2.7724859999999993
imports,hs2_sections,2022-23,02,"HS02 — Meat of Sheep or Goats, Fresh, Chilled or Frozen",million USD,1.4059386000000003
imports,hs2_sections,2022-23,65,"HS65 — Hats and Headgear, Knitted etc. Lace etc.",million USD,1.2688733000000003
imports,hs2_sections,2022-23,36,HS36 — Propellant Powders,million USD,0.9739843
imports,hs2_sections,2022-23,16,"HS16 — Prepared or Preserved Meat, Meat Offal and Blood NES",million USD,0.8260038
imports,hs2_sections,2022-23,66,"HS66 — Umbrellas, Sun Umbrellas and Other Umbrellas",million USD,0.7847454000000001
imports,hs2_sections,2022-23,67,"HS67 — Artificial Flowers, Foliage and Fruit Parts thereof",million USD,0.6268969999999999
imports,hs2_sections,2022-23,43,HS43 — Raw Furskins NES,million USD,0.6188759000000001
imports,hs2_sections,2022-23,06,"HS06 — Other Live Plants and their Roots NES, Cuttings and Slips,",million USD,0.45863110000000007
imports,hs2_sections,2022-23,45,HS45 — Agglomerated Cork and Articles Thereof,million USD,0.4177675
imports,hs2_sections,2022-23,46,HS46 — Plaits etc and Products of Plaiting Materials,million USD,0.1246115
imports,hs2_sections,2022-23,92,HS92 — Musical Instruments With Sound Electrically Produced etc.,million USD,0.1207141
imports,hs2_sections,2022-23,97,"HS97 — Paintings, Drawing etc By Hand",million USD,0.00132
imports,hs2_sections,2023-24,27,"HS27 — Coal, Briquettes and Ovoid etc. Manufactures of Coal",million USD,16064.70279382999
imports,hs2_sections,2023-24,85,HS85 — Electric Motors and Generators,million USD,4722.869736059991
imports,hs2_sections,2023-24,72,HS72 — Ferrous Waste and Scrap,million USD,3532.5094662000024
imports,hs2_sections,2023-24,15,HS15 — Soybean Oil and Its Fractions,million USD,2900.0036033999986
imports,hs2_sections,2023-24,29,HS29 — Acyclic Alcohols and Halogenated Derivatives,million USD,2772.928754099994
imports,hs2_sections,2023-24,84,HS84 — Parts For Combustion Engines etc.,million USD,2515.3565930700006
imports,hs2_sections,2023-24,39,"HS39 — Polymers of Ethylene, in Primary Forms",million USD,2429.017138730003
imports,hs2_sections,2023-24,52,"HS52 — Cotton, Not Carded Or Combed",million USD,1607.5319673000004
imports,hs2_sections,2023-24,87,HS87 — Parts and Accessories for Motor Vehicles,million USD,1393.3260400000001
imports,hs2_sections,2023-24,12,HS12 — Peanuts-Nut not Roasted or otherwise Cooked,million USD,1160.9529789
imports,hs2_sections,2023-24,99,HS99 — Special Transaction NES,million USD,1141.7241851999997
imports,hs2_sections,2023-24,10,"HS10 — Buckwheat, Millet and Canary Seed; other Cereals",million USD,1115.9809016000002
imports,hs2_sections,2023-24,54,"HS54 — Artificial Filament Yarn Not Sewing Thread, Not Retail",million USD,894.8183073000013
imports,hs2_sections,2023-24,38,"HS38 — Finishing Agents etc. for Textiles, Paper etc NES",million USD,885.2798884300006
imports,hs2_sections,2023-24,09,"HS09 — Pepper, Genus Piper; Genus Capsicum or Pimento",million USD,846.0824376999983
imports,hs2_sections,2023-24,28,HS28 — Carbon NES,million USD,782.2945906999995
imports,hs2_sections,2023-24,55,"HS55 — Artificial Staple Fibers, Not Carded, Combed etc.",million USD,764.0416323999998
imports,hs2_sections,2023-24,31,"HS31 — Mineral or Chemical Fertilizers, Potassic",million USD,656.0642710000001
imports,hs2_sections,2023-24,07,"HS07 — Potatoes, Fresh or Chilled",million USD,646.1157838000001
imports,hs2_sections,2023-24,90,"HS90 — Mechano-Therapy, Massage etc Apparatus",million USD,637.8436014599996
imports,hs2_sections,2023-24,32,HS32 — Synthetic Organic Coloring Matter,million USD,565.9500754699998
imports,hs2_sections,2023-24,48,"HS48 — Paper and Paperboard, Coated With Kaolin etc",million USD,491.2844131999994
imports,hs2_sections,2023-24,30,HS30 — Human Blood or Animal Blood Prepared for Therapeutic,million USD,416.92476019999987
imports,hs2_sections,2023-24,40,HS40 — Waste of Rubber and Powder Obtain thereof,million USD,387.3333504999999
imports,hs2_sections,2023-24,73,"HS73 — Screws, Bolts, Nuts, Washers etc. Iron or Steel",million USD,335.9371620900004
imports,hs2_sections,2023-24,76,HS76 — Aluminum Waste and Scrap,million USD,324.11410520000055
imports,hs2_sections,2023-24,25,"HS25 — Salt, Pure Sodium Chloride, Sea Water",million USD,230.77306970000015
imports,hs2_sections,2023-24,23,HS23 — Preparations Used In Animal Feeding,million USD,227.53874699999992
imports,hs2_sections,2023-24,47,HS47 — Waste and Scrap of Paper or Paperboard,million USD,218.07758370000022
imports,hs2_sections,2023-24,74,HS74 — Copper Foil Thickness above 0.15mm,million USD,176.21114640000002
imports,hs2_sections,2023-24,34,HS34 — Organic Surf-Act Agents and Products other than Soap,million USD,166.3715348100002
imports,hs2_sections,2023-24,89,HS89 — Vessels for Transport of Persons or Goods,million USD,160.89062470000002
imports,hs2_sections,2023-24,33,HS33 — Odoriferous Mixtures as Raw Materials for Industry,million USD,160.51968139999985
imports,hs2_sections,2023-24,60,HS60 — Knitted or Crocheted Fabrics of Rubber of Width <30 cm,million USD,145.29925169999984
imports,hs2_sections,2023-24,96,"HS96 — Buttons, Press Studs, Button Mold and Blanks etc.",million USD,132.5486267999999
imports,hs2_sections,2023-24,44,HS44 — Tableware and Kitchenware of Wood,million USD,122.04359240000008
imports,hs2_sections,2023-24,35,HS35 — Prepared Glues and Adhesives NES,million USD,115.42011079999996
imports,hs2_sections,2023-24,63,"HS63 — Used or New Rags, Scrap Twine etc of Text Material",million USD,110.79496399999994
imports,hs2_sections,2023-24,59,HS59 — Textile Products and Articles for Technical uses,million USD,109.49945549999985
imports,hs2_sections,2023-24,78,"HS78 — Lead, Unwrought",million USD,105.72588960000002
imports,hs2_sections,2023-24,58,"HS58 — Labels, Badges and Similar Type of Textiles Material",million USD,101.87799129999999
imports,hs2_sections,2023-24,56,"HS56 — Twine, Cordage, Rope and Cables",million USD,97.32226740999994
imports,hs2_sections,2023-24,21,HS21 — Food Preparations NES,million USD,95.26885539999994
imports,hs2_sections,2023-24,19,HS19 — Malt Extracts; Food Prep. of Flour etc. Under 50% Cocoa etc.,million USD,93.66449899999999
imports,hs2_sections,2023-24,04,HS04 — Cheese and Curd,million USD,83.57891349999998
imports,hs2_sections,2023-24,70,HS70 — Glass Fibers and Articles Thereof (Yarn Etc.),million USD,83.23257060000012
imports,hs2_sections,2023-24,83,"HS83 — Clasps, Frames, Buckles, Hooks etc. Beads and Spangles",million USD,71.53146849999996
imports,hs2_sections,2023-24,17,HS17 — Other Sugar NES,million USD,56.12519209999998
imports,hs2_sections,2023-24,86,HS86 — Containers for One or More Modes of Transport,million USD,53.22909590000002
imports,hs2_sections,2023-24,94,HS94 — Lamps and Lighting Fittings and Parts etc NES,million USD,51.55694030000005
imports,hs2_sections,2023-24,18,HS18 — Chocolate and other Food Products Containing Cocoa,million USD,51.136336500000006
imports,hs2_sections,2023-24,79,"HS79 — Zinc, Unwrought",million USD,45.5891735
imports,hs2_sections,2023-24,88,"HS88 — Parts of Balloons etc. Aircraft, Spacecraft etc.",million USD,41.247861500000035
imports,hs2_sections,2023-24,82,HS82 — Interchange Tools for Hand or Machine Tools,million USD,41.0945541
imports,hs2_sections,2023-24,53,"HS53 — Flax, Raw or Processed but Not Spun, Flax Tow and Waste",million USD,39.1966783
imports,hs2_sections,2023-24,69,"HS69 — Unglazed Ceramic Flags and Paving, Hearth Wall Tiles etc.",million USD,39.025855700000044
imports,hs2_sections,2023-24,68,"HS68 — Panel, Boards, Tiles & Similar Articles of Vegetable Fibre",million USD,38.53562749999994
imports,hs2_sections,2023-24,08,HS08 — Other Nuts NES Fresh or Dried Whether Shelled or Peeled,million USD,34.633826099999986
imports,hs2_sections,2023-24,95,"HS95 — Toys NES, Reduced Size, Puzzles of all Kinds",million USD,29.52447280000001
imports,hs2_sections,2023-24,41,HS41 — Raw Hides and Skins NES,million USD,28.443013599999997
imports,hs2_sections,2023-24,49,"HS49 — Printed Books, Brochures and Similar Printed Matter",million USD,26.727521400000008
imports,hs2_sections,2023-24,91,HS91 — Instrument Panel Clocks and Similar Type for Vehicle etc.,million USD,26.178773100000008
imports,hs2_sections,2023-24,37,"HS37 — Photo Plates and Film Flat, Sensitized, Unexposed",million USD,25.35146219999998
imports,hs2_sections,2023-24,64,"HS64 — Footwear, Outer Sole Rubber, Plastic or Textile",million USD,21.631875699999995
imports,hs2_sections,2023-24,13,"HS13 — Lac; Natural Gums, Resins, Gum-Resins and Balsams",million USD,20.940012900000003
imports,hs2_sections,2023-24,14,HS14 — Vegetable Products NES,million USD,20.440412800000004
imports,hs2_sections,2023-24,20,"HS20 — Vegetable, Fruit, Nuts Etc, Prep Or Pres By Vinegar Etc",million USD,18.292375400000005
imports,hs2_sections,2023-24,75,"HS75 — Nickel Tubes, Pipes and Tube or Pipe Fittings",million USD,18.291015700000006
imports,hs2_sections,2023-24,24,HS24 — Tobacco and Tobacco Refuse,million USD,16.536620799999994
imports,hs2_sections,2023-24,01,"HS01 — Live Horses, Asses, Mules and Hinnies",million USD,15.989179499999997
imports,hs2_sections,2023-24,93,HS93 — Revolvers and Pistols Designed to Fire Live Ammo,million USD,15.559102100000002
imports,hs2_sections,2023-24,11,"HS11 — Cereal Grains, Worked Like Hulled, Rolled, Flaked etc.",million USD,15.250199099999998
imports,hs2_sections,2023-24,61,"HS61 — Track Suits, Ski Suits and Swimwear Kn/Cr",million USD,14.122611299999994
imports,hs2_sections,2023-24,81,HS81 — Titanium and Articles Thereof Include. Waste and Scrap,million USD,11.217713899999996
imports,hs2_sections,2023-24,42,"HS42 — Travel Goods, Handbags, Wallets, Jewelry Cases etc.",million USD,11.022883899999998
imports,hs2_sections,2023-24,26,HS26 — Chromium Ores and Concentrates,million USD,10.550361399999995
imports,hs2_sections,2023-24,51,"HS51 — Fine or Coarse Animal Hair, Not Carded or Combed",million USD,8.1720546
imports,hs2_sections,2023-24,03,HS03 — Fish Frozen (Not Fish Fillets & other Fish Meat),million USD,7.624703900000001
imports,hs2_sections,2023-24,62,HS62 — Made-Up Clothing Accessories NES,million USD,7.202721099999996
imports,hs2_sections,2023-24,71,HS71 — Precious and Semi Precious Stones NES,million USD,6.303479300000001
imports,hs2_sections,2023-24,80,"HS80 — Tin, Unwrought",million USD,6.075532799999999
imports,hs2_sections,2023-24,57,"HS57 — Carpets and other Textile Floor Coverings, Knotted",million USD,6.009830799999995
imports,hs2_sections,2023-24,50,HS50 — Yarn Spun From Silk Waste Not for Retail Sale,million USD,4.9291387
imports,hs2_sections,2023-24,36,HS36 — Propellant Powders,million USD,4.072982799999999
imports,hs2_sections,2023-24,05,"HS05 — Guts, Bladders, Stomachs of Animals (Not Fish) Fre/Ch/Fro",million USD,3.803244399999999
imports,hs2_sections,2023-24,22,"HS22 — Waters, Sweetened etc and other Nonalcoholic Beverage NES,",million USD,1.7020501999999997
imports,hs2_sections,2023-24,65,"HS65 — Hats and Headgear, Knitted etc. Lace etc.",million USD,1.5496293
imports,hs2_sections,2023-24,43,HS43 — Raw Furskins NES,million USD,1.0420109999999998
imports,hs2_sections,2023-24,97,"HS97 — Paintings, Drawing etc By Hand",million USD,0.8529325999999998
imports,hs2_sections,2023-24,02,"HS02 — Meat of Sheep or Goats, Fresh, Chilled or Frozen",million USD,0.7341772999999998
imports,hs2_sections,2023-24,16,"HS16 — Prepared or Preserved Meat, Meat Offal and Blood NES",million USD,0.4749381
imports,hs2_sections,2023-24,45,HS45 — Agglomerated Cork and Articles Thereof,million USD,0.4012496
imports,hs2_sections,2023-24,66,"HS66 — Umbrellas, Sun Umbrellas and Other Umbrellas",million USD,0.2675637
imports,hs2_sections,2023-24,67,"HS67 — Artificial Flowers, Foliage and Fruit Parts thereof",million USD,0.21175180000000002
imports,hs2_sections,2023-24,06,"HS06 — Other Live Plants and their Roots NES, Cuttings and Slips,",million USD,0.1830565
imports,hs2_sections,2023-24,92,HS92 — Musical Instruments With Sound Electrically Produced etc.,million USD,0.17255240000000002
imports,hs2_sections,2023-24,46,HS46 — Plaits etc and Products of Plaiting Materials,million USD,0.16380070000000002
imports,hs2_sections,2024-25,27,"HS27 — Coal, Briquettes and Ovoid etc. Manufactures of Coal",million USD,15902.720010699994
imports,hs2_sections,2024-25,85,HS85 — Electric Motors and Generators,million USD,5195.214681900005
imports,hs2_sections,2024-25,15,HS15 — Soybean Oil and Its Fractions,million USD,3928.1005676999926
imports,hs2_sections,2024-25,72,HS72 — Ferrous Waste and Scrap,million USD,3774.326979099998
imports,hs2_sections,2024-25,84,HS84 — Parts For Combustion Engines etc.,million USD,3253.922364499993
imports,hs2_sections,2024-25,52,"HS52 — Cotton, Not Carded Or Combed",million USD,3130.3612343999994
imports,hs2_sections,2024-25,29,HS29 — Acyclic Alcohols and Halogenated Derivatives,million USD,2724.7969074000066
imports,hs2_sections,2024-25,39,"HS39 — Polymers of Ethylene, in Primary Forms",million USD,2653.871042799997
imports,hs2_sections,2024-25,87,HS87 — Parts and Accessories for Motor Vehicles,million USD,1978.8028069999984
imports,hs2_sections,2024-25,12,HS12 — Peanuts-Nut not Roasted or otherwise Cooked,million USD,1336.7906588000017
imports,hs2_sections,2024-25,99,HS99 — Special Transaction NES,million USD,1050.5468397000004
imports,hs2_sections,2024-25,54,"HS54 — Artificial Filament Yarn Not Sewing Thread, Not Retail",million USD,989.8972888000017
imports,hs2_sections,2024-25,07,"HS07 — Potatoes, Fresh or Chilled",million USD,954.2596506999996
imports,hs2_sections,2024-25,55,"HS55 — Artificial Staple Fibers, Not Carded, Combed etc.",million USD,855.9278050999994
imports,hs2_sections,2024-25,38,"HS38 — Finishing Agents etc. for Textiles, Paper etc NES",million USD,839.9636023999992
imports,hs2_sections,2024-25,09,"HS09 — Pepper, Genus Piper; Genus Capsicum or Pimento",million USD,776.5562796000012
imports,hs2_sections,2024-25,28,HS28 — Carbon NES,million USD,768.7657974999979
imports,hs2_sections,2024-25,90,"HS90 — Mechano-Therapy, Massage etc Apparatus",million USD,709.1435130999969
imports,hs2_sections,2024-25,31,"HS31 — Mineral or Chemical Fertilizers, Potassic",million USD,664.4953227999998
imports,hs2_sections,2024-25,32,HS32 — Synthetic Organic Coloring Matter,million USD,574.9436917999988
imports,hs2_sections,2024-25,40,HS40 — Waste of Rubber and Powder Obtain thereof,million USD,524.6335636000016
imports,hs2_sections,2024-25,48,"HS48 — Paper and Paperboard, Coated With Kaolin etc",million USD,510.56742960000076
imports,hs2_sections,2024-25,30,HS30 — Human Blood or Animal Blood Prepared for Therapeutic,million USD,458.5045069000002
imports,hs2_sections,2024-25,73,"HS73 — Screws, Bolts, Nuts, Washers etc. Iron or Steel",million USD,392.20174369999944
imports,hs2_sections,2024-25,76,HS76 — Aluminum Waste and Scrap,million USD,375.98388919999985
imports,hs2_sections,2024-25,74,HS74 — Copper Foil Thickness above 0.15mm,million USD,238.73812650000016
imports,hs2_sections,2024-25,25,"HS25 — Salt, Pure Sodium Chloride, Sea Water",million USD,212.96743870000006
imports,hs2_sections,2024-25,60,HS60 — Knitted or Crocheted Fabrics of Rubber of Width <30 cm,million USD,209.9424641
imports,hs2_sections,2024-25,34,HS34 — Organic Surf-Act Agents and Products other than Soap,million USD,207.2589989999999
imports,hs2_sections,2024-25,47,HS47 — Waste and Scrap of Paper or Paperboard,million USD,206.45656029999992
imports,hs2_sections,2024-25,23,HS23 — Preparations Used In Animal Feeding,million USD,199.81103369999994
imports,hs2_sections,2024-25,33,HS33 — Odoriferous Mixtures as Raw Materials for Industry,million USD,183.61070720000018
imports,hs2_sections,2024-25,63,"HS63 — Used or New Rags, Scrap Twine etc of Text Material",million USD,175.41009929999996
imports,hs2_sections,2024-25,96,"HS96 — Buttons, Press Studs, Button Mold and Blanks etc.",million USD,156.79688839999994
imports,hs2_sections,2024-25,10,"HS10 — Buckwheat, Millet and Canary Seed; other Cereals",million USD,137.2412081
imports,hs2_sections,2024-25,59,HS59 — Textile Products and Articles for Technical uses,million USD,136.904604
imports,hs2_sections,2024-25,78,"HS78 — Lead, Unwrought",million USD,122.30579469999996
imports,hs2_sections,2024-25,44,HS44 — Tableware and Kitchenware of Wood,million USD,120.23086209999997
imports,hs2_sections,2024-25,35,HS35 — Prepared Glues and Adhesives NES,million USD,119.17097589999999
imports,hs2_sections,2024-25,58,"HS58 — Labels, Badges and Similar Type of Textiles Material",million USD,117.04826169999997
imports,hs2_sections,2024-25,70,HS70 — Glass Fibers and Articles Thereof (Yarn Etc.),million USD,114.57900299999997
imports,hs2_sections,2024-25,19,HS19 — Malt Extracts; Food Prep. of Flour etc. Under 50% Cocoa etc.,million USD,111.35254669999982
imports,hs2_sections,2024-25,18,HS18 — Chocolate and other Food Products Containing Cocoa,million USD,107.40843489999997
imports,hs2_sections,2024-25,83,"HS83 — Clasps, Frames, Buckles, Hooks etc. Beads and Spangles",million USD,106.74357810000004
imports,hs2_sections,2024-25,21,HS21 — Food Preparations NES,million USD,100.36522700000005
imports,hs2_sections,2024-25,56,"HS56 — Twine, Cordage, Rope and Cables",million USD,96.42477529999996
imports,hs2_sections,2024-25,88,"HS88 — Parts of Balloons etc. Aircraft, Spacecraft etc.",million USD,79.89424030000002
imports,hs2_sections,2024-25,94,HS94 — Lamps and Lighting Fittings and Parts etc NES,million USD,79.26503760000003
imports,hs2_sections,2024-25,82,HS82 — Interchange Tools for Hand or Machine Tools,million USD,74.70205409999998
imports,hs2_sections,2024-25,89,HS89 — Vessels for Transport of Persons or Goods,million USD,66.83434500000004
imports,hs2_sections,2024-25,08,HS08 — Other Nuts NES Fresh or Dried Whether Shelled or Peeled,million USD,65.11304710000006
imports,hs2_sections,2024-25,04,HS04 — Cheese and Curd,million USD,63.59232489999992
imports,hs2_sections,2024-25,69,"HS69 — Unglazed Ceramic Flags and Paving, Hearth Wall Tiles etc.",million USD,57.018484700000016
imports,hs2_sections,2024-25,79,"HS79 — Zinc, Unwrought",million USD,53.077940700000006
imports,hs2_sections,2024-25,68,"HS68 — Panel, Boards, Tiles & Similar Articles of Vegetable Fibre",million USD,49.61641610000006
imports,hs2_sections,2024-25,17,HS17 — Other Sugar NES,million USD,44.043197699999986
imports,hs2_sections,2024-25,53,"HS53 — Flax, Raw or Processed but Not Spun, Flax Tow and Waste",million USD,42.134673699999986
imports,hs2_sections,2024-25,41,HS41 — Raw Hides and Skins NES,million USD,39.715608200000034
imports,hs2_sections,2024-25,86,HS86 — Containers for One or More Modes of Transport,million USD,39.405311300000015
imports,hs2_sections,2024-25,95,"HS95 — Toys NES, Reduced Size, Puzzles of all Kinds",million USD,34.81308300000004
imports,hs2_sections,2024-25,24,HS24 — Tobacco and Tobacco Refuse,million USD,34.60536809999999
imports,hs2_sections,2024-25,64,"HS64 — Footwear, Outer Sole Rubber, Plastic or Textile",million USD,31.77029340000003
imports,hs2_sections,2024-25,37,"HS37 — Photo Plates and Film Flat, Sensitized, Unexposed",million USD,27.71340000000001
imports,hs2_sections,2024-25,49,"HS49 — Printed Books, Brochures and Similar Printed Matter",million USD,26.794451599999988
imports,hs2_sections,2024-25,20,"HS20 — Vegetable, Fruit, Nuts Etc, Prep Or Pres By Vinegar Etc",million USD,25.377605600000024
imports,hs2_sections,2024-25,93,HS93 — Revolvers and Pistols Designed to Fire Live Ammo,million USD,24.884627200000008
imports,hs2_sections,2024-25,14,HS14 — Vegetable Products NES,million USD,21.982253899999993
imports,hs2_sections,2024-25,91,HS91 — Instrument Panel Clocks and Similar Type for Vehicle etc.,million USD,21.431040900000006
imports,hs2_sections,2024-25,13,"HS13 — Lac; Natural Gums, Resins, Gum-Resins and Balsams",million USD,19.62503249999999
imports,hs2_sections,2024-25,75,"HS75 — Nickel Tubes, Pipes and Tube or Pipe Fittings",million USD,18.939737900000004
imports,hs2_sections,2024-25,61,"HS61 — Track Suits, Ski Suits and Swimwear Kn/Cr",million USD,17.988942299999998
imports,hs2_sections,2024-25,81,HS81 — Titanium and Articles Thereof Include. Waste and Scrap,million USD,17.397543000000002
imports,hs2_sections,2024-25,11,"HS11 — Cereal Grains, Worked Like Hulled, Rolled, Flaked etc.",million USD,16.250296700000003
imports,hs2_sections,2024-25,42,"HS42 — Travel Goods, Handbags, Wallets, Jewelry Cases etc.",million USD,16.060375900000007
imports,hs2_sections,2024-25,71,HS71 — Precious and Semi Precious Stones NES,million USD,14.011799000000005
imports,hs2_sections,2024-25,01,"HS01 — Live Horses, Asses, Mules and Hinnies",million USD,11.907007999999996
imports,hs2_sections,2024-25,62,HS62 — Made-Up Clothing Accessories NES,million USD,9.352018699999995
imports,hs2_sections,2024-25,26,HS26 — Chromium Ores and Concentrates,million USD,9.074706200000003
imports,hs2_sections,2024-25,51,"HS51 — Fine or Coarse Animal Hair, Not Carded or Combed",million USD,8.691447099999994
imports,hs2_sections,2024-25,03,HS03 — Fish Frozen (Not Fish Fillets & other Fish Meat),million USD,7.761093099999999
imports,hs2_sections,2024-25,57,"HS57 — Carpets and other Textile Floor Coverings, Knotted",million USD,7.5931060000000015
imports,hs2_sections,2024-25,80,"HS80 — Tin, Unwrought",million USD,6.728373200000001
imports,hs2_sections,2024-25,22,"HS22 — Waters, Sweetened etc and other Nonalcoholic Beverage NES,",million USD,5.964185399999998
imports,hs2_sections,2024-25,50,HS50 — Yarn Spun From Silk Waste Not for Retail Sale,million USD,5.579640700000001
imports,hs2_sections,2024-25,05,"HS05 — Guts, Bladders, Stomachs of Animals (Not Fish) Fre/Ch/Fro",million USD,4.004345799999999
imports,hs2_sections,2024-25,65,"HS65 — Hats and Headgear, Knitted etc. Lace etc.",million USD,2.995191400000001
imports,hs2_sections,2024-25,36,HS36 — Propellant Powders,million USD,2.2790482
imports,hs2_sections,2024-25,02,"HS02 — Meat of Sheep or Goats, Fresh, Chilled or Frozen",million USD,1.6038290000000002
imports,hs2_sections,2024-25,97,"HS97 — Paintings, Drawing etc By Hand",million USD,1.4387083999999999
imports,hs2_sections,2024-25,16,"HS16 — Prepared or Preserved Meat, Meat Offal and Blood NES",million USD,0.9830190999999999
imports,hs2_sections,2024-25,43,HS43 — Raw Furskins NES,million USD,0.9718411000000001
imports,hs2_sections,2024-25,67,"HS67 — Artificial Flowers, Foliage and Fruit Parts thereof",million USD,0.7216630999999997
imports,hs2_sections,2024-25,66,"HS66 — Umbrellas, Sun Umbrellas and Other Umbrellas",million USD,0.4558564000000001
imports,hs2_sections,2024-25,92,HS92 — Musical Instruments With Sound Electrically Produced etc.,million USD,0.4454536999999999
imports,hs2_sections,2024-25,45,HS45 — Agglomerated Cork and Articles Thereof,million USD,0.4201017000000001
imports,hs2_sections,2024-25,06,"HS06 — Other Live Plants and their Roots NES, Cuttings and Slips,",million USD,0.22549180000000002
imports,hs2_sections,2024-25,46,HS46 — Plaits etc and Products of Plaiting Materials,million USD,0.17148560000000002
imports,hs2_sections,2025-26,27,"HS27 — Coal, Briquettes and Ovoid etc. Manufactures of Coal",million USD,9566.112136400005
imports,hs2_sections,2025-26,85,HS85 — Electric Motors and Generators,million USD,3052.0480195299997
imports,hs2_sections,2025-26,84,HS84 — Parts For Combustion Engines etc.,million USD,2375.153388129996
imports,hs2_sections,2025-26,72,HS72 — Ferrous Waste and Scrap,million USD,2306.5976085999973
imports,hs2_sections,2025-26,15,HS15 — Soybean Oil and Its Fractions,million USD,2287.133722300004
imports,hs2_sections,2025-26,87,HS87 — Parts and Accessories for Motor Vehicles,million USD,1962.6047953999996
imports,hs2_sections,2025-26,29,HS29 — Acyclic Alcohols and Halogenated Derivatives,million USD,1638.7154657000037
imports,hs2_sections,2025-26,39,"HS39 — Polymers of Ethylene, in Primary Forms",million USD,1614.7514067999964
imports,hs2_sections,2025-26,52,"HS52 — Cotton, Not Carded Or Combed",million USD,1235.4205089999998
imports,hs2_sections,2025-26,12,HS12 — Peanuts-Nut not Roasted or otherwise Cooked,million USD,944.2521307000006
imports,hs2_sections,2025-26,99,HS99 — Special Transaction NES,million USD,699.0819808999998
imports,hs2_sections,2025-26,54,"HS54 — Artificial Filament Yarn Not Sewing Thread, Not Retail",million USD,635.9284273999996
imports,hs2_sections,2025-26,55,"HS55 — Artificial Staple Fibers, Not Carded, Combed etc.",million USD,565.1578400999999
imports,hs2_sections,2025-26,28,HS28 — Carbon NES,million USD,555.6900947
imports,hs2_sections,2025-26,38,"HS38 — Finishing Agents etc. for Textiles, Paper etc NES",million USD,529.7255496599996
imports,hs2_sections,2025-26,09,"HS09 — Pepper, Genus Piper; Genus Capsicum or Pimento",million USD,503.53952600000014
imports,hs2_sections,2025-26,90,"HS90 — Mechano-Therapy, Massage etc Apparatus",million USD,487.42987471999925
imports,hs2_sections,2025-26,07,"HS07 — Potatoes, Fresh or Chilled",million USD,454.6723108
imports,hs2_sections,2025-26,31,"HS31 — Mineral or Chemical Fertilizers, Potassic",million USD,414.25498580000004
imports,hs2_sections,2025-26,40,HS40 — Waste of Rubber and Powder Obtain thereof,million USD,397.43199706000047
imports,hs2_sections,2025-26,32,HS32 — Synthetic Organic Coloring Matter,million USD,369.99832960000015
imports,hs2_sections,2025-26,30,HS30 — Human Blood or Animal Blood Prepared for Therapeutic,million USD,329.1077675999999
imports,hs2_sections,2025-26,48,"HS48 — Paper and Paperboard, Coated With Kaolin etc",million USD,315.3817424999998
imports,hs2_sections,2025-26,73,"HS73 — Screws, Bolts, Nuts, Washers etc. Iron or Steel",million USD,282.74247750999956
imports,hs2_sections,2025-26,76,HS76 — Aluminum Waste and Scrap,million USD,228.3581649000002
imports,hs2_sections,2025-26,17,HS17 — Other Sugar NES,million USD,196.26900930000005
imports,hs2_sections,2025-26,74,HS74 — Copper Foil Thickness above 0.15mm,million USD,180.57996579999994
imports,hs2_sections,2025-26,60,HS60 — Knitted or Crocheted Fabrics of Rubber of Width <30 cm,million USD,175.27366190000006
imports,hs2_sections,2025-26,34,HS34 — Organic Surf-Act Agents and Products other than Soap,million USD,148.3837107699999
imports,hs2_sections,2025-26,63,"HS63 — Used or New Rags, Scrap Twine etc of Text Material",million USD,127.37755789999996
imports,hs2_sections,2025-26,47,HS47 — Waste and Scrap of Paper or Paperboard,million USD,124.32687589999998
imports,hs2_sections,2025-26,33,HS33 — Odoriferous Mixtures as Raw Materials for Industry,million USD,116.15149870000003
imports,hs2_sections,2025-26,23,HS23 — Preparations Used In Animal Feeding,million USD,105.77306240000001
imports,hs2_sections,2025-26,25,"HS25 — Salt, Pure Sodium Chloride, Sea Water",million USD,105.15512470000004
imports,hs2_sections,2025-26,96,"HS96 — Buttons, Press Studs, Button Mold and Blanks etc.",million USD,100.87439579999995
imports,hs2_sections,2025-26,59,HS59 — Textile Products and Articles for Technical uses,million USD,93.37342949999986
imports,hs2_sections,2025-26,58,"HS58 — Labels, Badges and Similar Type of Textiles Material",million USD,91.0480200000001
imports,hs2_sections,2025-26,44,HS44 — Tableware and Kitchenware of Wood,million USD,89.82530440000001
imports,hs2_sections,2025-26,35,HS35 — Prepared Glues and Adhesives NES,million USD,86.10456809999998
imports,hs2_sections,2025-26,19,HS19 — Malt Extracts; Food Prep. of Flour etc. Under 50% Cocoa etc.,million USD,85.42124560000003
imports,hs2_sections,2025-26,88,"HS88 — Parts of Balloons etc. Aircraft, Spacecraft etc.",million USD,78.18091500000003
imports,hs2_sections,2025-26,70,HS70 — Glass Fibers and Articles Thereof (Yarn Etc.),million USD,76.36471339999996
imports,hs2_sections,2025-26,08,HS08 — Other Nuts NES Fresh or Dried Whether Shelled or Peeled,million USD,70.78832199999998
imports,hs2_sections,2025-26,83,"HS83 — Clasps, Frames, Buckles, Hooks etc. Beads and Spangles",million USD,70.53585359999992
imports,hs2_sections,2025-26,10,"HS10 — Buckwheat, Millet and Canary Seed; other Cereals",million USD,70.08757820000001
imports,hs2_sections,2025-26,56,"HS56 — Twine, Cordage, Rope and Cables",million USD,69.28451129999998
imports,hs2_sections,2025-26,21,HS21 — Food Preparations NES,million USD,67.14884930000005
imports,hs2_sections,2025-26,94,HS94 — Lamps and Lighting Fittings and Parts etc NES,million USD,57.59057089999995
imports,hs2_sections,2025-26,82,HS82 — Interchange Tools for Hand or Machine Tools,million USD,55.21861859999998
imports,hs2_sections,2025-26,18,HS18 — Chocolate and other Food Products Containing Cocoa,million USD,55.064832500000016
imports,hs2_sections,2025-26,78,"HS78 — Lead, Unwrought",million USD,46.35095079999999
imports,hs2_sections,2025-26,79,"HS79 — Zinc, Unwrought",million USD,43.80822689999999
imports,hs2_sections,2025-26,89,HS89 — Vessels for Transport of Persons or Goods,million USD,40.458011299999995
imports,hs2_sections,2025-26,04,HS04 — Cheese and Curd,million USD,38.891952899999986
imports,hs2_sections,2025-26,68,"HS68 — Panel, Boards, Tiles & Similar Articles of Vegetable Fibre",million USD,34.60138029999995
imports,hs2_sections,2025-26,69,"HS69 — Unglazed Ceramic Flags and Paving, Hearth Wall Tiles etc.",million USD,30.90739279999999
imports,hs2_sections,2025-26,95,"HS95 — Toys NES, Reduced Size, Puzzles of all Kinds",million USD,30.27102190000002
imports,hs2_sections,2025-26,86,HS86 — Containers for One or More Modes of Transport,million USD,25.857476599999995
imports,hs2_sections,2025-26,64,"HS64 — Footwear, Outer Sole Rubber, Plastic or Textile",million USD,25.30369069999999
imports,hs2_sections,2025-26,41,HS41 — Raw Hides and Skins NES,million USD,24.766231299999976
imports,hs2_sections,2025-26,61,"HS61 — Track Suits, Ski Suits and Swimwear Kn/Cr",million USD,22.665237499999993
imports,hs2_sections,2025-26,49,"HS49 — Printed Books, Brochures and Similar Printed Matter",million USD,22.175822599999993
imports,hs2_sections,2025-26,93,HS93 — Revolvers and Pistols Designed to Fire Live Ammo,million USD,18.191673099999996
imports,hs2_sections,2025-26,14,HS14 — Vegetable Products NES,million USD,16.746081099999998
imports,hs2_sections,2025-26,20,"HS20 — Vegetable, Fruit, Nuts Etc, Prep Or Pres By Vinegar Etc",million USD,16.189659600000006
imports,hs2_sections,2025-26,37,"HS37 — Photo Plates and Film Flat, Sensitized, Unexposed",million USD,15.5850462
imports,hs2_sections,2025-26,53,"HS53 — Flax, Raw or Processed but Not Spun, Flax Tow and Waste",million USD,15.004544399999999
imports,hs2_sections,2025-26,03,HS03 — Fish Frozen (Not Fish Fillets & other Fish Meat),million USD,14.892925900000003
imports,hs2_sections,2025-26,75,"HS75 — Nickel Tubes, Pipes and Tube or Pipe Fittings",million USD,14.143132800000005
imports,hs2_sections,2025-26,91,HS91 — Instrument Panel Clocks and Similar Type for Vehicle etc.,million USD,13.438189899999996
imports,hs2_sections,2025-26,42,"HS42 — Travel Goods, Handbags, Wallets, Jewelry Cases etc.",million USD,13.27905829999999
imports,hs2_sections,2025-26,13,"HS13 — Lac; Natural Gums, Resins, Gum-Resins and Balsams",million USD,11.870339099999994
imports,hs2_sections,2025-26,01,"HS01 — Live Horses, Asses, Mules and Hinnies",million USD,11.5566608
imports,hs2_sections,2025-26,62,HS62 — Made-Up Clothing Accessories NES,million USD,10.830037499999998
imports,hs2_sections,2025-26,11,"HS11 — Cereal Grains, Worked Like Hulled, Rolled, Flaked etc.",million USD,10.738255199999994
imports,hs2_sections,2025-26,24,HS24 — Tobacco and Tobacco Refuse,million USD,8.650872899999998
imports,hs2_sections,2025-26,26,HS26 — Chromium Ores and Concentrates,million USD,6.4347878
imports,hs2_sections,2025-26,57,"HS57 — Carpets and other Textile Floor Coverings, Knotted",million USD,5.8962182
imports,hs2_sections,2025-26,71,HS71 — Precious and Semi Precious Stones NES,million USD,5.733913399999999
imports,hs2_sections,2025-26,80,"HS80 — Tin, Unwrought",million USD,5.7041428000000005
imports,hs2_sections,2025-26,65,"HS65 — Hats and Headgear, Knitted etc. Lace etc.",million USD,5.418723699999998
imports,hs2_sections,2025-26,81,HS81 — Titanium and Articles Thereof Include. Waste and Scrap,million USD,5.3659798
imports,hs2_sections,2025-26,51,"HS51 — Fine or Coarse Animal Hair, Not Carded or Combed",million USD,5.134523200000002
imports,hs2_sections,2025-26,50,HS50 — Yarn Spun From Silk Waste Not for Retail Sale,million USD,4.0476913
imports,hs2_sections,2025-26,22,"HS22 — Waters, Sweetened etc and other Nonalcoholic Beverage NES,",million USD,3.6026708999999992
imports,hs2_sections,2025-26,05,"HS05 — Guts, Bladders, Stomachs of Animals (Not Fish) Fre/Ch/Fro",million USD,3.0996286
imports,hs2_sections,2025-26,36,HS36 — Propellant Powders,million USD,2.3102719999999994
imports,hs2_sections,2025-26,02,"HS02 — Meat of Sheep or Goats, Fresh, Chilled or Frozen",million USD,1.8350083
imports,hs2_sections,2025-26,97,"HS97 — Paintings, Drawing etc By Hand",million USD,0.9136420000000001
imports,hs2_sections,2025-26,67,"HS67 — Artificial Flowers, Foliage and Fruit Parts thereof",million USD,0.8258447
imports,hs2_sections,2025-26,43,HS43 — Raw Furskins NES,million USD,0.7572070000000001
imports,hs2_sections,2025-26,66,"HS66 — Umbrellas, Sun Umbrellas and Other Umbrellas",million USD,0.748592
imports,hs2_sections,2025-26,16,"HS16 — Prepared or Preserved Meat, Meat Offal and Blood NES",million USD,0.7027372
imports,hs2_sections,2025-26,92,HS92 — Musical Instruments With Sound Electrically Produced etc.,million USD,0.4197503
imports,hs2_sections,2025-26,06,"HS06 — Other Live Plants and their Roots NES, Cuttings and Slips,",million USD,0.30874169999999995
imports,hs2_sections,2025-26,46,HS46 — Plaits etc and Products of Plaiting Materials,million USD,0.18944439999999999
imports,hs2_sections,2025-26,45,HS45 — Agglomerated Cork and Articles Thereof,million USD,0.17686529999999998
